"DESCRIPTION","DURATION IN MS","NAME","PARENT SUITE","START TIME","STATUS","STOP TIME","SUB SUITE","SUITE","TEST CLASS","TEST METHOD"
"","0","returns false for nil","util.lib","Tue Aug 18 14:36:54 UTC 2026","passed","Tue Aug 18 14:36:54 UTC 2026","","is_transcriber","",""
"","181","allows a presence update that keeps the same resource","mod_muc_resource_validate","Tue Aug 18 14:39:41 UTC 2026","passed","Tue Aug 18 14:39:42 UTC 2026","","","",""
"","337","exposes the request map to jicofo but not to regular clients","mod_audio_translation_component","Tue Aug 18 14:37:35 UTC 2026","passed","Tue Aug 18 14:37:35 UTC 2026","","aggregation across receivers","",""
"","193","kicks the old device when the same user joins from a new device","mod_muc_flip","Tue Aug 18 14:39:04 UTC 2026","passed","Tue Aug 18 14:39:04 UTC 2026","","flip","",""
"","642","does not remove an occupant before authorizing the affiliation change","mod_muc_lobby_rooms","Tue Aug 18 14:39:13 UTC 2026","passed","Tue Aug 18 14:39:14 UTC 2026","","admin-set nick reservation","",""
"","0","returns the index of a found value","util.lib","Tue Aug 18 14:36:54 UTC 2026","passed","Tue Aug 18 14:36:54 UTC 2026","table_find","table helpers","",""
"","0","encodes two-byte form for 255","jwk.lib","Tue Aug 18 14:36:53 UTC 2026","passed","Tue Aug 18 14:36:53 UTC 2026","encode_length","ASN1","",""
"","202","correctly assigns different roles to moderator and non-moderator in same room","mod_token_affiliation","Tue Aug 18 14:40:36 UTC 2026","passed","Tue Aug 18 14:40:37 UTC 2026","","","",""
"","1091","non-occupant (connected but not joined) cannot update metadata","mod_room_metadata_component","Tue Aug 18 14:39:59 UTC 2026","passed","Tue Aug 18 14:40:00 UTC 2026","","authorization","",""
"","133","moderator token user who bypasses lobby with room password gets moderator role","mod_muc_lobby_rooms","Tue Aug 18 14:39:13 UTC 2026","passed","Tue Aug 18 14:39:13 UTC 2026","","token_affiliation interaction","",""
"","82","returns lobbyEnabled: true when lobby is enabled","mod_muc_password_check","Tue Aug 18 14:39:20 UTC 2026","passed","Tue Aug 18 14:39:21 UTC 2026","","GET room info","",""
"","543","all non-admin occupants of the main room receive the update broadcast","mod_muc_breakout_rooms","Tue Aug 18 14:38:33 UTC 2026","passed","Tue Aug 18 14:38:34 UTC 2026","","create breakout room","",""
"","80","GET returns 403 when token is invalid","mod_muc_password_check","Tue Aug 18 14:39:20 UTC 2026","passed","Tue Aug 18 14:39:20 UTC 2026","","authentication","",""
"","448","participant count decreases after a client leaves","mod_muc_size","Tue Aug 18 14:39:42 UTC 2026","passed","Tue Aug 18 14:39:42 UTC 2026","","GET /room-size","",""
"","0","returns false when keys differ","util.lib","Tue Aug 18 14:36:54 UTC 2026","passed","Tue Aug 18 14:36:54 UTC 2026","table_equals","table helpers","",""
"","1175","an oversized payload is rejected","mod_polls_component","Tue Aug 18 14:39:52 UTC 2026","passed","Tue Aug 18 14:39:53 UTC 2026","","validation","",""
"","0","returns the matched prefix value (table)","util.lib","Tue Aug 18 14:36:54 UTC 2026","passed","Tue Aug 18 14:36:54 UTC 2026","","starts_with_one_of","",""
"","435","passes stop IQ when features.livestreaming = true","mod_filter_iq_jibri (feature-based authorization)","Tue Aug 18 14:38:05 UTC 2026","passed","Tue Aug 18 14:38:06 UTC 2026","","livestreaming (recording_mode=stream)","",""
"","837","moderator can rename a breakout room and receives an update with the new name","mod_muc_breakout_rooms","Tue Aug 18 14:38:36 UTC 2026","passed","Tue Aug 18 14:38:36 UTC 2026","","rename breakout room","",""
"","0","recognises sipjibriina@ prefix","util.lib","Tue Aug 18 14:36:54 UTC 2026","passed","Tue Aug 18 14:36:54 UTC 2026","","get_sip_jibri_email_prefix","",""
"","538","rejects a JSON payload that is not an object","mod_audio_translation_component","Tue Aug 18 14:37:17 UTC 2026","passed","Tue Aug 18 14:37:17 UTC 2026","","routing and parsing","",""
"","67","returns 403 when Authorization header is absent","mod_muc_kick_participant","Tue Aug 18 14:39:07 UTC 2026","passed","Tue Aug 18 14:39:07 UTC 2026","","authentication","",""
"","0","returns false when no prefix in Set matches","util.lib","Tue Aug 18 14:36:54 UTC 2026","passed","Tue Aug 18 14:36:54 UTC 2026","","starts_with_one_of","",""
"","442","blocks IQ when context.features present but transcription key absent","mod_filter_iq_rayo (feature-based authorization)","Tue Aug 18 14:38:14 UTC 2026","passed","Tue Aug 18 14:38:15 UTC 2026","","transcription (dial to jitsi_meet_transcribe)","",""
"","196","non-moderator receives full presence when hideDisplayNameForGuests is false","mod_muc_displayname — hideDisplayNameForGuests","Tue Aug 18 14:38:57 UTC 2026","passed","Tue Aug 18 14:38:58 UTC 2026","","","",""
"","5","returns 404 when room does not exist","mod_system_chat_message","Tue Aug 18 14:40:35 UTC 2026","passed","Tue Aug 18 14:40:35 UTC 2026","","room lookup","",""
"","395","room broadcast is sent when cap is first hit","mod_muc_limit_messages","Tue Aug 18 14:39:08 UTC 2026","passed","Tue Aug 18 14:39:08 UTC 2026","","","",""
"","141","non-moderator token holder is blocked by lobby","mod_muc_lobby_rooms","Tue Aug 18 14:39:13 UTC 2026","passed","Tue Aug 18 14:39:13 UTC 2026","","token_affiliation interaction","",""
"","0","silently ignores invalid JSON in app_data (cjson.safe: returns nil, no throw)","mod_jibri_session","Tue Aug 18 14:36:54 UTC 2026","passed","Tue Aug 18 14:36:54 UTC 2026","","malformed app_data","",""
"","0","returns true for focus@auth.example.com/resource","util.lib","Tue Aug 18 14:36:54 UTC 2026","passed","Tue Aug 18 14:36:54 UTC 2026","","is_focus_jid","",""
"","142","non-occupant disco#info to an existing room succeeds","mod_muc_hide_all","Tue Aug 18 14:39:05 UTC 2026","passed","Tue Aug 18 14:39:06 UTC 2026","","when module is disabled","",""
"","196","requires first device to be in main room for flip to proceed","mod_muc_flip","Tue Aug 18 14:39:05 UTC 2026","passed","Tue Aug 18 14:39:05 UTC 2026","","lobby interactions","",""
"","0","context.group falls back to granted_jitsi_meet_context_group_id","mod_short_lived_token","Tue Aug 18 14:36:54 UTC 2026","passed","Tue Aug 18 14:36:54 UTC 2026","","generateToken payload","",""
"","1140","moderator cannot set blocked key ""participants""","mod_room_metadata_component","Tue Aug 18 14:40:06 UTC 2026","passed","Tue Aug 18 14:40:07 UTC 2026","","blocked keys","",""
"","0","ignores a jibri IQ with no action attribute","mod_jibri_session","Tue Aug 18 14:36:54 UTC 2026","passed","Tue Aug 18 14:36:54 UTC 2026","","non-matching stanzas pass through unchanged","",""
"","0","returns true when feature value is the string 'true'","util.lib","Tue Aug 18 14:36:54 UTC 2026","passed","Tue Aug 18 14:36:54 UTC 2026","","is_feature_allowed","",""
"","0","produces a single element when delimiter is absent","util.lib","Tue Aug 18 14:36:54 UTC 2026","passed","Tue Aug 18 14:36:54 UTC 2026","","split_string","",""
"","8","rejects connection when token is missing the sub claim","mod_token_verification","Tue Aug 18 14:40:37 UTC 2026","passed","Tue Aug 18 14:40:37 UTC 2026","","join access control","",""
"","441","clears a sender when its listener leaves the room","mod_audio_translation_component","Tue Aug 18 14:37:42 UTC 2026","passed","Tue Aug 18 14:37:42 UTC 2026","","directed listeners push (translation-listeners)","",""
"","534","HTTP error from access manager does not ban the user (fail open)","mod_muc_auth_ban","Tue Aug 18 14:38:28 UTC 2026","passed","Tue Aug 18 14:38:29 UTC 2026","","","",""
"","0","increments count between calls producing distinct filenames","mod_debug_traceback","Tue Aug 18 14:36:54 UTC 2026","passed","Tue Aug 18 14:36:54 UTC 2026","","dump_traceback()","",""
"","8","sets session.jitsi_web_query_prefix from ?prefix query param","mod_jitsi_session","Tue Aug 18 14:38:24 UTC 2026","passed","Tue Aug 18 14:38:24 UTC 2026","","","",""
"","0","rewrites both 'to' and 'from' when both are set","mod_muc_domain_mapper","Tue Aug 18 14:36:54 UTC 2026","passed","Tue Aug 18 14:36:54 UTC 2026","message stanzas","filter_stanza","",""
"","0","returns nil for unrecognised email","util.lib","Tue Aug 18 14:36:54 UTC 2026","passed","Tue Aug 18 14:36:54 UTC 2026","","get_sip_jibri_email_prefix","",""
"","22","connects successfully with a valid RS256 token","mod_auth_token (ASAP / RS256)","Tue Aug 18 14:37:44 UTC 2026","passed","Tue Aug 18 14:37:44 UTC 2026","","","",""
"","278","broadcasts remove event to other occupants","mod_filesharing_component","Tue Aug 18 14:37:50 UTC 2026","passed","Tue Aug 18 14:37:50 UTC 2026","","remove file","",""
"","0","returns false for occupant object with non-recorder JID","util.lib","Tue Aug 18 14:36:54 UTC 2026","passed","Tue Aug 18 14:36:54 UTC 2026","","is_jibri","",""
"","0","returns false for a regular user JID","util.lib","Tue Aug 18 14:36:54 UTC 2026","passed","Tue Aug 18 14:36:54 UTC 2026","","is_focus_jid","",""
"","643","allows only one transcription dial when multiple are sent concurrently","mod_filter_iq_rayo (feature-based authorization)","Tue Aug 18 14:38:17 UTC 2026","passed","Tue Aug 18 14:38:18 UTC 2026","","transcription per-room throttle","",""
"","0","returns NULL tag (0x05) with zero length","jwk.lib","Tue Aug 18 14:36:53 UTC 2026","passed","Tue Aug 18 14:36:53 UTC 2026","encode_null","ASN1","",""
"","7","allows connection without token when allow_empty_token is true","mod_auth_token (ASAP / RS256)","Tue Aug 18 14:37:44 UTC 2026","passed","Tue Aug 18 14:37:45 UTC 2026","","","",""
"","443","passes IQ when features.outbound-call = true","mod_filter_iq_rayo (feature-based authorization)","Tue Aug 18 14:38:11 UTC 2026","passed","Tue Aug 18 14:38:12 UTC 2026","","outbound-call (dial to non-transcribe address)","",""
"","1134","moderator cannot set blocked key ""asyncTranscription""","mod_room_metadata_component","Tue Aug 18 14:40:01 UTC 2026","passed","Tue Aug 18 14:40:02 UTC 2026","","blocked keys","",""
"","17","returns 400 when conference is missing","mod_muc_jigasi_invite","Tue Aug 18 14:39:06 UTC 2026","passed","Tue Aug 18 14:39:06 UTC 2026","","parameter validation","",""
"","0","marks cert valid when host is in s2s_connect_overrides","mod_certs_s2soutinjection","Tue Aug 18 14:36:53 UTC 2026","passed","Tue Aug 18 14:36:53 UTC 2026","","attach()","",""
"","159","sends a Rayo dial IQ to the Jigasi and returns 200","mod_muc_jigasi_invite","Tue Aug 18 14:39:07 UTC 2026","passed","Tue Aug 18 14:39:07 UTC 2026","","jigasi invite","",""
"","1141","moderator cannot set blocked key ""participantsSoftLimit""","mod_room_metadata_component","Tue Aug 18 14:40:07 UTC 2026","passed","Tue Aug 18 14:40:08 UTC 2026","","blocked keys","",""
"","199","strips flip_device tag from guest (no JWT context)","mod_muc_flip","Tue Aug 18 14:39:03 UTC 2026","passed","Tue Aug 18 14:39:04 UTC 2026","","flip_device tag stripping","",""
"","0","fires debug_traceback/triggered event with a traceback string","mod_debug_traceback","Tue Aug 18 14:36:54 UTC 2026","passed","Tue Aug 18 14:36:54 UTC 2026","","dump_traceback()","",""
"","18","returns 404 when conference does not exist","mod_muc_end_meeting","Tue Aug 18 14:39:01 UTC 2026","passed","Tue Aug 18 14:39:01 UTC 2026","","room termination","",""
"","325","body-less groupchat (no json) counts toward the cap and is blocked","mod_muc_limit_messages","Tue Aug 18 14:39:09 UTC 2026","passed","Tue Aug 18 14:39:09 UTC 2026","","","",""
"","435","passes status IQ regardless of features (only start/stop are gated)","mod_filter_iq_jibri (feature-based authorization)","Tue Aug 18 14:38:03 UTC 2026","passed","Tue Aug 18 14:38:03 UTC 2026","","recording (recording_mode=file)","",""
"","835","roomCounter increments with each created breakout room","mod_muc_breakout_rooms","Tue Aug 18 14:38:34 UTC 2026","passed","Tue Aug 18 14:38:35 UTC 2026","","create breakout room","",""
"","0","handles empty content","jwk.lib","Tue Aug 18 14:36:53 UTC 2026","passed","Tue Aug 18 14:36:53 UTC 2026","encode_sequence","ASN1","",""
"","2192","does not start timer when focus (admin) leaves","mod_muc_cleanup_backend_services","Tue Aug 18 14:38:52 UTC 2026","passed","Tue Aug 18 14:38:54 UTC 2026","","","",""
"","239","overwrites author fields to prevent spoofing","mod_filesharing_component","Tue Aug 18 14:37:50 UTC 2026","passed","Tue Aug 18 14:37:50 UTC 2026","","add file","",""
"","84","returns 401 when a login token is used instead of a system token","mod_muc_jigasi_invite","Tue Aug 18 14:39:06 UTC 2026","passed","Tue Aug 18 14:39:06 UTC 2026","","authentication","",""
"","0","does not start timer when becoming dominant while silent","SpeakerStats","Tue Aug 18 14:36:54 UTC 2026","passed","Tue Aug 18 14:36:54 UTC 2026","","setDominantSpeaker","",""
"","6","rejects connection with wrong secret","mod_auth_token (HS256 shared secret)","Tue Aug 18 14:37:45 UTC 2026","passed","Tue Aug 18 14:37:45 UTC 2026","","","",""
"","1","returns 404 when room does not exist","mod_muc_size","Tue Aug 18 14:39:42 UTC 2026","passed","Tue Aug 18 14:39:42 UTC 2026","","GET /room","",""
"","1198","add without fileId in JSON body is dropped silently","mod_filesharing_component","Tue Aug 18 14:37:56 UTC 2026","passed","Tue Aug 18 14:37:57 UTC 2026","","invalid payloads","",""
"","0","has zero total speaking time","SpeakerStats","Tue Aug 18 14:36:54 UTC 2026","passed","Tue Aug 18 14:36:54 UTC 2026","","initial state","",""
"","0","accepted audience passes","luajwtjitsi","Tue Aug 18 14:36:53 UTC 2026","passed","Tue Aug 18 14:36:53 UTC 2026","audience","verify","",""
"","0","returns no customer_id for non-vpaas subdomain","util.lib","Tue Aug 18 14:36:54 UTC 2026","passed","Tue Aug 18 14:36:54 UTC 2026","","extract_subdomain","",""
"","67","PUT returns 403 when Authorization header is absent","mod_muc_password_check","Tue Aug 18 14:39:20 UTC 2026","passed","Tue Aug 18 14:39:20 UTC 2026","","authentication","",""
"","0","restricted is true","mod_short_lived_token","Tue Aug 18 14:36:54 UTC 2026","passed","Tue Aug 18 14:36:54 UTC 2026","valid request service entry","external_service/credentials handler","",""
"","84","returns 404 when participant is not in the room","mod_muc_kick_participant","Tue Aug 18 14:39:07 UTC 2026","passed","Tue Aug 18 14:39:07 UTC 2026","","kick behaviour","",""
"","0","returns cached is_vpaas value when present","util.lib","Tue Aug 18 14:36:54 UTC 2026","passed","Tue Aug 18 14:36:54 UTC 2026","","is_vpaas","",""
"","76","anonymous guest creates the room and is admitted despite no host present","mod_muc_wait_for_host","Tue Aug 18 14:39:43 UTC 2026","passed","Tue Aug 18 14:39:43 UTC 2026","","room does not exist yet","",""
"","0","expires = now + ttl","mod_short_lived_token","Tue Aug 18 14:36:54 UTC 2026","passed","Tue Aug 18 14:36:54 UTC 2026","valid request service entry","external_service/credentials handler","",""
"","492","replaces the language when switching the same sender","mod_audio_translation_component","Tue Aug 18 14:37:26 UTC 2026","passed","Tue Aug 18 14:37:27 UTC 2026","","delta semantics","",""
"","0","preserves pre-existing file_recording_metadata fields","mod_jibri_session","Tue Aug 18 14:36:54 UTC 2026","passed","Tue Aug 18 14:36:54 UTC 2026","","client-to-jicofo pass (no room attr on jibri element)","",""
"","0","non-table data returns error","luajwtjitsi","Tue Aug 18 14:36:53 UTC 2026","passed","Tue Aug 18 14:36:53 UTC 2026","argument validation","encode","",""
"","0","preserves pre-existing top-level app_data keys","mod_jibri_session","Tue Aug 18 14:36:54 UTC 2026","passed","Tue Aug 18 14:36:54 UTC 2026","","jicofo-to-jibri pass (room attr present on jibri element)","",""
"","428","sanitises CRLF in JWT user-id when building the initiator header","mod_filter_iq_rayo — CRLF escaping in re-serialized headers","Tue Aug 18 14:39:55 UTC 2026","passed","Tue Aug 18 14:39:56 UTC 2026","","","",""
"","0","wrong audience is rejected","luajwtjitsi","Tue Aug 18 14:36:53 UTC 2026","passed","Tue Aug 18 14:36:53 UTC 2026","audience","verify","",""
"","0","returns false for a full MUC JID (slash-qualified)","util.lib","Tue Aug 18 14:36:54 UTC 2026","passed","Tue Aug 18 14:36:54 UTC 2026","","is_focus_nick","",""
"","0","returns is_moderator when features table is absent","util.lib","Tue Aug 18 14:36:54 UTC 2026","passed","Tue Aug 18 14:36:54 UTC 2026","","is_feature_allowed","",""
"","0","returns true for the bare string 'focus'","util.lib","Tue Aug 18 14:36:54 UTC 2026","passed","Tue Aug 18 14:36:54 UTC 2026","","is_focus_nick","",""
"","0","returns three empty lists for identical tables","util.lib","Tue Aug 18 14:36:54 UTC 2026","passed","Tue Aug 18 14:36:54 UTC 2026","table_compare","table helpers","",""
"","131","injects <identity><user> from JWT context.user into MUC presence","mod_presence_identity","Tue Aug 18 14:39:54 UTC 2026","passed","Tue Aug 18 14:39:54 UTC 2026","","identity injection","",""
"","435","blocks IQ when features.transcription = false","mod_filter_iq_rayo (feature-based authorization)","Tue Aug 18 14:38:14 UTC 2026","passed","Tue Aug 18 14:38:14 UTC 2026","","transcription (dial to jitsi_meet_transcribe)","",""
"","1184","remove without fileId attribute is dropped silently","mod_filesharing_component","Tue Aug 18 14:37:57 UTC 2026","passed","Tue Aug 18 14:37:58 UTC 2026","","invalid payloads","",""
"","1191","new-poll with a non-string answer name is ignored","mod_polls_component","Tue Aug 18 14:39:46 UTC 2026","passed","Tue Aug 18 14:39:47 UTC 2026","","validation","",""
"","0","returns false when feature is absent from table","util.lib","Tue Aug 18 14:36:54 UTC 2026","passed","Tue Aug 18 14:36:54 UTC 2026","","is_feature_allowed","",""
"","650","messages blocked by filter_messages do not count toward the cap","mod_muc_limit_messages","Tue Aug 18 14:39:11 UTC 2026","passed","Tue Aug 18 14:39:12 UTC 2026","","","",""
"","237","whitelisted user can join a room that is at the limit","mod_muc_max_occupants","Tue Aug 18 14:39:15 UTC 2026","passed","Tue Aug 18 14:39:16 UTC 2026","","whitelist","",""
"","0","returns false when string does not end with suffix","util.lib","Tue Aug 18 14:36:54 UTC 2026","passed","Tue Aug 18 14:36:54 UTC 2026","","ends_with","",""
"","0","exact match returns true","luajwtjitsi","Tue Aug 18 14:36:53 UTC 2026","passed","Tue Aug 18 14:36:53 UTC 2026","verify_claim","internals","",""
"","448","blocks STOP (recording_mode=file) when features.recording = false","mod_filter_iq_jibri (feature-based authorization)","Tue Aug 18 14:38:09 UTC 2026","passed","Tue Aug 18 14:38:09 UTC 2026","","attribute case normalisation","",""
"","0","does not push service when credential key is not in accepted map","mod_short_lived_token","Tue Aug 18 14:36:54 UTC 2026","passed","Tue Aug 18 14:36:54 UTC 2026","","external_service/credentials handler","",""
"","4054","queued joins arrive in order (each after the previous)","mod_muc_rate_limit","Tue Aug 18 14:39:26 UTC 2026","passed","Tue Aug 18 14:39:30 UTC 2026","","join rate limiting","",""
"","0","customer_id falls back to group when extract_subdomain returns no customer_id","mod_short_lived_token","Tue Aug 18 14:36:54 UTC 2026","passed","Tue Aug 18 14:36:54 UTC 2026","","generateToken payload","",""
"","0","bare word focus without slash returns false","util.lib","Tue Aug 18 14:36:54 UTC 2026","passed","Tue Aug 18 14:36:54 UTC 2026","","is_focus","",""
"","83","returns 404 when the Jigasi brewery room does not exist","mod_muc_jigasi_invite","Tue Aug 18 14:39:06 UTC 2026","passed","Tue Aug 18 14:39:07 UTC 2026","","brewery room","",""
"","703","drops a receiver's subscriptions when it leaves","mod_audio_translation_component","Tue Aug 18 14:37:37 UTC 2026","passed","Tue Aug 18 14:37:37 UTC 2026","","MUC-leave pruning","",""
"","2","returns a parseable integer","mod_muc_size","Tue Aug 18 14:39:43 UTC 2026","passed","Tue Aug 18 14:39:43 UTC 2026","","GET /sessions","",""
"","125","focus joining does not satisfy the host requirement","mod_muc_wait_for_host","Tue Aug 18 14:39:43 UTC 2026","passed","Tue Aug 18 14:39:43 UTC 2026","","no host present","",""
"","214","strips nick when name-readonly=true and token has no name","mod_muc_displayname — name-readonly","Tue Aug 18 14:38:56 UTC 2026","passed","Tue Aug 18 14:38:57 UTC 2026","","","",""
"","181","created_timestamp does not change when further occupants join","mod_conference_duration","Tue Aug 18 14:37:45 UTC 2026","passed","Tue Aug 18 14:37:45 UTC 2026","","","",""
"","0","returns nil and error for two-segment input","luajwtjitsi","Tue Aug 18 14:36:53 UTC 2026","passed","Tue Aug 18 14:36:53 UTC 2026","strip_signature","internals","",""
"","334","first message over cap is rejected with <not-allowed/>","mod_muc_limit_messages","Tue Aug 18 14:39:08 UTC 2026","passed","Tue Aug 18 14:39:08 UTC 2026","","","",""
"","4","returns 400 when Content-Type is not application/json","mod_system_chat_message","Tue Aug 18 14:40:35 UTC 2026","passed","Tue Aug 18 14:40:35 UTC 2026","","parameter validation","",""
"","133","does not inject permissions for member participant","mod_jitsi_permissions","Tue Aug 18 14:38:23 UTC 2026","passed","Tue Aug 18 14:38:24 UTC 2026","","non-moderator token","",""
"","0","prepends [subdomain] when subdomain is given","util.lib","Tue Aug 18 14:36:54 UTC 2026","passed","Tue Aug 18 14:36:54 UTC 2026","","build_room_address","",""
"","1139","non-moderator startmuted presence is ignored","mod_room_metadata_component","Tue Aug 18 14:40:17 UTC 2026","passed","Tue Aug 18 14:40:18 UTC 2026","","startMuted presence shim","",""
"","340","tells a sender which receiver is translating it","mod_audio_translation_component","Tue Aug 18 14:37:39 UTC 2026","passed","Tue Aug 18 14:37:40 UTC 2026","","directed listeners push (translation-listeners)","",""
"","1707","ignores create requests from non-moderator participants","mod_muc_breakout_rooms","Tue Aug 18 14:38:38 UTC 2026","passed","Tue Aug 18 14:38:40 UTC 2026","","access control","",""
"","187","moderator can update metadata","mod_room_metadata_component","Tue Aug 18 14:39:58 UTC 2026","passed","Tue Aug 18 14:39:58 UTC 2026","","authorization","",""
"","257","strips flip_device tag when flip feature is disabled in JWT","mod_muc_flip","Tue Aug 18 14:39:04 UTC 2026","passed","Tue Aug 18 14:39:04 UTC 2026","","flip_device tag stripping","",""
"","0","recognises sipjibriouta@ prefix","util.lib","Tue Aug 18 14:36:54 UTC 2026","passed","Tue Aug 18 14:36:54 UTC 2026","","get_sip_jibri_email_prefix","",""
"","442","blocks IQ when JvbRoomName header does not match room JID","mod_filter_iq_rayo (feature-based authorization)","Tue Aug 18 14:38:15 UTC 2026","passed","Tue Aug 18 14:38:16 UTC 2026","","JvbRoomName header validation","",""
"","148","returns 401 when token is expired","mod_muc_end_meeting","Tue Aug 18 14:39:01 UTC 2026","passed","Tue Aug 18 14:39:01 UTC 2026","","authentication","",""
"","309","transfers moderator role to flip device and tags the kicked occupant presence","mod_muc_flip","Tue Aug 18 14:39:05 UTC 2026","passed","Tue Aug 18 14:39:05 UTC 2026","","flip","",""
"","71","focus can join a health check room","mod_muc_meeting_id","Tue Aug 18 14:39:20 UTC 2026","passed","Tue Aug 18 14:39:20 UTC 2026","","health check rooms","",""
"","437","blocks START (recording_mode=file) when features.recording = false","mod_filter_iq_jibri (feature-based authorization)","Tue Aug 18 14:38:08 UTC 2026","passed","Tue Aug 18 14:38:09 UTC 2026","","attribute case normalisation","",""
"","334","rejoining client receives fresh metadata","mod_room_metadata_component","Tue Aug 18 14:40:15 UTC 2026","passed","Tue Aug 18 14:40:15 UTC 2026","","initial metadata delivery","",""
"","6","rejects connection with expired token","mod_auth_token (HS256 shared secret)","Tue Aug 18 14:37:45 UTC 2026","passed","Tue Aug 18 14:37:45 UTC 2026","","","",""
"","186","message with non-string key does not corrupt room state","mod_room_metadata_component","Tue Aug 18 14:40:35 UTC 2026","passed","Tue Aug 18 14:40:35 UTC 2026","","invalid payloads","",""
"","0","is not dominant speaker","SpeakerStats","Tue Aug 18 14:36:54 UTC 2026","passed","Tue Aug 18 14:36:54 UTC 2026","","initial state","",""
"","221","delivers to multiple recipients","mod_system_chat_message","Tue Aug 18 14:40:36 UTC 2026","passed","Tue Aug 18 14:40:36 UTC 2026","","message delivery","",""
"","0","converts a JWK with high-bit modulus (requires 0x00 padding) to PEM","jwk.lib","Tue Aug 18 14:36:53 UTC 2026","passed","Tue Aug 18 14:36:53 UTC 2026","","jwk_to_pem","",""
"","0","encode with private key, verify with public key","luajwtjitsi","Tue Aug 18 14:36:53 UTC 2026","passed","Tue Aug 18 14:36:53 UTC 2026","RS256","verify","",""
"","185","non-moderator with transcription feature can set recording.isTranscribingEnabled","mod_room_metadata_component","Tue Aug 18 14:40:18 UTC 2026","passed","Tue Aug 18 14:40:18 UTC 2026","","allow-moderation hook (mod_filter_iq_rayo interop)","",""
"","434","sanitises bare LF in JWT user-id","mod_filter_iq_rayo — CRLF escaping in re-serialized headers","Tue Aug 18 14:39:56 UTC 2026","passed","Tue Aug 18 14:39:56 UTC 2026","","","",""
"","0","returns false for a regular user JID","util.lib","Tue Aug 18 14:36:54 UTC 2026","passed","Tue Aug 18 14:36:54 UTC 2026","","is_transcriber","",""
"","74","returns { valid: false } when submitted passcode does not match","mod_muc_password_check","Tue Aug 18 14:39:21 UTC 2026","passed","Tue Aug 18 14:39:21 UTC 2026","","PUT passcode validation","",""
"","0","output begins and ends with correct PEM markers","jwk.lib","Tue Aug 18 14:36:53 UTC 2026","passed","Tue Aug 18 14:36:53 UTC 2026","","jwk_to_pem","",""
"","749","rejects the whole stanza when one of several entries is invalid","mod_audio_translation_component","Tue Aug 18 14:37:24 UTC 2026","passed","Tue Aug 18 14:37:25 UTC 2026","","validation (whole-stanza atomicity)","",""
"","194","two clients in the same subdomain room receive each other's presence","mod_muc_domain_mapper","Tue Aug 18 14:38:59 UTC 2026","passed","Tue Aug 18 14:38:59 UTC 2026","","occupant presence exchange","",""
"","0","leaves t1 unchanged when t2 is empty","util.lib","Tue Aug 18 14:36:54 UTC 2026","passed","Tue Aug 18 14:36:54 UTC 2026","table_add","table helpers","",""
"","3","returns 200 with a room_census array","mod_muc_census","Tue Aug 18 14:38:40 UTC 2026","passed","Tue Aug 18 14:38:40 UTC 2026","","","",""
"","0","handles multi-character delimiter","util.lib","Tue Aug 18 14:36:54 UTC 2026","passed","Tue Aug 18 14:36:54 UTC 2026","","split_string","",""
"","0","tampered payload fails verification","luajwtjitsi","Tue Aug 18 14:36:53 UTC 2026","passed","Tue Aug 18 14:36:53 UTC 2026","HS256","verify","",""
"","7","allows connection with correct shared secret","mod_auth_jitsi-shared-secret","Tue Aug 18 14:37:44 UTC 2026","passed","Tue Aug 18 14:37:44 UTC 2026","","","",""
"","9","sets session.jitsi_web_query_room from ?room query param","mod_jitsi_session","Tue Aug 18 14:38:24 UTC 2026","passed","Tue Aug 18 14:38:24 UTC 2026","","","",""
"","20","sets session.jitsi_meet_room from room claim","mod_auth_token (HS256 shared secret)","Tue Aug 18 14:37:45 UTC 2026","passed","Tue Aug 18 14:37:45 UTC 2026","","","",""
"","0","breaks base64 into 64-character lines","jwk.lib","Tue Aug 18 14:36:53 UTC 2026","passed","Tue Aug 18 14:36:53 UTC 2026","der_to_pem","ASN1","",""
"","0","returns nil subdomain when only the suffix differs by a non-dot character","util.lib","Tue Aug 18 14:36:54 UTC 2026","passed","Tue Aug 18 14:36:54 UTC 2026","","room_jid_split_subdomain","",""
"","2260","cancels the destroy timer when a regular user joins after timer starts","mod_muc_cleanup_backend_services","Tue Aug 18 14:38:47 UTC 2026","passed","Tue Aug 18 14:38:50 UTC 2026","","","",""
"","68","returns 401 when Authorization header is absent","mod_system_chat_message","Tue Aug 18 14:40:35 UTC 2026","passed","Tue Aug 18 14:40:35 UTC 2026","","authentication","",""
"","552","merges added entries and leaves earlier ones untouched","mod_audio_translation_component","Tue Aug 18 14:37:25 UTC 2026","passed","Tue Aug 18 14:37:25 UTC 2026","","delta semantics","",""
"","0","returns false for an unmoderated room with a subdomain","util.lib","Tue Aug 18 14:36:54 UTC 2026","passed","Tue Aug 18 14:36:54 UTC 2026","","is_moderated","",""
"","344","processes requests when audioTranslation is absent (enabled by default)","mod_audio_translation_component","Tue Aug 18 14:37:19 UTC 2026","passed","Tue Aug 18 14:37:20 UTC 2026","","enabled flag","",""
"","1134","an answer for an unknown poll is ignored","mod_polls_component","Tue Aug 18 14:39:45 UTC 2026","passed","Tue Aug 18 14:39:46 UTC 2026","","poll answering","",""
"","0","iss is set to configured issuer","mod_short_lived_token","Tue Aug 18 14:36:54 UTC 2026","passed","Tue Aug 18 14:36:54 UTC 2026","","generateToken payload","",""
"","0","empty string returns false","util.lib","Tue Aug 18 14:36:54 UTC 2026","passed","Tue Aug 18 14:36:54 UTC 2026","","is_focus","",""
"","0","uses the configured muc_domain_prefix (conference)","util.lib","Tue Aug 18 14:36:54 UTC 2026","passed","Tue Aug 18 14:36:54 UTC 2026","","build_room_address","",""
"","142","returns 401 when a login token is used instead of a system token","mod_muc_end_meeting","Tue Aug 18 14:39:01 UTC 2026","passed","Tue Aug 18 14:39:01 UTC 2026","","authentication","",""
"","91","returns 401 when token is expired","mod_muc_jigasi_invite","Tue Aug 18 14:39:06 UTC 2026","passed","Tue Aug 18 14:39:06 UTC 2026","","authentication","",""
"","118","does not inject permissions for anonymous participant","mod_jitsi_permissions","Tue Aug 18 14:38:24 UTC 2026","passed","Tue Aug 18 14:38:24 UTC 2026","","anonymous user (no token)","",""
"","0","sends not-allowed when session is not an occupant","mod_short_lived_token","Tue Aug 18 14:36:54 UTC 2026","passed","Tue Aug 18 14:36:54 UTC 2026","","external_service/credentials handler","",""
"","236","broadcast preserves previously set keys","mod_room_metadata_component","Tue Aug 18 14:40:15 UTC 2026","passed","Tue Aug 18 14:40:15 UTC 2026","","broadcast delivery","",""
"","788","ignores an empty <audio-translation> body","mod_audio_translation_component","Tue Aug 18 14:37:16 UTC 2026","passed","Tue Aug 18 14:37:16 UTC 2026","","routing and parsing","",""
"","528","rejects a senderId that is not 8 hex digits","mod_audio_translation_component","Tue Aug 18 14:37:22 UTC 2026","passed","Tue Aug 18 14:37:22 UTC 2026","","validation (whole-stanza atomicity)","",""
"","439","passes status IQ regardless of features (only start/stop are gated)","mod_filter_iq_jibri (feature-based authorization)","Tue Aug 18 14:38:07 UTC 2026","passed","Tue Aug 18 14:38:07 UTC 2026","","livestreaming (recording_mode=stream)","",""
"","131","strips a client-supplied <identity> when session has no context.user","mod_presence_identity","Tue Aug 18 14:39:55 UTC 2026","passed","Tue Aug 18 14:39:55 UTC 2026","","spoofing prevention","",""
"","815","session survives a Jibri start IQ targeting a non-existent room","mod_filter_iq_jibri (feature-based authorization)","Tue Aug 18 14:38:07 UTC 2026","passed","Tue Aug 18 14:38:08 UTC 2026","","robustness","",""
"","126","sets token features on session for non-moderator with features","mod_jitsi_permissions","Tue Aug 18 14:38:24 UTC 2026","passed","Tue Aug 18 14:38:24 UTC 2026","","session features (via HTTP)","",""
"","121","regular user receives available self-presence with subdomain from-JID","mod_muc_domain_mapper","Tue Aug 18 14:38:59 UTC 2026","passed","Tue Aug 18 14:38:59 UTC 2026","","subdomain room join","",""
"","0","returns true for a room whose tenant starts with vpaas-magic-cookie-","util.lib","Tue Aug 18 14:36:54 UTC 2026","passed","Tue Aug 18 14:36:54 UTC 2026","","is_vpaas","",""
"","644","a ban by jid is rejected even when a mismatched nick is also present","mod_muc_meeting_id","Tue Aug 18 14:39:17 UTC 2026","passed","Tue Aug 18 14:39:18 UTC 2026","","set admin filtering","",""
"","70","lobby room JID is absent from disco info after disable","mod_muc_lobby_rooms","Tue Aug 18 14:39:13 UTC 2026","passed","Tue Aug 18 14:39:13 UTC 2026","","lifecycle","",""
"","438","sanitises bare CR in JWT user-id","mod_filter_iq_rayo — CRLF escaping in re-serialized headers","Tue Aug 18 14:39:56 UTC 2026","passed","Tue Aug 18 14:39:57 UTC 2026","","","",""
"","0","rewrites 'to' via room_jid_match_rewrite","mod_muc_domain_mapper","Tue Aug 18 14:36:54 UTC 2026","passed","Tue Aug 18 14:36:54 UTC 2026","message stanzas","filter_stanza","",""
"","0","user_region propagated from session","mod_short_lived_token","Tue Aug 18 14:36:54 UTC 2026","passed","Tue Aug 18 14:36:54 UTC 2026","","generateToken payload","",""
"","0","plain /focus string returns true","util.lib","Tue Aug 18 14:36:54 UTC 2026","passed","Tue Aug 18 14:36:54 UTC 2026","","is_focus","",""
"","0","returns nil when e is missing","jwk.lib","Tue Aug 18 14:36:53 UTC 2026","passed","Tue Aug 18 14:36:53 UTC 2026","","jwk_to_pem","",""
"","0","uses custom signal name in info log message","mod_debug_traceback","Tue Aug 18 14:36:54 UTC 2026","passed","Tue Aug 18 14:36:54 UTC 2026","","dump_traceback()","",""
"","70","returns 200 when connectionJIDs contains a JID not in the room (no occupancy validation)","mod_system_chat_message","Tue Aug 18 14:40:36 UTC 2026","passed","Tue Aug 18 14:40:36 UTC 2026","","message delivery","",""
"","18","sets session.jitsi_web_query_prefix to empty string when query string present but ?prefix absent","mod_jitsi_session","Tue Aug 18 14:38:24 UTC 2026","passed","Tue Aug 18 14:38:24 UTC 2026","","","",""
"","0","non-matching value returns false","luajwtjitsi","Tue Aug 18 14:36:53 UTC 2026","passed","Tue Aug 18 14:36:53 UTC 2026","verify_claim","internals","",""
"","0","encode then verify returns original payload","luajwtjitsi","Tue Aug 18 14:36:53 UTC 2026","passed","Tue Aug 18 14:36:53 UTC 2026","HS384","verify","",""
"","429","blocks start IQ when context.features present but recording key absent","mod_filter_iq_jibri (feature-based authorization)","Tue Aug 18 14:38:00 UTC 2026","passed","Tue Aug 18 14:38:01 UTC 2026","","recording (recording_mode=file)","",""
"","0","password is empty string when jwt.encode fails","mod_short_lived_token","Tue Aug 18 14:36:54 UTC 2026","passed","Tue Aug 18 14:36:54 UTC 2026","","generateToken payload","",""
"","0","does not rewrite a JID whose host uses a hyphen after the prefix (regression)","util.lib","Tue Aug 18 14:36:54 UTC 2026","passed","Tue Aug 18 14:36:54 UTC 2026","","room_jid_match_rewrite","",""
"","0","returns truthy for transcribera@ JID","util.lib","Tue Aug 18 14:36:54 UTC 2026","passed","Tue Aug 18 14:36:54 UTC 2026","","is_transcriber","",""
"","0","preserves the resource in the rewritten JID","util.lib","Tue Aug 18 14:36:54 UTC 2026","passed","Tue Aug 18 14:36:54 UTC 2026","","room_jid_match_rewrite","",""
"","906","silently ignores requests when audioTranslation.enabled is false","mod_audio_translation_component","Tue Aug 18 14:37:18 UTC 2026","passed","Tue Aug 18 14:37:19 UTC 2026","","enabled flag","",""
"","0","returns nil and error for single-segment input","luajwtjitsi","Tue Aug 18 14:36:53 UTC 2026","passed","Tue Aug 18 14:36:53 UTC 2026","strip_signature","internals","",""
"","0","extracts subdomain from vpaas magic cookie node","util.lib","Tue Aug 18 14:36:54 UTC 2026","passed","Tue Aug 18 14:36:54 UTC 2026","","extract_subdomain","",""
"","5","GET /turn-credentials returns 200 with a JSON array","mod_turncredentials_http","Tue Aug 18 14:40:39 UTC 2026","passed","Tue Aug 18 14:40:39 UTC 2026","","","",""
"","311","moderator with no features in token is allowed when groupChatRestricted is true","mod_filter_messages","Tue Aug 18 14:38:22 UTC 2026","passed","Tue Aug 18 14:38:22 UTC 2026","","","",""
"","1099","directs the push only to the translated sender","mod_audio_translation_component","Tue Aug 18 14:37:40 UTC 2026","passed","Tue Aug 18 14:37:41 UTC 2026","","directed listeners push (translation-listeners)","",""
"","0","exp is approximately now + ttl_seconds","mod_short_lived_token","Tue Aug 18 14:36:54 UTC 2026","passed","Tue Aug 18 14:36:54 UTC 2026","","generateToken payload","",""
"","198","passes nick unchanged when name-readonly is not set","mod_muc_displayname — name-readonly","Tue Aug 18 14:38:57 UTC 2026","passed","Tue Aug 18 14:38:57 UTC 2026","","","",""
"","1014","keeps a language when one of two referencers removes it","mod_audio_translation_component","Tue Aug 18 14:37:34 UTC 2026","passed","Tue Aug 18 14:37:35 UTC 2026","","aggregation across receivers","",""
"","435","blocks stop IQ when token has no context.features (non-moderator fallback)","mod_filter_iq_jibri (feature-based authorization)","Tue Aug 18 14:38:06 UTC 2026","passed","Tue Aug 18 14:38:07 UTC 2026","","livestreaming (recording_mode=stream)","",""
"","0","escapes a CRLF-injected header value to &#13;&#10;","Rayo dial IQ header CRLF escaping [in-file reference serializer]","Tue Aug 18 14:36:54 UTC 2026","passed","Tue Aug 18 14:36:54 UTC 2026","","","",""
"","2199","destroys room when last regular user leaves and only jibri remains","mod_muc_cleanup_backend_services","Tue Aug 18 14:38:41 UTC 2026","passed","Tue Aug 18 14:38:43 UTC 2026","","","",""
"","366","whitelisted occupants do not count against the limit for non-whitelisted users","mod_muc_max_occupants","Tue Aug 18 14:39:16 UTC 2026","passed","Tue Aug 18 14:39:16 UTC 2026","","whitelist","",""
"","0","moderator='true' sets owner affiliation","mod_token_affiliation","Tue Aug 18 14:36:54 UTC 2026","passed","Tue Aug 18 14:36:54 UTC 2026","","affiliation assignment","",""
"","0","context.user taken from session when jitsi_meet_context_user present","mod_short_lived_token","Tue Aug 18 14:36:54 UTC 2026","passed","Tue Aug 18 14:36:54 UTC 2026","","generateToken payload","",""
"","188","non-moderator with transcription feature can set both recording fields simultaneously","mod_room_metadata_component","Tue Aug 18 14:40:18 UTC 2026","passed","Tue Aug 18 14:40:18 UTC 2026","","allow-moderation hook (mod_filter_iq_rayo interop)","",""
"","0","affiliation='owner' sets owner","mod_token_affiliation","Tue Aug 18 14:36:54 UTC 2026","passed","Tue Aug 18 14:36:54 UTC 2026","","affiliation assignment","",""
"","0","logs error and skips hook when accepted_audiences is absent","mod_short_lived_token","Tue Aug 18 14:36:54 UTC 2026","passed","Tue Aug 18 14:36:54 UTC 2026","","config validation","",""
"","0","splits a simple comma-delimited string","util.lib","Tue Aug 18 14:36:54 UTC 2026","passed","Tue Aug 18 14:36:54 UTC 2026","","split_string","",""
"","0","rewrites an internal [sub]room JID back to pretty conference.sub.base/room form","util.lib","Tue Aug 18 14:36:54 UTC 2026","passed","Tue Aug 18 14:36:54 UTC 2026","","internal_room_jid_match_rewrite","",""
"","0","meeting_id taken from room._data.meetingId","mod_short_lived_token","Tue Aug 18 14:36:54 UTC 2026","passed","Tue Aug 18 14:36:54 UTC 2026","","generateToken payload","",""
"","0","returns false for nil string","util.lib","Tue Aug 18 14:36:54 UTC 2026","passed","Tue Aug 18 14:36:54 UTC 2026","","ends_with","",""
"","282","messages within the cap are delivered","mod_muc_limit_messages","Tue Aug 18 14:39:07 UTC 2026","passed","Tue Aug 18 14:39:08 UTC 2026","","","",""
"","0","default filename embeds count (starting at 0)","mod_debug_traceback","Tue Aug 18 14:36:54 UTC 2026","passed","Tue Aug 18 14:36:54 UTC 2026","","dump_traceback()","",""
"","104","advertises an audio-translation component identity on the main host","mod_audio_translation_component","Tue Aug 18 14:37:15 UTC 2026","passed","Tue Aug 18 14:37:15 UTC 2026","","disco identity","",""
"","184","allows a non-moderator whose token grants live-translation","mod_audio_translation_component","Tue Aug 18 14:37:36 UTC 2026","passed","Tue Aug 18 14:37:36 UTC 2026","","enable-flag write gating (live-translation)","",""
"","0","ignores a non-IQ stanza","mod_jibri_session","Tue Aug 18 14:36:54 UTC 2026","passed","Tue Aug 18 14:36:54 UTC 2026","","non-matching stanzas pass through unchanged","",""
"","0","handles host-only JID (no node) — stores id in roomless_iqs and rewrites host","util.lib","Tue Aug 18 14:36:54 UTC 2026","passed","Tue Aug 18 14:36:54 UTC 2026","","room_jid_match_rewrite","",""
"","0","wildcard in mixed list still matches","luajwtjitsi","Tue Aug 18 14:36:53 UTC 2026","passed","Tue Aug 18 14:36:53 UTC 2026","verify_claim","internals","",""
"","1138","moderator cannot set blocked key ""services""","mod_room_metadata_component","Tue Aug 18 14:40:08 UTC 2026","passed","Tue Aug 18 14:40:09 UTC 2026","","blocked keys","",""
"","75","returns 401 when token is expired","mod_system_chat_message","Tue Aug 18 14:40:35 UTC 2026","passed","Tue Aug 18 14:40:35 UTC 2026","","authentication","",""
"","0","affiliation='teacher' sets owner","mod_token_affiliation","Tue Aug 18 14:36:54 UTC 2026","passed","Tue Aug 18 14:36:54 UTC 2026","","affiliation assignment","",""
"","0","password is non-empty string","mod_short_lived_token","Tue Aug 18 14:36:54 UTC 2026","passed","Tue Aug 18 14:36:54 UTC 2026","valid request service entry","external_service/credentials handler","",""
"","0","encodes two-byte form for 128","jwk.lib","Tue Aug 18 14:36:53 UTC 2026","passed","Tue Aug 18 14:36:53 UTC 2026","encode_length","ASN1","",""
"","137","affiliation='moderator'","mod_token_affiliation","Tue Aug 18 14:40:37 UTC 2026","passed","Tue Aug 18 14:40:37 UTC 2026","","moderator claim variants that grant owner/moderator","",""
"","173","extra fields in recording payload are stripped when set via transcription feature","mod_room_metadata_component","Tue Aug 18 14:40:23 UTC 2026","passed","Tue Aug 18 14:40:23 UTC 2026","","allow-moderation hook (mod_filter_iq_rayo interop)","",""
"","0","passes stanza through unchanged for s2sout sessions","mod_muc_domain_mapper","Tue Aug 18 14:36:54 UTC 2026","passed","Tue Aug 18 14:36:54 UTC 2026","skipped stanzas","filter_stanza","",""
"","0","returns truthy for jibrib@ prefixed JID string","util.lib","Tue Aug 18 14:36:54 UTC 2026","passed","Tue Aug 18 14:36:54 UTC 2026","","is_jibri","",""
"","3","returns 400 when neither participantId nor number is provided","mod_muc_kick_participant","Tue Aug 18 14:39:07 UTC 2026","passed","Tue Aug 18 14:39:07 UTC 2026","","parameter validation","",""
"","0","wraps DER bytes in PEM format with default PUBLIC KEY label","jwk.lib","Tue Aug 18 14:36:53 UTC 2026","passed","Tue Aug 18 14:36:53 UTC 2026","der_to_pem","ASN1","",""
"","1132","moderator with transcription=false is denied despite moderator role","mod_room_metadata_component","Tue Aug 18 14:40:21 UTC 2026","passed","Tue Aug 18 14:40:22 UTC 2026","","allow-moderation hook (mod_filter_iq_rayo interop)","",""
"","189","allows join when room has one occupant (under limit)","mod_muc_max_occupants","Tue Aug 18 14:39:15 UTC 2026","passed","Tue Aug 18 14:39:15 UTC 2026","","","",""
"","135","returns 404 when brewery occupant has no stats element","mod_muc_jigasi_invite","Tue Aug 18 14:39:07 UTC 2026","passed","Tue Aug 18 14:39:07 UTC 2026","","jigasi invite","",""
"","818","coalesces a burst of deltas into a single broadcast","mod_audio_translation_component","Tue Aug 18 14:37:38 UTC 2026","passed","Tue Aug 18 14:37:39 UTC 2026","","debounce","",""
"","0","passes non-message/iq/presence stanzas through unchanged","mod_muc_domain_mapper","Tue Aug 18 14:36:54 UTC 2026","passed","Tue Aug 18 14:36:54 UTC 2026","skipped stanzas","filter_stanza","",""
"","15","sets session.jitsi_meet_context_user from token context","mod_auth_token (ASAP / RS256)","Tue Aug 18 14:37:44 UTC 2026","passed","Tue Aug 18 14:37:44 UTC 2026","","","",""
"","0","context.user built from presence when jitsi_meet_context_user absent","mod_short_lived_token","Tue Aug 18 14:36:54 UTC 2026","passed","Tue Aug 18 14:36:54 UTC 2026","","generateToken payload","",""
"","0","logs error and skips hook when ttl_seconds is absent","mod_short_lived_token","Tue Aug 18 14:36:54 UTC 2026","passed","Tue Aug 18 14:36:54 UTC 2026","","config validation","",""
"","146","affiliation='teacher'","mod_token_affiliation","Tue Aug 18 14:40:37 UTC 2026","passed","Tue Aug 18 14:40:37 UTC 2026","","moderator claim variants that grant owner/moderator","",""
"","695","does not resend when the listener set is unchanged","mod_audio_translation_component","Tue Aug 18 14:37:42 UTC 2026","passed","Tue Aug 18 14:37:43 UTC 2026","","directed listeners push (translation-listeners)","",""
"","139","sets no features on session for non-moderator without token features","mod_jitsi_permissions","Tue Aug 18 14:38:24 UTC 2026","passed","Tue Aug 18 14:38:24 UTC 2026","","session features (via HTTP)","",""
"","0","updates isDominantSpeaker state","SpeakerStats","Tue Aug 18 14:36:54 UTC 2026","passed","Tue Aug 18 14:36:54 UTC 2026","","setDominantSpeaker","",""
"","0","returns true for two identical tables","util.lib","Tue Aug 18 14:36:54 UTC 2026","passed","Tue Aug 18 14:36:54 UTC 2026","table_equals","table helpers","",""
"","593","rejects a language longer than 20 characters","mod_audio_translation_component","Tue Aug 18 14:37:23 UTC 2026","passed","Tue Aug 18 14:37:23 UTC 2026","","validation (whole-stanza atomicity)","",""
"","0","rewrites 'to' and 'from'","mod_muc_domain_mapper","Tue Aug 18 14:36:54 UTC 2026","passed","Tue Aug 18 14:36:54 UTC 2026","presence stanzas","filter_stanza","",""
"","121","regular user can join after focus has joined","mod_muc_meeting_id","Tue Aug 18 14:39:17 UTC 2026","passed","Tue Aug 18 14:39:17 UTC 2026","","jicofo lock","",""
"","137","moderator=true (boolean)","mod_token_affiliation","Tue Aug 18 14:40:37 UTC 2026","passed","Tue Aug 18 14:40:37 UTC 2026","","moderator claim variants that grant owner/moderator","",""
"","0","missing iss claim when acceptedIssuers provided is rejected","luajwtjitsi","Tue Aug 18 14:36:53 UTC 2026","passed","Tue Aug 18 14:36:53 UTC 2026","issuer","verify","",""
"","0","ignores a jibri IQ with action 'stop'","mod_jibri_session","Tue Aug 18 14:36:54 UTC 2026","passed","Tue Aug 18 14:36:54 UTC 2026","","non-matching stanzas pass through unchanged","",""
"","243","a revoke item after a benign first item is also rejected","mod_muc_allowners","Tue Aug 18 14:38:25 UTC 2026","passed","Tue Aug 18 14:38:25 UTC 2026","","non-moderated room","",""
"","12","session count increases when a client connects","mod_muc_size","Tue Aug 18 14:39:43 UTC 2026","passed","Tue Aug 18 14:39:43 UTC 2026","","GET /sessions","",""
"","0","wrapped handler delegates to attach and returns its result","mod_certs_s2soutinjection","Tue Aug 18 14:36:53 UTC 2026","passed","Tue Aug 18 14:36:53 UTC 2026","","event wrapping","",""
"","0","returns false when only one argument is nil","util.lib","Tue Aug 18 14:36:54 UTC 2026","passed","Tue Aug 18 14:36:54 UTC 2026","table_equals","table helpers","",""
"","510","authenticated sender lifts the cap permanently","mod_muc_limit_messages","Tue Aug 18 14:39:10 UTC 2026","passed","Tue Aug 18 14:39:10 UTC 2026","","","",""
"","0","returns false for a host-only JID (no node)","util.lib","Tue Aug 18 14:36:54 UTC 2026","passed","Tue Aug 18 14:36:54 UTC 2026","","is_focus_jid","",""
"","0","alg mismatch between header and expectedAlgo is rejected","luajwtjitsi","Tue Aug 18 14:36:53 UTC 2026","passed","Tue Aug 18 14:36:53 UTC 2026","claims","verify","",""
"","0","returns true when feature value is boolean true","util.lib","Tue Aug 18 14:36:54 UTC 2026","passed","Tue Aug 18 14:36:54 UTC 2026","","is_feature_allowed","",""
"","434","omits JvbRoomPassword in forwarded IQ when not provided by client","mod_filter_iq_rayo (feature-based authorization)","Tue Aug 18 14:38:20 UTC 2026","passed","Tue Aug 18 14:38:21 UTC 2026","","JvbRoomPassword header","",""
"","556","removes an entry with an empty-string language","mod_audio_translation_component","Tue Aug 18 14:37:25 UTC 2026","passed","Tue Aug 18 14:37:26 UTC 2026","","delta semantics","",""
"","0","wildcard matches any value","luajwtjitsi","Tue Aug 18 14:36:53 UTC 2026","passed","Tue Aug 18 14:36:53 UTC 2026","audience","verify","",""
"","0","rewrites a multidomain JID to internal [sub]room@muc_domain form","util.lib","Tue Aug 18 14:36:54 UTC 2026","passed","Tue Aug 18 14:36:54 UTC 2026","","room_jid_match_rewrite","",""
"","0","reports added keys","util.lib","Tue Aug 18 14:36:54 UTC 2026","passed","Tue Aug 18 14:36:54 UTC 2026","table_compare","table helpers","",""
"","0","passes the room JID through room_jid_match_rewrite before lookup","mod_jibri_session","Tue Aug 18 14:36:54 UTC 2026","passed","Tue Aug 18 14:36:54 UTC 2026","","jicofo-to-jibri pass (room attr present on jibri element)","",""
"","133","blocks with 406 not-acceptable when display name is missing","mod_muc_lobby_rooms","Tue Aug 18 14:39:12 UTC 2026","passed","Tue Aug 18 14:39:12 UTC 2026","","non-member join gate","",""
"","123","occupant disco#info succeeds","mod_muc_hide_all","Tue Aug 18 14:39:06 UTC 2026","passed","Tue Aug 18 14:39:06 UTC 2026","","when module is enabled","",""
"","306","sender with send-groupchat=false is blocked when groupChatRestricted is true","mod_filter_messages","Tue Aug 18 14:38:21 UTC 2026","passed","Tue Aug 18 14:38:21 UTC 2026","","","",""
"","131","does not inject permissions for member with features","mod_jitsi_permissions","Tue Aug 18 14:38:24 UTC 2026","passed","Tue Aug 18 14:38:24 UTC 2026","","non-moderator token","",""
"","449","blocks START (recording_mode=FILE) when features.recording = false","mod_filter_iq_jibri (feature-based authorization)","Tue Aug 18 14:38:10 UTC 2026","passed","Tue Aug 18 14:38:11 UTC 2026","","attribute case normalisation","",""
"","3","returns 400 when query string is missing","mod_muc_size","Tue Aug 18 14:39:42 UTC 2026","passed","Tue Aug 18 14:39:42 UTC 2026","","GET /room-size","",""
"","6","rejects connection with not-yet-valid token (nbf in the future)","mod_auth_token (HS256 shared secret)","Tue Aug 18 14:37:45 UTC 2026","passed","Tue Aug 18 14:37:45 UTC 2026","","","",""
"","10","user without a token is allowed (ban check is a no-op)","mod_muc_auth_ban","Tue Aug 18 14:38:26 UTC 2026","passed","Tue Aug 18 14:38:26 UTC 2026","","","",""
"","70","returns 401 when Authorization header is absent","mod_muc_jigasi_invite","Tue Aug 18 14:39:06 UTC 2026","passed","Tue Aug 18 14:39:06 UTC 2026","","authentication","",""
"","0","returns truthy for transcriberb@ JID","util.lib","Tue Aug 18 14:36:54 UTC 2026","passed","Tue Aug 18 14:36:54 UTC 2026","","is_transcriber","",""
"","0","returns nil subdomain for a non-multidomain MUC JID","util.lib","Tue Aug 18 14:36:54 UTC 2026","passed","Tue Aug 18 14:36:54 UTC 2026","","room_jid_split_subdomain","",""
"","0","returns false for a non-recorder JID string","util.lib","Tue Aug 18 14:36:54 UTC 2026","passed","Tue Aug 18 14:36:54 UTC 2026","","is_jibri","",""
"","124","grants member affiliation and participant role for authenticated non-moderator","mod_token_affiliation","Tue Aug 18 14:40:36 UTC 2026","passed","Tue Aug 18 14:40:36 UTC 2026","","","",""
"","1144","moderator cannot set blocked key ""transcriberType""","mod_room_metadata_component","Tue Aug 18 14:40:09 UTC 2026","passed","Tue Aug 18 14:40:10 UTC 2026","","blocked keys","",""
"","0","returns falsy and does not error when no overrides configured","mod_certs_s2soutinjection","Tue Aug 18 14:36:53 UTC 2026","passed","Tue Aug 18 14:36:53 UTC 2026","","attach()","",""
"","82","returns passcodeProtected: false and lobbyEnabled: false for a plain room","mod_muc_password_check","Tue Aug 18 14:39:20 UTC 2026","passed","Tue Aug 18 14:39:20 UTC 2026","","GET room info","",""
"","1140","non-moderator with transcription=false cannot set recording.isTranscribingEnabled","mod_room_metadata_component","Tue Aug 18 14:40:20 UTC 2026","passed","Tue Aug 18 14:40:21 UTC 2026","","allow-moderation hook (mod_filter_iq_rayo interop)","",""
"","0","non-string algorithm returns error","luajwtjitsi","Tue Aug 18 14:36:53 UTC 2026","passed","Tue Aug 18 14:36:53 UTC 2026","argument validation","verify","",""
"","0","returns false when values differ","util.lib","Tue Aug 18 14:36:54 UTC 2026","passed","Tue Aug 18 14:36:54 UTC 2026","table_equals","table helpers","",""
"","0","is not silent","SpeakerStats","Tue Aug 18 14:36:54 UTC 2026","passed","Tue Aug 18 14:36:54 UTC 2026","","initial state","",""
"","67","muc-room-pre-create event is fired when room is created","mod_muc_hide_all","Tue Aug 18 14:39:06 UTC 2026","passed","Tue Aug 18 14:39:06 UTC 2026","","when module is enabled","",""
"","0","accepts an occupant object and inspects its .jid field","util.lib","Tue Aug 18 14:36:54 UTC 2026","passed","Tue Aug 18 14:36:54 UTC 2026","","is_jibri","",""
"","1145","moderator cannot set blocked key ""transcription""","mod_room_metadata_component","Tue Aug 18 14:40:10 UTC 2026","passed","Tue Aug 18 14:40:11 UTC 2026","","blocked keys","",""
"","140","new room is set to hidden","mod_muc_hide_all","Tue Aug 18 14:39:06 UTC 2026","passed","Tue Aug 18 14:39:06 UTC 2026","","when module is enabled","",""
"","0","logs error and skips hook when key_path is absent","mod_short_lived_token","Tue Aug 18 14:36:54 UTC 2026","passed","Tue Aug 18 14:36:54 UTC 2026","","config validation","",""
"","0","wildcard '*' matches any value","luajwtjitsi","Tue Aug 18 14:36:53 UTC 2026","passed","Tue Aug 18 14:36:53 UTC 2026","verify_claim","internals","",""
"","129","does not inject <identity> when token has no context.user","mod_presence_identity","Tue Aug 18 14:39:55 UTC 2026","passed","Tue Aug 18 14:39:55 UTC 2026","","identity injection","",""
"","0","returns error for token with invalid JSON body","luajwtjitsi","Tue Aug 18 14:36:53 UTC 2026","passed","Tue Aug 18 14:36:53 UTC 2026","parse_token","internals","",""
"","0","returns true when string equals prefix exactly","util.lib","Tue Aug 18 14:36:54 UTC 2026","passed","Tue Aug 18 14:36:54 UTC 2026","","starts_with","",""
"","535","rejects a request whose target sender is not a current occupant","mod_audio_translation_component","Tue Aug 18 14:37:23 UTC 2026","passed","Tue Aug 18 14:37:24 UTC 2026","","validation (whole-stanza atomicity)","",""
"","0","returns false for JID whose node contains but is not exactly focus","util.lib","Tue Aug 18 14:36:54 UTC 2026","passed","Tue Aug 18 14:36:54 UTC 2026","","is_focus_jid","",""
"","1140","message with invalid JSON is ignored","mod_room_metadata_component","Tue Aug 18 14:40:30 UTC 2026","passed","Tue Aug 18 14:40:31 UTC 2026","","invalid payloads","",""
"","194","lets a moderator enable the feature","mod_audio_translation_component","Tue Aug 18 14:37:36 UTC 2026","passed","Tue Aug 18 14:37:36 UTC 2026","","enable-flag write gating (live-translation)","",""
"","1141","moderator cannot set blocked key ""dialinEnabled""","mod_room_metadata_component","Tue Aug 18 14:40:03 UTC 2026","passed","Tue Aug 18 14:40:05 UTC 2026","","blocked keys","",""
"","0","regular nick returns false","util.lib","Tue Aug 18 14:36:54 UTC 2026","passed","Tue Aug 18 14:36:54 UTC 2026","","is_focus","",""
"","195","revoking an affiliation is rejected with forbidden","mod_muc_allowners","Tue Aug 18 14:38:25 UTC 2026","passed","Tue Aug 18 14:38:25 UTC 2026","","non-moderated room","",""
"","237","broadcasts add event to other occupants","mod_filesharing_component","Tue Aug 18 14:37:47 UTC 2026","passed","Tue Aug 18 14:37:47 UTC 2026","","add file","",""
"","1139","message with missing ""data"" field is ignored","mod_room_metadata_component","Tue Aug 18 14:40:32 UTC 2026","passed","Tue Aug 18 14:40:34 UTC 2026","","invalid payloads","",""
"","0","returns JID unchanged when node lacks [sub] prefix","util.lib","Tue Aug 18 14:36:54 UTC 2026","passed","Tue Aug 18 14:36:54 UTC 2026","","internal_room_jid_match_rewrite","",""
"","837","moderator can remove a breakout room and receives an update","mod_muc_breakout_rooms","Tue Aug 18 14:38:35 UTC 2026","passed","Tue Aug 18 14:38:36 UTC 2026","","remove breakout room","",""
"","129","occupant objects have jid, email, display_name fields","mod_muc_size","Tue Aug 18 14:39:43 UTC 2026","passed","Tue Aug 18 14:39:43 UTC 2026","","GET /room","",""
"","18","serves entries from external_services config (port 3479)","mod_turncredentials_http","Tue Aug 18 14:40:39 UTC 2026","passed","Tue Aug 18 14:40:39 UTC 2026","","extdisco IQ (via external_services)","",""
"","124","moderator='true' (string)","mod_token_affiliation","Tue Aug 18 14:40:37 UTC 2026","passed","Tue Aug 18 14:40:37 UTC 2026","","moderator claim variants that grant owner/moderator","",""
"","1134","error-type message is ignored without triggering a reply","mod_filesharing_component","Tue Aug 18 14:37:58 UTC 2026","passed","Tue Aug 18 14:37:59 UTC 2026","","invalid payloads","",""
"","459","only active rooms appear in census after a room is destroyed","mod_muc_census","Tue Aug 18 14:38:40 UTC 2026","passed","Tue Aug 18 14:38:40 UTC 2026","","","",""
"","82","returns { valid: true } when submitted passcode matches","mod_muc_password_check","Tue Aug 18 14:39:21 UTC 2026","passed","Tue Aug 18 14:39:21 UTC 2026","","PUT passcode validation","",""
"","0","does not log when error type is not 'cancel'","mod_muc_domain_mapper","Tue Aug 18 14:36:54 UTC 2026","passed","Tue Aug 18 14:36:54 UTC 2026","log_not_allowed_errors","filter_stanza","",""
"","0","logs error and skips hook when issuer is absent","mod_short_lived_token","Tue Aug 18 14:36:54 UTC 2026","passed","Tue Aug 18 14:36:54 UTC 2026","","config validation","",""
"","1144","moderator cannot set blocked key ""allownersEnabled""","mod_room_metadata_component","Tue Aug 18 14:40:00 UTC 2026","passed","Tue Aug 18 14:40:01 UTC 2026","","blocked keys","",""
"","447","blocks Stop (recording_mode=file) when features.recording = false","mod_filter_iq_jibri (feature-based authorization)","Tue Aug 18 14:38:10 UTC 2026","passed","Tue Aug 18 14:38:10 UTC 2026","","attribute case normalisation","",""
"","562","prunes a departed sender from every receiver","mod_audio_translation_component","Tue Aug 18 14:37:37 UTC 2026","passed","Tue Aug 18 14:37:38 UTC 2026","","MUC-leave pruning","",""
"","81","returns 400 when message is missing","mod_system_chat_message","Tue Aug 18 14:40:35 UTC 2026","passed","Tue Aug 18 14:40:35 UTC 2026","","parameter validation","",""
"","0","encode then verify returns original payload","luajwtjitsi","Tue Aug 18 14:36:53 UTC 2026","passed","Tue Aug 18 14:36:53 UTC 2026","HS256","verify","",""
"","6","returns 400 when Content-Type is not application/json","mod_muc_jigasi_invite","Tue Aug 18 14:39:06 UTC 2026","passed","Tue Aug 18 14:39:06 UTC 2026","","parameter validation","",""
"","19","rejects connection when token has no room claim","mod_token_verification","Tue Aug 18 14:40:37 UTC 2026","passed","Tue Aug 18 14:40:37 UTC 2026","","join access control","",""
"","397","treats removal of an absent entry as a benign no-op","mod_audio_translation_component","Tue Aug 18 14:37:26 UTC 2026","passed","Tue Aug 18 14:37:26 UTC 2026","","delta semantics","",""
"","0","rewrites 'to' and 'from'","mod_muc_domain_mapper","Tue Aug 18 14:36:54 UTC 2026","passed","Tue Aug 18 14:36:54 UTC 2026","iq stanzas","filter_stanza","",""
"","0","returns the JID unchanged when there is no subdomain","util.lib","Tue Aug 18 14:36:54 UTC 2026","passed","Tue Aug 18 14:36:54 UTC 2026","","room_jid_match_rewrite","",""
"","0","returns error or throws for token with invalid base64 header","luajwtjitsi","Tue Aug 18 14:36:53 UTC 2026","passed","Tue Aug 18 14:36:53 UTC 2026","parse_token","internals","",""
"","0","recognises sipjibrioutb@ prefix","util.lib","Tue Aug 18 14:36:54 UTC 2026","passed","Tue Aug 18 14:36:54 UTC 2026","","get_sip_jibri_email_prefix","",""
"","0","returns truthy for transcriber@ JID","util.lib","Tue Aug 18 14:36:54 UTC 2026","passed","Tue Aug 18 14:36:54 UTC 2026","","is_transcriber","",""
"","0","prepends 0x00 when first byte is 0xFF","jwk.lib","Tue Aug 18 14:36:53 UTC 2026","passed","Tue Aug 18 14:36:53 UTC 2026","encode_integer","ASN1","",""
"","191","per-room limit lower than global restricts the room further","mod_muc_max_occupants","Tue Aug 18 14:39:16 UTC 2026","passed","Tue Aug 18 14:39:16 UTC 2026","","per-room limit","",""
"","0","handles multi-byte integer without high bit","jwk.lib","Tue Aug 18 14:36:53 UTC 2026","passed","Tue Aug 18 14:36:53 UTC 2026","encode_integer","ASN1","",""
"","355","allows a receiver whose token sets the feature to true","mod_audio_translation_component","Tue Aug 18 14:37:21 UTC 2026","passed","Tue Aug 18 14:37:22 UTC 2026","","subscribe authorization (live-translation-subscribe)","",""
"","0","sets initiator.id from jitsi_meet_context_user.id","mod_jibri_session","Tue Aug 18 14:36:54 UTC 2026","passed","Tue Aug 18 14:36:54 UTC 2026","","client-to-jicofo pass (no room attr on jibri element)","",""
"","0","returns nil when searching for nil","util.lib","Tue Aug 18 14:36:54 UTC 2026","passed","Tue Aug 18 14:36:54 UTC 2026","table_find","table helpers","",""
"","0","returns false for a room whose tenant does not start with vpaas-magic-cookie-","util.lib","Tue Aug 18 14:36:54 UTC 2026","passed","Tue Aug 18 14:36:54 UTC 2026","","is_vpaas","",""
"","64","focus can join a room","mod_muc_meeting_id","Tue Aug 18 14:39:17 UTC 2026","passed","Tue Aug 18 14:39:17 UTC 2026","","jicofo lock","",""
"","264","non-moderator recipient receives identity-stripped presence","mod_muc_displayname — hideDisplayNameForGuests","Tue Aug 18 14:38:57 UTC 2026","passed","Tue Aug 18 14:38:57 UTC 2026","","","",""
"","0","splits three segments correctly","luajwtjitsi","Tue Aug 18 14:36:53 UTC 2026","passed","Tue Aug 18 14:36:53 UTC 2026","split_token","internals","",""
"","132","non-focus is blocked even when focus is already in the room","mod_muc_meeting_id","Tue Aug 18 14:39:20 UTC 2026","passed","Tue Aug 18 14:39:20 UTC 2026","","health check rooms","",""
"","3","returns 400 when body is empty","mod_system_chat_message","Tue Aug 18 14:40:35 UTC 2026","passed","Tue Aug 18 14:40:35 UTC 2026","","parameter validation","",""
"","187","moderator can set a non-blocked key","mod_room_metadata_component","Tue Aug 18 14:40:13 UTC 2026","passed","Tue Aug 18 14:40:13 UTC 2026","","blocked keys","",""
"","0","accumulates across multiple dominant speaker episodes","SpeakerStats","Tue Aug 18 14:36:54 UTC 2026","passed","Tue Aug 18 14:36:54 UTC 2026","","setDominantSpeaker","",""
"","0","falls back to granted_jitsi_meet_context_user_id when context_user is nil","mod_jibri_session","Tue Aug 18 14:36:54 UTC 2026","passed","Tue Aug 18 14:36:54 UTC 2026","","client-to-jicofo pass (no room attr on jibri element)","",""
"","0","returns true for focus@auth.example.com","util.lib","Tue Aug 18 14:36:54 UTC 2026","passed","Tue Aug 18 14:36:54 UTC 2026","","is_focus_jid","",""
"","0","empty list returns false","luajwtjitsi","Tue Aug 18 14:36:53 UTC 2026","passed","Tue Aug 18 14:36:53 UTC 2026","verify_claim","internals","",""
"","0","extracts node, host, resource and subdomain from a multidomain JID","util.lib","Tue Aug 18 14:36:54 UTC 2026","passed","Tue Aug 18 14:36:54 UTC 2026","","room_jid_split_subdomain","",""
"","0","does not count time when starting dominant+silent","SpeakerStats","Tue Aug 18 14:36:54 UTC 2026","passed","Tue Aug 18 14:36:54 UTC 2026","","setDominantSpeaker","",""
"","0","returns true when string equals suffix exactly","util.lib","Tue Aug 18 14:36:54 UTC 2026","passed","Tue Aug 18 14:36:54 UTC 2026","","ends_with","",""
"","182","relayed answers contain only names — extra fields are stripped","mod_polls_component","Tue Aug 18 14:39:44 UTC 2026","passed","Tue Aug 18 14:39:44 UTC 2026","","poll creation","",""
"","0","returns true and room name for a moderated room (no subdomain)","util.lib","Tue Aug 18 14:36:54 UTC 2026","passed","Tue Aug 18 14:36:54 UTC 2026","","is_moderated","",""
"","438","blocks stop IQ when context.features present but recording key absent","mod_filter_iq_jibri (feature-based authorization)","Tue Aug 18 14:38:02 UTC 2026","passed","Tue Aug 18 14:38:02 UTC 2026","","recording (recording_mode=file)","",""
"","135","strips a client-supplied <identity> and replaces it with the real one","mod_presence_identity","Tue Aug 18 14:39:55 UTC 2026","passed","Tue Aug 18 14:39:55 UTC 2026","","spoofing prevention","",""
"","0","returns false when feature is present but set to false","util.lib","Tue Aug 18 14:36:54 UTC 2026","passed","Tue Aug 18 14:36:54 UTC 2026","","is_feature_allowed","",""
"","438","messages after cap remain blocked","mod_muc_limit_messages","Tue Aug 18 14:39:08 UTC 2026","passed","Tue Aug 18 14:39:09 UTC 2026","","","",""
"","71","returns passcodeProtected: true when room has a password set","mod_muc_password_check","Tue Aug 18 14:39:20 UTC 2026","passed","Tue Aug 18 14:39:20 UTC 2026","","GET room info","",""
"","169","injects <identity> in presence updates (not only on join)","mod_presence_identity","Tue Aug 18 14:39:55 UTC 2026","passed","Tue Aug 18 14:39:55 UTC 2026","","identity injection","",""
"","0","context.group uses jitsi_meet_context_group when present","mod_short_lived_token","Tue Aug 18 14:36:54 UTC 2026","passed","Tue Aug 18 14:36:54 UTC 2026","","generateToken payload","",""
"","0","uses custom label when provided","jwk.lib","Tue Aug 18 14:36:53 UTC 2026","passed","Tue Aug 18 14:36:53 UTC 2026","der_to_pem","ASN1","",""
"","0","wraps bytes with OID tag 0x06","jwk.lib","Tue Aug 18 14:36:53 UTC 2026","passed","Tue Aug 18 14:36:53 UTC 2026","encode_oid","ASN1","",""
"","0","logs error and does not register hook when main_muc is absent","mod_short_lived_token","Tue Aug 18 14:36:54 UTC 2026","passed","Tue Aug 18 14:36:54 UTC 2026","","config validation","",""
"","843","session survives a transcription-result with an empty transcript array","mod_muc_meeting_id","Tue Aug 18 14:39:18 UTC 2026","passed","Tue Aug 18 14:39:19 UTC 2026","","transcription filter robustness","",""
"","1","returns 400 when query string is missing","mod_muc_size","Tue Aug 18 14:39:42 UTC 2026","passed","Tue Aug 18 14:39:42 UTC 2026","","GET /room","",""
"","0","sets conference_details.session_id from room meetingId","mod_jibri_session","Tue Aug 18 14:36:54 UTC 2026","passed","Tue Aug 18 14:36:54 UTC 2026","","jicofo-to-jibri pass (room attr present on jibri element)","",""
"","13","sets session.jitsi_meet_context_features from token context","mod_auth_token (HS256 shared secret)","Tue Aug 18 14:37:45 UTC 2026","passed","Tue Aug 18 14:37:45 UTC 2026","","","",""
"","0","builds room JID with no subdomain","util.lib","Tue Aug 18 14:36:54 UTC 2026","passed","Tue Aug 18 14:36:54 UTC 2026","","build_room_address","",""
"","0","updates isSilent state","SpeakerStats","Tue Aug 18 14:36:54 UTC 2026","passed","Tue Aug 18 14:36:54 UTC 2026","","setDominantSpeaker","",""
"","147","returns 404 when no SIP-capable Jigasi is in the brewery","mod_muc_jigasi_invite","Tue Aug 18 14:39:07 UTC 2026","passed","Tue Aug 18 14:39:07 UTC 2026","","jigasi invite","",""
"","192","granting owner is allowed","mod_muc_allowners","Tue Aug 18 14:38:25 UTC 2026","passed","Tue Aug 18 14:38:25 UTC 2026","","non-moderated room","",""
"","0","returns truthy for recorder@ prefixed JID string","util.lib","Tue Aug 18 14:36:54 UTC 2026","passed","Tue Aug 18 14:36:54 UTC 2026","","is_jibri","",""
"","1197","joiner receives nothing when no files have been shared","mod_filesharing_component","Tue Aug 18 14:37:52 UTC 2026","passed","Tue Aug 18 14:37:53 UTC 2026","","new joiner receives file list","",""
"","2144","message with empty <room_metadata> body is ignored","mod_room_metadata_component","Tue Aug 18 14:40:28 UTC 2026","passed","Tue Aug 18 14:40:30 UTC 2026","","invalid payloads","",""
"","6","rejects connection with wrong secret","mod_auth_jitsi-shared-secret","Tue Aug 18 14:37:44 UTC 2026","passed","Tue Aug 18 14:37:44 UTC 2026","","","",""
"","2201","does not start timer when jibri leaves and a regular user is still present","mod_muc_cleanup_backend_services","Tue Aug 18 14:38:50 UTC 2026","passed","Tue Aug 18 14:38:52 UTC 2026","","","",""
"","0","sub is jitsi_web_query_prefix when non-empty","mod_short_lived_token","Tue Aug 18 14:36:54 UTC 2026","passed","Tue Aug 18 14:36:54 UTC 2026","","generateToken payload","",""
"","19","sets session.previd from ?previd query param","mod_jitsi_session","Tue Aug 18 14:38:24 UTC 2026","passed","Tue Aug 18 14:38:24 UTC 2026","","","",""
"","3","returns 400 when both participantId and number are provided","mod_muc_kick_participant","Tue Aug 18 14:39:07 UTC 2026","passed","Tue Aug 18 14:39:07 UTC 2026","","parameter validation","",""
"","57","non-admin cannot create rooms on the breakout component (restrict_room_creation)","mod_muc_breakout_rooms","Tue Aug 18 14:38:38 UTC 2026","passed","Tue Aug 18 14:38:38 UTC 2026","","access control","",""
"","141","moderator token holder is blocked by lobby, not bypassed by affiliation grant","mod_muc_lobby_rooms","Tue Aug 18 14:39:13 UTC 2026","passed","Tue Aug 18 14:39:13 UTC 2026","","token_affiliation interaction","",""
"","0","expired token is rejected","luajwtjitsi","Tue Aug 18 14:36:53 UTC 2026","passed","Tue Aug 18 14:36:53 UTC 2026","claims","verify","",""
"","124","rejects resource not matching UUID prefix","mod_muc_resource_validate","Tue Aug 18 14:39:41 UTC 2026","passed","Tue Aug 18 14:39:41 UTC 2026","","","",""
"","1145","non-moderator cannot update metadata","mod_room_metadata_component","Tue Aug 18 14:39:58 UTC 2026","passed","Tue Aug 18 14:39:59 UTC 2026","","authorization","",""
"","237","a duplicate pollId is rejected with an error","mod_polls_component","Tue Aug 18 14:39:44 UTC 2026","passed","Tue Aug 18 14:39:44 UTC 2026","","poll creation","",""
"","0","does not double-count when stopped twice in a row","SpeakerStats","Tue Aug 18 14:36:54 UTC 2026","passed","Tue Aug 18 14:36:54 UTC 2026","","setDominantSpeaker","",""
"","0","sends not-allowed when room is not found","mod_short_lived_token","Tue Aug 18 14:36:54 UTC 2026","passed","Tue Aug 18 14:36:54 UTC 2026","","external_service/credentials handler","",""
"","183","sanitizes the stored value to only the enabled flag","mod_audio_translation_component","Tue Aug 18 14:37:36 UTC 2026","passed","Tue Aug 18 14:37:37 UTC 2026","","enable-flag write gating (live-translation)","",""
"","138","rejects MUC join with invalid Lua regex room claim","mod_auth_token (ASAP / RS256)","Tue Aug 18 14:37:45 UTC 2026","passed","Tue Aug 18 14:37:45 UTC 2026","","","",""
"","68","leaves a conference-modify IQ with traceparent unmodified and exports nothing","mod_trace","Tue Aug 18 14:40:38 UTC 2026","passed","Tue Aug 18 14:40:39 UTC 2026","","when otlp_endpoint is unset","",""
"","740","does not throttle outbound-call dials","mod_filter_iq_rayo (feature-based authorization)","Tue Aug 18 14:38:19 UTC 2026","passed","Tue Aug 18 14:38:19 UTC 2026","","transcription per-room throttle","",""
"","0","returns false for a nick that contains focus but is not exactly focus","util.lib","Tue Aug 18 14:36:54 UTC 2026","passed","Tue Aug 18 14:36:54 UTC 2026","","is_focus_nick","",""
"","433","allows the first transcription dial in a room","mod_filter_iq_rayo (feature-based authorization)","Tue Aug 18 14:38:16 UTC 2026","passed","Tue Aug 18 14:38:16 UTC 2026","","transcription per-room throttle","",""
"","0","returns true when string ends with suffix","util.lib","Tue Aug 18 14:36:54 UTC 2026","passed","Tue Aug 18 14:36:54 UTC 2026","","ends_with","",""
"","0","passes stanza through unchanged when skipMapping is true","mod_muc_domain_mapper","Tue Aug 18 14:36:54 UTC 2026","passed","Tue Aug 18 14:36:54 UTC 2026","skipped stanzas","filter_stanza","",""
"","0","returns true when string starts with prefix","util.lib","Tue Aug 18 14:36:54 UTC 2026","passed","Tue Aug 18 14:36:54 UTC 2026","","starts_with","",""
"","7","assigns a UUID-based JID on anonymous connect","mod_auth_jitsi-anonymous","Tue Aug 18 14:37:44 UTC 2026","passed","Tue Aug 18 14:37:44 UTC 2026","","","",""
"","0","wrong key fails verification","luajwtjitsi","Tue Aug 18 14:36:53 UTC 2026","passed","Tue Aug 18 14:36:53 UTC 2026","HS256","verify","",""
"","200","JWT host is promoted and may revoke affiliations","mod_muc_allowners","Tue Aug 18 14:38:25 UTC 2026","passed","Tue Aug 18 14:38:26 UTC 2026","","moderated room","",""
"","127","grants member affiliation when moderator=false","mod_token_affiliation","Tue Aug 18 14:40:36 UTC 2026","passed","Tue Aug 18 14:40:36 UTC 2026","","","",""
"","587","rejects a non-alphabetical language","mod_audio_translation_component","Tue Aug 18 14:37:22 UTC 2026","passed","Tue Aug 18 14:37:23 UTC 2026","","validation (whole-stanza atomicity)","",""
"","0","returns true for empty prefix","util.lib","Tue Aug 18 14:36:54 UTC 2026","passed","Tue Aug 18 14:36:54 UTC 2026","","starts_with","",""
"","0","affiliation='moderator' sets owner","mod_token_affiliation","Tue Aug 18 14:36:54 UTC 2026","passed","Tue Aug 18 14:36:54 UTC 2026","","affiliation assignment","",""
"","2629","non-JSON 200 does not produce a Lua error in the HTTP callback","mod_muc_auth_ban","Tue Aug 18 14:38:30 UTC 2026","passed","Tue Aug 18 14:38:32 UTC 2026","","","",""
"","0","matches against a Set of prefixes","util.lib","Tue Aug 18 14:36:54 UTC 2026","passed","Tue Aug 18 14:36:54 UTC 2026","","starts_with_one_of","",""
"","0","reports removed keys","util.lib","Tue Aug 18 14:36:54 UTC 2026","passed","Tue Aug 18 14:36:54 UTC 2026","table_compare","table helpers","",""
"","191","moderator can end the conference — room is destroyed","mod_end_conference","Tue Aug 18 14:37:45 UTC 2026","passed","Tue Aug 18 14:37:45 UTC 2026","","","",""
"","703","does not broadcast when the resulting aggregate is unchanged","mod_audio_translation_component","Tue Aug 18 14:37:27 UTC 2026","passed","Tue Aug 18 14:37:27 UTC 2026","","delta semantics","",""
"","176","moderator startmuted presence updates metadata and broadcasts","mod_room_metadata_component","Tue Aug 18 14:40:15 UTC 2026","passed","Tue Aug 18 14:40:16 UTC 2026","","startMuted presence shim","",""
"","0","moderator=false sets member affiliation","mod_token_affiliation","Tue Aug 18 14:36:54 UTC 2026","passed","Tue Aug 18 14:36:54 UTC 2026","","affiliation assignment","",""
"","6","query contains region identity","mod_jiconop","Tue Aug 18 14:38:23 UTC 2026","passed","Tue Aug 18 14:38:23 UTC 2026","","","",""
"","134","whitelisted domain joins password-protected room without providing password","mod_muc_password_whitelist","Tue Aug 18 14:39:21 UTC 2026","passed","Tue Aug 18 14:39:21 UTC 2026","","","",""
"","0","does not call rewrites when 'to' and 'from' are absent","mod_muc_domain_mapper","Tue Aug 18 14:36:54 UTC 2026","passed","Tue Aug 18 14:36:54 UTC 2026","message stanzas","filter_stanza","",""
"","126","allows join with token whose room claim matches the room","mod_token_verification","Tue Aug 18 14:40:37 UTC 2026","passed","Tue Aug 18 14:40:38 UTC 2026","","join access control","",""
"","137","injects all default permissions into self-presence on join","mod_jitsi_permissions","Tue Aug 18 14:38:23 UTC 2026","passed","Tue Aug 18 14:38:23 UTC 2026","","moderator token without features","",""
"","0","encodes three-byte form for 256","jwk.lib","Tue Aug 18 14:36:53 UTC 2026","passed","Tue Aug 18 14:36:53 UTC 2026","encode_length","ASN1","",""
"","0","returns nil subdomain and the node itself when no brackets","util.lib","Tue Aug 18 14:36:54 UTC 2026","passed","Tue Aug 18 14:36:54 UTC 2026","","extract_subdomain","",""
"","5179","all 5 simultaneous leaves complete and observer receives all unavailable presences","mod_muc_rate_limit","Tue Aug 18 14:39:30 UTC 2026","passed","Tue Aug 18 14:39:35 UTC 2026","","leave rate limiting","",""
"","0","sets initiator.group from jitsi_meet_context_group","mod_jibri_session","Tue Aug 18 14:36:54 UTC 2026","passed","Tue Aug 18 14:36:54 UTC 2026","","client-to-jicofo pass (no room attr on jibri element)","",""
"","0","does not touch cert status for host not in overrides","mod_certs_s2soutinjection","Tue Aug 18 14:36:53 UTC 2026","passed","Tue Aug 18 14:36:53 UTC 2026","","attach()","",""
"","138","non-whitelisted client joins with correct password","mod_muc_password_whitelist","Tue Aug 18 14:39:21 UTC 2026","passed","Tue Aug 18 14:39:21 UTC 2026","","","",""
"","1074","a connected non-occupant cannot create a poll","mod_polls_component","Tue Aug 18 14:39:53 UTC 2026","passed","Tue Aug 18 14:39:54 UTC 2026","","sender authorization","",""
"","123","allows join with wildcard (*) room claim","mod_token_verification","Tue Aug 18 14:40:38 UTC 2026","passed","Tue Aug 18 14:40:38 UTC 2026","","join access control","",""
"","6","query contains release identity","mod_jiconop","Tue Aug 18 14:38:23 UTC 2026","passed","Tue Aug 18 14:38:23 UTC 2026","","","",""
"","433","ignores a message from a session without a room context","mod_audio_translation_component","Tue Aug 18 14:37:17 UTC 2026","passed","Tue Aug 18 14:37:18 UTC 2026","","routing and parsing","",""
"","16","sets session.jitsi_meet_room from room claim","mod_auth_token (ASAP / RS256)","Tue Aug 18 14:37:44 UTC 2026","passed","Tue Aug 18 14:37:44 UTC 2026","","","",""
"","292","body-less message is always delivered even when groupChatRestricted is true","mod_filter_messages","Tue Aug 18 14:38:23 UTC 2026","passed","Tue Aug 18 14:38:23 UTC 2026","","","",""
"","3","returns 400 when body is empty","mod_muc_kick_participant","Tue Aug 18 14:39:07 UTC 2026","passed","Tue Aug 18 14:39:07 UTC 2026","","parameter validation","",""
"","127","disco#info to a subdomain room JID returns a result","mod_muc_domain_mapper","Tue Aug 18 14:39:00 UTC 2026","passed","Tue Aug 18 14:39:00 UTC 2026","","IQ routing","",""
"","483","sends an empty JSON array when the last listener unsubscribes","mod_audio_translation_component","Tue Aug 18 14:37:41 UTC 2026","passed","Tue Aug 18 14:37:42 UTC 2026","","directed listeners push (translation-listeners)","",""
"","0","missing aud claim when acceptedAudiences provided is rejected","luajwtjitsi","Tue Aug 18 14:36:53 UTC 2026","passed","Tue Aug 18 14:36:53 UTC 2026","audience","verify","",""
"","439","passes stop IQ when features.recording = true","mod_filter_iq_jibri (feature-based authorization)","Tue Aug 18 14:38:01 UTC 2026","passed","Tue Aug 18 14:38:02 UTC 2026","","recording (recording_mode=file)","",""
"","1074","blocks a client from a non-whitelisted domain","mod_muc_filter_access","Tue Aug 18 14:39:01 UTC 2026","passed","Tue Aug 18 14:39:02 UTC 2026","","","",""
"","1190","message with no <room_metadata> child is ignored cleanly","mod_room_metadata_component","Tue Aug 18 14:40:25 UTC 2026","passed","Tue Aug 18 14:40:26 UTC 2026","","invalid payloads","",""
"","0","port is 443","mod_short_lived_token","Tue Aug 18 14:36:54 UTC 2026","passed","Tue Aug 18 14:36:54 UTC 2026","valid request service entry","external_service/credentials handler","",""
"","1058","cached banned token is rejected even when access manager is reset to allow","mod_muc_auth_ban","Tue Aug 18 14:38:27 UTC 2026","passed","Tue Aug 18 14:38:28 UTC 2026","","","",""
"","64","health check room bypasses the occupant limit","mod_muc_max_occupants","Tue Aug 18 14:39:15 UTC 2026","passed","Tue Aug 18 14:39:15 UTC 2026","","","",""
"","138","non-whitelisted client is rejected when joining without password","mod_muc_password_whitelist","Tue Aug 18 14:39:21 UTC 2026","passed","Tue Aug 18 14:39:21 UTC 2026","","","",""
"","0","appends all values from t2 onto t1","util.lib","Tue Aug 18 14:36:54 UTC 2026","passed","Tue Aug 18 14:36:54 UTC 2026","table_add","table helpers","",""
"","0","rewrites <conference room> attribute when child is present","mod_muc_domain_mapper","Tue Aug 18 14:36:54 UTC 2026","passed","Tue Aug 18 14:36:54 UTC 2026","iq stanzas","filter_stanza","",""
"","0","wraps with BIT STRING tag (0x03) and prepends unused-bits byte (0x00)","jwk.lib","Tue Aug 18 14:36:53 UTC 2026","passed","Tue Aug 18 14:36:53 UTC 2026","encode_bit_string","ASN1","",""
"","0","does not write a file when io.open fails","mod_debug_traceback","Tue Aug 18 14:36:54 UTC 2026","passed","Tue Aug 18 14:36:54 UTC 2026","","dump_traceback()","",""
"","254","all occupants receive an unavailable presence with a destroy reason","mod_end_conference","Tue Aug 18 14:37:45 UTC 2026","passed","Tue Aug 18 14:37:46 UTC 2026","","","",""
"","0","admin occupant — no affiliation set","mod_token_affiliation","Tue Aug 18 14:36:54 UTC 2026","passed","Tue Aug 18 14:36:54 UTC 2026","","skip conditions in muc-occupant-pre-join","",""
"","301","anonymous sender is blocked when groupChatRestricted is true","mod_filter_messages","Tue Aug 18 14:38:21 UTC 2026","passed","Tue Aug 18 14:38:21 UTC 2026","","","",""
"","1139","moderator cannot set blocked key ""moderators""","mod_room_metadata_component","Tue Aug 18 14:40:05 UTC 2026","passed","Tue Aug 18 14:40:06 UTC 2026","","blocked keys","",""
"","818","non-JSON 200 from access manager does not crash or ban the user (fail open)","mod_muc_auth_ban","Tue Aug 18 14:38:29 UTC 2026","passed","Tue Aug 18 14:38:30 UTC 2026","","","",""
"","0","removes the signature segment","luajwtjitsi","Tue Aug 18 14:36:53 UTC 2026","passed","Tue Aug 18 14:36:53 UTC 2026","strip_signature","internals","",""
"","151","returns 200 and delivers the message to the recipient","mod_system_chat_message","Tue Aug 18 14:40:35 UTC 2026","passed","Tue Aug 18 14:40:36 UTC 2026","","message delivery","",""
"","1137","message with missing ""key"" field is ignored","mod_room_metadata_component","Tue Aug 18 14:40:31 UTC 2026","passed","Tue Aug 18 14:40:32 UTC 2026","","invalid payloads","",""
"","57","non-focus participant is blocked from a health check room","mod_muc_meeting_id","Tue Aug 18 14:39:20 UTC 2026","passed","Tue Aug 18 14:39:20 UTC 2026","","health check rooms","",""
"","0","handles multiple hosts in override map independently","mod_certs_s2soutinjection","Tue Aug 18 14:36:53 UTC 2026","passed","Tue Aug 18 14:36:53 UTC 2026","","attach()","",""
"","123","non-subdomain room still works after mapper is loaded","mod_muc_domain_mapper","Tue Aug 18 14:38:59 UTC 2026","passed","Tue Aug 18 14:38:59 UTC 2026","","subdomain room join","",""
"","146","returns 200 with silent-reconnect=true and destroys the room","mod_muc_end_meeting","Tue Aug 18 14:39:01 UTC 2026","passed","Tue Aug 18 14:39:01 UTC 2026","","room termination","",""
"","133","guest is blocked with registration-required","mod_muc_wait_for_host","Tue Aug 18 14:39:43 UTC 2026","passed","Tue Aug 18 14:39:43 UTC 2026","","no host present","",""
"","1124","does not send broadcast to admin (focus)","mod_filesharing_component","Tue Aug 18 14:37:49 UTC 2026","passed","Tue Aug 18 14:37:50 UTC 2026","","add file","",""
"","238","broadcasts a new poll to all occupants","mod_polls_component","Tue Aug 18 14:39:44 UTC 2026","passed","Tue Aug 18 14:39:44 UTC 2026","","poll creation","",""
"","3","PUT returns 400 when body is valid JSON but passcode key is missing","mod_muc_password_check","Tue Aug 18 14:39:20 UTC 2026","passed","Tue Aug 18 14:39:20 UTC 2026","","parameter validation","",""
"","0","encodes single-byte length for 127","jwk.lib","Tue Aug 18 14:36:53 UTC 2026","passed","Tue Aug 18 14:36:53 UTC 2026","encode_length","ASN1","",""
"","0","produces empty strings at boundaries","util.lib","Tue Aug 18 14:36:54 UTC 2026","passed","Tue Aug 18 14:36:54 UTC 2026","","split_string","",""
"","231","history message contains <display-name> from nick for anonymous sender","mod_muc_displayname — message display-name handling","Tue Aug 18 14:38:58 UTC 2026","passed","Tue Aug 18 14:38:58 UTC 2026","","","",""
"","190","flip device bypasses lobby when first device is in main room","mod_muc_flip","Tue Aug 18 14:39:05 UTC 2026","passed","Tue Aug 18 14:39:05 UTC 2026","","lobby interactions","",""
"","290","broadcasts an answer to all occupants","mod_polls_component","Tue Aug 18 14:39:44 UTC 2026","passed","Tue Aug 18 14:39:45 UTC 2026","","poll answering","",""
"","0","returns nil for nil table","util.lib","Tue Aug 18 14:36:54 UTC 2026","passed","Tue Aug 18 14:36:54 UTC 2026","table_find","table helpers","",""
"","985","rejects a delta whose net result exceeds the limit","mod_audio_translation_component","Tue Aug 18 14:37:29 UTC 2026","passed","Tue Aug 18 14:37:30 UTC 2026","","per-receiver limit (3)","",""
"","148","returns 200 and destroys the room","mod_muc_end_meeting","Tue Aug 18 14:39:01 UTC 2026","passed","Tue Aug 18 14:39:01 UTC 2026","","room termination","",""
"","0","recognises outbound-sip-jibri@ prefix","util.lib","Tue Aug 18 14:36:54 UTC 2026","passed","Tue Aug 18 14:36:54 UTC 2026","","get_sip_jibri_email_prefix","",""
"","434","blocks start IQ when features.recording = false","mod_filter_iq_jibri (feature-based authorization)","Tue Aug 18 14:38:00 UTC 2026","passed","Tue Aug 18 14:38:00 UTC 2026","","recording (recording_mode=file)","",""
"","0","returns false for empty string","util.lib","Tue Aug 18 14:36:54 UTC 2026","passed","Tue Aug 18 14:36:54 UTC 2026","","is_focus_nick","",""
"","548","unions different languages requested for the same sender","mod_audio_translation_component","Tue Aug 18 14:37:31 UTC 2026","passed","Tue Aug 18 14:37:32 UTC 2026","","aggregation across receivers","",""
"","438","blocks start IQ when token has no context.features (non-moderator fallback)","mod_filter_iq_jibri (feature-based authorization)","Tue Aug 18 14:38:01 UTC 2026","passed","Tue Aug 18 14:38:01 UTC 2026","","recording (recording_mode=file)","",""
"","186","anonymous participants are promoted to owner on join","mod_muc_allowners","Tue Aug 18 14:38:24 UTC 2026","passed","Tue Aug 18 14:38:25 UTC 2026","","non-moderated room","",""
"","0","reports modified values","util.lib","Tue Aug 18 14:36:54 UTC 2026","passed","Tue Aug 18 14:36:54 UTC 2026","table_compare","table helpers","",""
"","8","rejects connection with expired token","mod_auth_token (ASAP / RS256)","Tue Aug 18 14:37:44 UTC 2026","passed","Tue Aug 18 14:37:44 UTC 2026","","","",""
"","185","room.has_host is cached: guest is admitted after the host leaves","mod_muc_wait_for_host","Tue Aug 18 14:39:44 UTC 2026","passed","Tue Aug 18 14:39:44 UTC 2026","","host present","",""
"","0","writes traceback content to file","mod_debug_traceback","Tue Aug 18 14:36:54 UTC 2026","passed","Tue Aug 18 14:36:54 UTC 2026","","dump_traceback()","",""
"","0","surrounds traceback with header and footer lines","mod_debug_traceback","Tue Aug 18 14:36:54 UTC 2026","passed","Tue Aug 18 14:36:54 UTC 2026","","dump_traceback()","",""
"","0","returns one element when there are no dots","luajwtjitsi","Tue Aug 18 14:36:53 UTC 2026","passed","Tue Aug 18 14:36:53 UTC 2026","split_token","internals","",""
"","0","username is token","mod_short_lived_token","Tue Aug 18 14:36:54 UTC 2026","passed","Tue Aug 18 14:36:54 UTC 2026","valid request service entry","external_service/credentials handler","",""
"","4","rejects connection when ?token is present but invalid","mod_jitsi_session","Tue Aug 18 14:38:24 UTC 2026","passed","Tue Aug 18 14:38:24 UTC 2026","","","",""
"","0","wraps content with SEQUENCE tag 0x30","jwk.lib","Tue Aug 18 14:36:53 UTC 2026","passed","Tue Aug 18 14:36:53 UTC 2026","encode_sequence","ASN1","",""
"","0","accepted issuer passes","luajwtjitsi","Tue Aug 18 14:36:53 UTC 2026","passed","Tue Aug 18 14:36:53 UTC 2026","issuer","verify","",""
"","9","rejects connection with wrong issuer","mod_auth_token (ASAP / RS256)","Tue Aug 18 14:37:44 UTC 2026","passed","Tue Aug 18 14:37:44 UTC 2026","","","",""
"","3","GET returns 400 when room query param is missing","mod_muc_password_check","Tue Aug 18 14:39:20 UTC 2026","passed","Tue Aug 18 14:39:20 UTC 2026","","parameter validation","",""
"","3168","room destroyed while joins are queued does not crash the module","mod_muc_rate_limit","Tue Aug 18 14:39:35 UTC 2026","passed","Tue Aug 18 14:39:38 UTC 2026","","room destruction","",""
"","0","accumulates time when dominant speaker stops","SpeakerStats","Tue Aug 18 14:36:54 UTC 2026","passed","Tue Aug 18 14:36:54 UTC 2026","","setDominantSpeaker","",""
"","8","assigns a new username when previd does not match any session","mod_auth_jitsi-anonymous","Tue Aug 18 14:37:44 UTC 2026","passed","Tue Aug 18 14:37:44 UTC 2026","","","",""
"","0","returns false for a room on the wrong MUC domain","util.lib","Tue Aug 18 14:36:54 UTC 2026","passed","Tue Aug 18 14:36:54 UTC 2026","","is_vpaas","",""
"","83","returns 403 when a login token is used instead of a system token","mod_muc_kick_participant","Tue Aug 18 14:39:07 UTC 2026","passed","Tue Aug 18 14:39:07 UTC 2026","","authentication","",""
"","0","returns false for nil","util.lib","Tue Aug 18 14:36:54 UTC 2026","passed","Tue Aug 18 14:36:54 UTC 2026","","is_focus_jid","",""
"","0","copies all key-value pairs","util.lib","Tue Aug 18 14:36:54 UTC 2026","passed","Tue Aug 18 14:36:54 UTC 2026","table_shallow_copy","table helpers","",""
"","437","blocks Start (recording_mode=file) when features.recording = false","mod_filter_iq_jibri (feature-based authorization)","Tue Aug 18 14:38:09 UTC 2026","passed","Tue Aug 18 14:38:10 UTC 2026","","attribute case normalisation","",""
"","443","passes through a clean user-id unchanged (control)","mod_filter_iq_rayo — CRLF escaping in re-serialized headers","Tue Aug 18 14:39:57 UTC 2026","passed","Tue Aug 18 14:39:57 UTC 2026","","","",""
"","476","moderator receives an update broadcast after creating a breakout room","mod_muc_breakout_rooms","Tue Aug 18 14:38:32 UTC 2026","passed","Tue Aug 18 14:38:33 UTC 2026","","create breakout room","",""
"","303","sender with no send-groupchat key in features is blocked when groupChatRestricted is true","mod_filter_messages","Tue Aug 18 14:38:21 UTC 2026","passed","Tue Aug 18 14:38:22 UTC 2026","","","",""
"","1187","identical startmuted values do not trigger a second broadcast","mod_room_metadata_component","Tue Aug 18 14:40:16 UTC 2026","passed","Tue Aug 18 14:40:17 UTC 2026","","startMuted presence shim","",""
"","1134","non-occupant message is silently ignored","mod_filesharing_component","Tue Aug 18 14:37:53 UTC 2026","passed","Tue Aug 18 14:37:54 UTC 2026","","authorization","",""
"","1142","message with null ""data"" is ignored","mod_room_metadata_component","Tue Aug 18 14:40:34 UTC 2026","passed","Tue Aug 18 14:40:35 UTC 2026","","invalid payloads","",""
"","0","returns true when both arguments are nil","util.lib","Tue Aug 18 14:36:54 UTC 2026","passed","Tue Aug 18 14:36:54 UTC 2026","table_equals","table helpers","",""
"","130","created_timestamp is set once a second occupant joins","mod_conference_duration","Tue Aug 18 14:37:45 UTC 2026","passed","Tue Aug 18 14:37:45 UTC 2026","","","",""
"","439","blocks stop IQ when context.features present but livestreaming key absent","mod_filter_iq_jibri (feature-based authorization)","Tue Aug 18 14:38:06 UTC 2026","passed","Tue Aug 18 14:38:06 UTC 2026","","livestreaming (recording_mode=stream)","",""
"","76","JWT authenticated user receives owner affiliation on join","mod_muc_wait_for_host","Tue Aug 18 14:39:43 UTC 2026","passed","Tue Aug 18 14:39:43 UTC 2026","","","",""
"","7","message is addressed to the client full JID","mod_jiconop","Tue Aug 18 14:38:23 UTC 2026","passed","Tue Aug 18 14:38:23 UTC 2026","","","",""
"","0","sub defaults to module.host when jitsi_web_query_prefix is nil","mod_short_lived_token","Tue Aug 18 14:36:54 UTC 2026","passed","Tue Aug 18 14:36:54 UTC 2026","","generateToken payload","",""
"","132","rejects a resource starting with an underscore","mod_muc_resource_validate","Tue Aug 18 14:39:41 UTC 2026","passed","Tue Aug 18 14:39:41 UTC 2026","","","",""
"","70","returns item-not-found error reply for Jibri IQ targeting a non-existent room","mod_filter_iq_jibri (feature-based authorization)","Tue Aug 18 14:38:08 UTC 2026","passed","Tue Aug 18 14:38:08 UTC 2026","","robustness","",""
"","118","allows join when room is empty","mod_muc_max_occupants","Tue Aug 18 14:39:15 UTC 2026","passed","Tue Aug 18 14:39:15 UTC 2026","","","",""
"","0","fires event before attempting file write (even on io failure)","mod_debug_traceback","Tue Aug 18 14:36:54 UTC 2026","passed","Tue Aug 18 14:36:54 UTC 2026","","dump_traceback()","",""
"","0","returns false for nil string","util.lib","Tue Aug 18 14:36:54 UTC 2026","passed","Tue Aug 18 14:36:54 UTC 2026","","starts_with","",""
"","138","returns 200 and removes the participant","mod_muc_kick_participant","Tue Aug 18 14:39:07 UTC 2026","passed","Tue Aug 18 14:39:07 UTC 2026","","kick behaviour","",""
"","1141","moderator cannot set blocked key ""conferencePresetsServiceEnabled""","mod_room_metadata_component","Tue Aug 18 14:40:02 UTC 2026","passed","Tue Aug 18 14:40:03 UTC 2026","","blocked keys","",""
"","435","blocks START (recording_mode=FILE) when only features.livestreaming = true (cross-feature)","mod_filter_iq_jibri (feature-based authorization)","Tue Aug 18 14:38:11 UTC 2026","passed","Tue Aug 18 14:38:11 UTC 2026","","attribute case normalisation","",""
"","0","returns nil subdomain for empty brackets (pattern requires >=1 char)","util.lib","Tue Aug 18 14:36:54 UTC 2026","passed","Tue Aug 18 14:36:54 UTC 2026","","extract_subdomain","",""
"","151","includes the lobby room JID in the 407 error","mod_muc_lobby_rooms","Tue Aug 18 14:39:12 UTC 2026","passed","Tue Aug 18 14:39:12 UTC 2026","","non-member join gate","",""
"","131","rejects a resource containing a hyphen","mod_muc_resource_validate","Tue Aug 18 14:39:41 UTC 2026","passed","Tue Aug 18 14:39:41 UTC 2026","","","",""
"","1258","two clients in different subdomain rooms do not see each other","mod_muc_domain_mapper","Tue Aug 18 14:38:59 UTC 2026","passed","Tue Aug 18 14:39:00 UTC 2026","","occupant presence exchange","",""
"","1141","moderator cannot set blocked key ""visitorsEnabled""","mod_room_metadata_component","Tue Aug 18 14:40:11 UTC 2026","passed","Tue Aug 18 14:40:13 UTC 2026","","blocked keys","",""
"","458","non-occupant cannot end the conference","mod_end_conference","Tue Aug 18 14:37:46 UTC 2026","passed","Tue Aug 18 14:37:47 UTC 2026","","","",""
"","306","joiner receives list of existing files","mod_filesharing_component","Tue Aug 18 14:37:52 UTC 2026","passed","Tue Aug 18 14:37:52 UTC 2026","","new joiner receives file list","",""
"","247","a client joining after a poll was created receives it via old-polls","mod_polls_component","Tue Aug 18 14:39:46 UTC 2026","passed","Tue Aug 18 14:39:46 UTC 2026","","history delivery","",""
"","130","a ban (affiliation=outcast by jid) targeting certain participant is rejected","mod_muc_meeting_id","Tue Aug 18 14:39:17 UTC 2026","passed","Tue Aug 18 14:39:17 UTC 2026","","set admin filtering","",""
"","486","drops a language when its sole referencer switches away","mod_audio_translation_component","Tue Aug 18 14:37:33 UTC 2026","passed","Tue Aug 18 14:37:34 UTC 2026","","aggregation across receivers","",""
"","574","does not remove focus before authorizing the affiliation change","mod_muc_lobby_rooms","Tue Aug 18 14:39:14 UTC 2026","passed","Tue Aug 18 14:39:15 UTC 2026","","admin-set nick reservation","",""
"","1177","does not broadcast when value is unchanged","mod_room_metadata_component","Tue Aug 18 14:40:13 UTC 2026","passed","Tue Aug 18 14:40:14 UTC 2026","","value deduplication","",""
"","136","admin operations targeting a non-focus occupant are not blocked by this hook","mod_muc_meeting_id","Tue Aug 18 14:39:18 UTC 2026","passed","Tue Aug 18 14:39:18 UTC 2026","","set admin filtering","",""
"","386","tracks room occupancy and updates when clients leave","mod_muc_census","Tue Aug 18 14:38:40 UTC 2026","passed","Tue Aug 18 14:38:41 UTC 2026","","","",""
"","443","plain message without <end_conference/> element is ignored","mod_end_conference","Tue Aug 18 14:37:47 UTC 2026","passed","Tue Aug 18 14:37:47 UTC 2026","","","",""
"","603","denies a receiver whose token sets live-translation-subscribe to false","mod_audio_translation_component","Tue Aug 18 14:37:20 UTC 2026","passed","Tue Aug 18 14:37:21 UTC 2026","","subscribe authorization (live-translation-subscribe)","",""
"","125","blocks join for member token scoped to a different room","mod_token_verification","Tue Aug 18 14:40:38 UTC 2026","passed","Tue Aug 18 14:40:38 UTC 2026","","join access control","",""
"","81","conference field equals the full room JID","mod_muc_password_check","Tue Aug 18 14:39:21 UTC 2026","passed","Tue Aug 18 14:39:21 UTC 2026","","GET room info","",""
"","0","unsupported algorithm returns error","luajwtjitsi","Tue Aug 18 14:36:53 UTC 2026","passed","Tue Aug 18 14:36:53 UTC 2026","argument validation","verify","",""
"","0","returns false for nil room","util.lib","Tue Aug 18 14:36:54 UTC 2026","passed","Tue Aug 18 14:36:54 UTC 2026","","is_vpaas","",""
"","0","non-string token returns error","luajwtjitsi","Tue Aug 18 14:36:53 UTC 2026","passed","Tue Aug 18 14:36:53 UTC 2026","argument validation","verify","",""
"","0","recognises a jicofo health-check room","util.lib","Tue Aug 18 14:36:54 UTC 2026","passed","Tue Aug 18 14:36:54 UTC 2026","","is_healthcheck_room","",""
"","0","nick ending in /focus returns true","util.lib","Tue Aug 18 14:36:54 UTC 2026","passed","Tue Aug 18 14:36:54 UTC 2026","","is_focus","",""
"","0","ignores an IQ with no jibri child","mod_jibri_session","Tue Aug 18 14:36:54 UTC 2026","passed","Tue Aug 18 14:36:54 UTC 2026","","non-matching stanzas pass through unchanged","",""
"","0","unsupported algorithm returns error","luajwtjitsi","Tue Aug 18 14:36:53 UTC 2026","passed","Tue Aug 18 14:36:53 UTC 2026","argument validation","encode","",""
"","245","client with file-upload feature can add file","mod_filesharing_component","Tue Aug 18 14:37:56 UTC 2026","passed","Tue Aug 18 14:37:56 UTC 2026","","authorization","",""
"","1146","non-moderator without features cannot set recording.isTranscribingEnabled","mod_room_metadata_component","Tue Aug 18 14:40:19 UTC 2026","passed","Tue Aug 18 14:40:20 UTC 2026","","allow-moderation hook (mod_filter_iq_rayo interop)","",""
"","0","returns truthy for jibria@ prefixed JID string","util.lib","Tue Aug 18 14:36:54 UTC 2026","passed","Tue Aug 18 14:36:54 UTC 2026","","is_jibri","",""
"","440","XML attribute CRLF is normalised to spaces by expat before reaching Lua","mod_filter_iq_rayo — CRLF escaping in re-serialized headers","Tue Aug 18 14:39:57 UTC 2026","passed","Tue Aug 18 14:39:58 UTC 2026","","","",""
"","438","blocks start IQ when features.livestreaming = false","mod_filter_iq_jibri (feature-based authorization)","Tue Aug 18 14:38:04 UTC 2026","passed","Tue Aug 18 14:38:04 UTC 2026","","livestreaming (recording_mode=stream)","",""
"","498","non-moderator participant cannot end the conference","mod_end_conference","Tue Aug 18 14:37:46 UTC 2026","passed","Tue Aug 18 14:37:46 UTC 2026","","","",""
"","0","returns nil when value is not present","util.lib","Tue Aug 18 14:36:54 UTC 2026","passed","Tue Aug 18 14:36:54 UTC 2026","table_find","table helpers","",""
"","132","blocks a non-member with 407 registration-required","mod_muc_lobby_rooms","Tue Aug 18 14:39:12 UTC 2026","passed","Tue Aug 18 14:39:12 UTC 2026","","non-member join gate","",""
"","73","focus can join a subdomain room","mod_muc_domain_mapper","Tue Aug 18 14:38:58 UTC 2026","passed","Tue Aug 18 14:38:59 UTC 2026","","subdomain room join","",""
"","132","anonymous participants are not promoted","mod_muc_allowners","Tue Aug 18 14:38:25 UTC 2026","passed","Tue Aug 18 14:38:25 UTC 2026","","moderated room","",""
"","0","aud is set to requested audience","mod_short_lived_token","Tue Aug 18 14:36:54 UTC 2026","passed","Tue Aug 18 14:36:54 UTC 2026","","generateToken payload","",""
"","143","sets token features on session for moderator with features","mod_jitsi_permissions","Tue Aug 18 14:38:24 UTC 2026","passed","Tue Aug 18 14:38:24 UTC 2026","","session features (via HTTP)","",""
"","484","denies a non-moderator without the live-translation feature","mod_audio_translation_component","Tue Aug 18 14:37:36 UTC 2026","passed","Tue Aug 18 14:37:36 UTC 2026","","enable-flag write gating (live-translation)","",""
"","538","rejects invalid JSON","mod_audio_translation_component","Tue Aug 18 14:37:16 UTC 2026","passed","Tue Aug 18 14:37:17 UTC 2026","","routing and parsing","",""
"","0","tags with 0x02 and does not pad when high bit is clear","jwk.lib","Tue Aug 18 14:36:53 UTC 2026","passed","Tue Aug 18 14:36:53 UTC 2026","encode_integer","ASN1","",""
"","381","leaves a conference-modify IQ without traceparent unmodified and exports nothing","mod_trace","Tue Aug 18 14:40:39 UTC 2026","passed","Tue Aug 18 14:40:39 UTC 2026","","when otlp_endpoint is set","",""
"","245","live broadcast strips <nick> and <display-name> from groupchat messages","mod_muc_displayname — message display-name handling","Tue Aug 18 14:38:58 UTC 2026","passed","Tue Aug 18 14:38:58 UTC 2026","","","",""
"","0","handles JID with no node (bare host)","util.lib","Tue Aug 18 14:36:54 UTC 2026","passed","Tue Aug 18 14:36:54 UTC 2026","","room_jid_split_subdomain","",""
"","0","healthcheck room — no affiliation set","mod_token_affiliation","Tue Aug 18 14:36:54 UTC 2026","passed","Tue Aug 18 14:36:54 UTC 2026","","skip conditions in muc-occupant-pre-join","",""
"","75","allows a client from a whitelisted domain to join","mod_muc_filter_access","Tue Aug 18 14:39:01 UTC 2026","passed","Tue Aug 18 14:39:01 UTC 2026","","","",""
"","636","clears listeners when disabled and restores them when re-enabled","mod_audio_translation_component","Tue Aug 18 14:37:43 UTC 2026","passed","Tue Aug 18 14:37:44 UTC 2026","","directed listeners push (translation-listeners)","",""
"","0","backend_region taken from region_name config","mod_short_lived_token","Tue Aug 18 14:36:54 UTC 2026","passed","Tue Aug 18 14:36:54 UTC 2026","","generateToken payload","",""
"","435","blocks IQ when context.features present but outbound-call key absent","mod_filter_iq_rayo (feature-based authorization)","Tue Aug 18 14:38:12 UTC 2026","passed","Tue Aug 18 14:38:13 UTC 2026","","outbound-call (dial to non-transcribe address)","",""
"","0","parses a valid HS256 token into header, body, and signature","luajwtjitsi","Tue Aug 18 14:36:53 UTC 2026","passed","Tue Aug 18 14:36:53 UTC 2026","parse_token","internals","",""
"","339","unauthenticated sender is still capped when check_token is enabled","mod_muc_limit_messages","Tue Aug 18 14:39:10 UTC 2026","passed","Tue Aug 18 14:39:11 UTC 2026","","","",""
"","433","blocks stop IQ when features.livestreaming = false","mod_filter_iq_jibri (feature-based authorization)","Tue Aug 18 14:38:06 UTC 2026","passed","Tue Aug 18 14:38:06 UTC 2026","","livestreaming (recording_mode=stream)","",""
"","133","survives context.user keys that contain XML-special characters","mod_presence_identity","Tue Aug 18 14:39:55 UTC 2026","passed","Tue Aug 18 14:39:55 UTC 2026","","malformed JWT context.user keys","",""
"","262","joining client receives current metadata","mod_room_metadata_component","Tue Aug 18 14:40:15 UTC 2026","passed","Tue Aug 18 14:40:15 UTC 2026","","initial metadata delivery","",""
"","711","keeps a language referenced by another receiver after a switch","mod_audio_translation_component","Tue Aug 18 14:37:32 UTC 2026","passed","Tue Aug 18 14:37:33 UTC 2026","","aggregation across receivers","",""
"","0","does not modify app_data when room is not found","mod_jibri_session","Tue Aug 18 14:36:54 UTC 2026","passed","Tue Aug 18 14:36:54 UTC 2026","","jicofo-to-jibri pass (room attr present on jibri element)","",""
"","248","all occupants receive the broadcast","mod_room_metadata_component","Tue Aug 18 14:40:14 UTC 2026","passed","Tue Aug 18 14:40:15 UTC 2026","","broadcast delivery","",""
"","0","rewrites 'from' via internal_room_jid_match_rewrite","mod_muc_domain_mapper","Tue Aug 18 14:36:54 UTC 2026","passed","Tue Aug 18 14:36:54 UTC 2026","message stanzas","filter_stanza","",""
"","204","moderator token user admitted from lobby joins directly without password prompt","mod_muc_lobby_rooms","Tue Aug 18 14:39:13 UTC 2026","passed","Tue Aug 18 14:39:13 UTC 2026","","token_affiliation interaction","",""
"","436","passes START (recording_mode=file) when features.recording = true","mod_filter_iq_jibri (feature-based authorization)","Tue Aug 18 14:38:10 UTC 2026","passed","Tue Aug 18 14:38:10 UTC 2026","","attribute case normalisation","",""
"","0","returns nil when n is missing","jwk.lib","Tue Aug 18 14:36:53 UTC 2026","passed","Tue Aug 18 14:36:53 UTC 2026","","jwk_to_pem","",""
"","4","returns 400 when conference param is missing","mod_muc_end_meeting","Tue Aug 18 14:39:01 UTC 2026","passed","Tue Aug 18 14:39:01 UTC 2026","","parameter validation","",""
"","1412","allows a valid alphanumeric resource","mod_muc_resource_validate","Tue Aug 18 14:39:38 UTC 2026","passed","Tue Aug 18 14:39:39 UTC 2026","","","",""
"","65","returns 400 when connectionJIDs is missing","mod_system_chat_message","Tue Aug 18 14:40:35 UTC 2026","passed","Tue Aug 18 14:40:35 UTC 2026","","parameter validation","",""
"","0","prepends 0x00 when high bit is set to indicate positive number","jwk.lib","Tue Aug 18 14:36:53 UTC 2026","passed","Tue Aug 18 14:36:53 UTC 2026","encode_integer","ASN1","",""
"","0","recognises the bare prefix itself","util.lib","Tue Aug 18 14:36:54 UTC 2026","passed","Tue Aug 18 14:36:54 UTC 2026","","is_healthcheck_room","",""
"","879","does not apply the throttle across different rooms","mod_filter_iq_rayo (feature-based authorization)","Tue Aug 18 14:38:18 UTC 2026","passed","Tue Aug 18 14:38:19 UTC 2026","","transcription per-room throttle","",""
"","0","caches the result in room.is_vpaas","util.lib","Tue Aug 18 14:36:54 UTC 2026","passed","Tue Aug 18 14:36:54 UTC 2026","","is_vpaas","",""
"","435","blocks IQ when token has no context.features (non-owner fallback)","mod_filter_iq_rayo (feature-based authorization)","Tue Aug 18 14:38:15 UTC 2026","passed","Tue Aug 18 14:38:15 UTC 2026","","transcription (dial to jitsi_meet_transcribe)","",""
"","65","created_timestamp is absent before a second occupant joins","mod_conference_duration","Tue Aug 18 14:37:45 UTC 2026","passed","Tue Aug 18 14:37:45 UTC 2026","","","",""
"","247","adds flip_device tag to the kicked occupant unavailable presence","mod_muc_flip","Tue Aug 18 14:39:04 UTC 2026","passed","Tue Aug 18 14:39:05 UTC 2026","","flip","",""
"","0","combines subdomain with multi-part base domain","util.lib","Tue Aug 18 14:36:54 UTC 2026","passed","Tue Aug 18 14:36:54 UTC 2026","","build_room_address","",""
"","738","drops a second transcription dial to the same room within 10 s","mod_filter_iq_rayo (feature-based authorization)","Tue Aug 18 14:38:16 UTC 2026","passed","Tue Aug 18 14:38:17 UTC 2026","","transcription per-room throttle","",""
"","0","returns error for token with only two segments","luajwtjitsi","Tue Aug 18 14:36:53 UTC 2026","passed","Tue Aug 18 14:36:53 UTC 2026","parse_token","internals","",""
"","434","blocks stop IQ when features.recording = false","mod_filter_iq_jibri (feature-based authorization)","Tue Aug 18 14:38:02 UTC 2026","passed","Tue Aug 18 14:38:02 UTC 2026","","recording (recording_mode=file)","",""
"","0","returns a distinct table (not the same reference)","util.lib","Tue Aug 18 14:36:54 UTC 2026","passed","Tue Aug 18 14:36:54 UTC 2026","table_shallow_copy","table helpers","",""
"","0","encode then verify returns original payload","luajwtjitsi","Tue Aug 18 14:36:53 UTC 2026","passed","Tue Aug 18 14:36:53 UTC 2026","HS512","verify","",""
"","130","adds <group> inside <identity> when context.group is set","mod_presence_identity","Tue Aug 18 14:39:54 UTC 2026","passed","Tue Aug 18 14:39:55 UTC 2026","","identity injection","",""
"","0","tampered signature fails verification","luajwtjitsi","Tue Aug 18 14:36:53 UTC 2026","passed","Tue Aug 18 14:36:53 UTC 2026","RS256","verify","",""
"","0","returns false for nil string","util.lib","Tue Aug 18 14:36:54 UTC 2026","passed","Tue Aug 18 14:36:54 UTC 2026","","starts_with_one_of","",""
"","87","rejects connection with wrong private key","mod_auth_token (ASAP / RS256)","Tue Aug 18 14:37:44 UTC 2026","passed","Tue Aug 18 14:37:44 UTC 2026","","","",""
"","1176","invalid JSON is ignored cleanly","mod_polls_component","Tue Aug 18 14:39:51 UTC 2026","passed","Tue Aug 18 14:39:52 UTC 2026","","validation","",""
"","437","blocks IQ when JvbRoomName header is missing","mod_filter_iq_rayo (feature-based authorization)","Tue Aug 18 14:38:15 UTC 2026","passed","Tue Aug 18 14:38:15 UTC 2026","","JvbRoomName header validation","",""
"","435","blocks IQ when token has no context.features (non-owner fallback)","mod_filter_iq_rayo (feature-based authorization)","Tue Aug 18 14:38:13 UTC 2026","passed","Tue Aug 18 14:38:13 UTC 2026","","outbound-call (dial to non-transcribe address)","",""
"","0","type is short-lived-token","mod_short_lived_token","Tue Aug 18 14:36:54 UTC 2026","passed","Tue Aug 18 14:36:54 UTC 2026","valid request service entry","external_service/credentials handler","",""
"","35","non-VPaaS user with a valid token is allowed without an HTTP check","mod_muc_auth_ban","Tue Aug 18 14:38:26 UTC 2026","passed","Tue Aug 18 14:38:26 UTC 2026","","","",""
"","59","a regular user cannot create a room by joining first","mod_muc_meeting_id","Tue Aug 18 14:39:17 UTC 2026","passed","Tue Aug 18 14:39:17 UTC 2026","","jicofo lock","",""
"","26","GET returns 404 when room does not exist","mod_muc_password_check","Tue Aug 18 14:39:20 UTC 2026","passed","Tue Aug 18 14:39:20 UTC 2026","","room lookup","",""
"","433","passes start IQ when features.livestreaming = true","mod_filter_iq_jibri (feature-based authorization)","Tue Aug 18 14:38:03 UTC 2026","passed","Tue Aug 18 14:38:04 UTC 2026","","livestreaming (recording_mode=stream)","",""
"","0","extracts subdomain and room name from [sub]room format","util.lib","Tue Aug 18 14:36:54 UTC 2026","passed","Tue Aug 18 14:36:54 UTC 2026","","extract_subdomain","",""
"","0","nbf is approximately now","mod_short_lived_token","Tue Aug 18 14:36:54 UTC 2026","passed","Tue Aug 18 14:36:54 UTC 2026","","generateToken payload","",""
"","0","prefers s2s_connect_overrides — s2sout_override hosts are ignored","mod_certs_s2soutinjection","Tue Aug 18 14:36:53 UTC 2026","passed","Tue Aug 18 14:36:53 UTC 2026","","attach()","",""
"","88","returns 403 when token is expired","mod_muc_kick_participant","Tue Aug 18 14:39:07 UTC 2026","passed","Tue Aug 18 14:39:07 UTC 2026","","authentication","",""
"","0","treats empty-string subdomain as no subdomain","util.lib","Tue Aug 18 14:36:54 UTC 2026","passed","Tue Aug 18 14:36:54 UTC 2026","","build_room_address","",""
"","24","sets session.jitsi_meet_context_features from token context","mod_auth_token (ASAP / RS256)","Tue Aug 18 14:37:44 UTC 2026","passed","Tue Aug 18 14:37:44 UTC 2026","","","",""
"","706","deduplicates the same language requested by two receivers","mod_audio_translation_component","Tue Aug 18 14:37:32 UTC 2026","passed","Tue Aug 18 14:37:32 UTC 2026","","aggregation across receivers","",""
"","0","logs an error when the file cannot be opened","mod_debug_traceback","Tue Aug 18 14:36:54 UTC 2026","passed","Tue Aug 18 14:36:54 UTC 2026","","dump_traceback()","",""
"","488","update payload contains the main room and the new breakout room","mod_muc_breakout_rooms","Tue Aug 18 14:38:33 UTC 2026","passed","Tue Aug 18 14:38:33 UTC 2026","","create breakout room","",""
"","2143","message with missing room attribute is ignored","mod_room_metadata_component","Tue Aug 18 14:40:26 UTC 2026","passed","Tue Aug 18 14:40:28 UTC 2026","","invalid payloads","",""
"","1175","new-poll with an empty answers array is ignored","mod_polls_component","Tue Aug 18 14:39:47 UTC 2026","passed","Tue Aug 18 14:39:49 UTC 2026","","validation","",""
"","124","leaves affiliation unchanged for anonymous user (no token)","mod_token_affiliation","Tue Aug 18 14:40:36 UTC 2026","passed","Tue Aug 18 14:40:36 UTC 2026","","","",""
"","244","history message contains <display-name> injected from token name","mod_muc_displayname — message display-name handling","Tue Aug 18 14:38:58 UTC 2026","passed","Tue Aug 18 14:38:58 UTC 2026","","","",""
"","469","accepts subscriptions up to the limit","mod_audio_translation_component","Tue Aug 18 14:37:27 UTC 2026","passed","Tue Aug 18 14:37:28 UTC 2026","","per-receiver limit (3)","",""
"","134","returns 200 with occupant array for an existing room","mod_muc_size","Tue Aug 18 14:39:42 UTC 2026","passed","Tue Aug 18 14:39:43 UTC 2026","","GET /room","",""
"","1366","removed file is not delivered to subsequent joiners","mod_filesharing_component","Tue Aug 18 14:37:50 UTC 2026","passed","Tue Aug 18 14:37:52 UTC 2026","","remove file","",""
"","0","returns false for a regular nick","util.lib","Tue Aug 18 14:36:54 UTC 2026","passed","Tue Aug 18 14:36:54 UTC 2026","","is_focus_nick","",""
"","443","passes start IQ when features.recording = true","mod_filter_iq_jibri (feature-based authorization)","Tue Aug 18 14:37:59 UTC 2026","passed","Tue Aug 18 14:38:00 UTC 2026","","recording (recording_mode=file)","",""
"","1033","VPaaS user is rejected (SASL failure) when access manager returns access=false","mod_muc_auth_ban","Tue Aug 18 14:38:26 UTC 2026","passed","Tue Aug 18 14:38:27 UTC 2026","","","",""
"","182","moderator without features can set recording.isTranscribingEnabled","mod_room_metadata_component","Tue Aug 18 14:40:18 UTC 2026","passed","Tue Aug 18 14:40:19 UTC 2026","","allow-moderation hook (mod_filter_iq_rayo interop)","",""
"","0","logs a not-allowed presence error once per session","mod_muc_domain_mapper","Tue Aug 18 14:36:54 UTC 2026","passed","Tue Aug 18 14:36:54 UTC 2026","log_not_allowed_errors","filter_stanza","",""
"","1176","new-poll with a missing question is ignored","mod_polls_component","Tue Aug 18 14:39:49 UTC 2026","passed","Tue Aug 18 14:39:50 UTC 2026","","validation","",""
"","1","returns 404 when room does not exist","mod_muc_size","Tue Aug 18 14:39:42 UTC 2026","passed","Tue Aug 18 14:39:42 UTC 2026","","GET /room-size","",""
"","4","returns 400 when room is missing","mod_system_chat_message","Tue Aug 18 14:40:35 UTC 2026","passed","Tue Aug 18 14:40:35 UTC 2026","","parameter validation","",""
"","3","PUT returns 400 when Content-Type is not application/json","mod_muc_password_check","Tue Aug 18 14:39:20 UTC 2026","passed","Tue Aug 18 14:39:20 UTC 2026","","parameter validation","",""
"","0","does not touch stanzas with no <conference> child","mod_muc_domain_mapper","Tue Aug 18 14:36:54 UTC 2026","passed","Tue Aug 18 14:36:54 UTC 2026","iq stanzas","filter_stanza","",""
"","0","sub defaults to module.host when jitsi_web_query_prefix is empty string","mod_short_lived_token","Tue Aug 18 14:36:54 UTC 2026","passed","Tue Aug 18 14:36:54 UTC 2026","","generateToken payload","",""
"","0","key passed to jwt.encode is the key read from key_path","mod_short_lived_token","Tue Aug 18 14:36:54 UTC 2026","passed","Tue Aug 18 14:36:54 UTC 2026","","generateToken payload","",""
"","5","returns 404 when room does not exist","mod_muc_kick_participant","Tue Aug 18 14:39:07 UTC 2026","passed","Tue Aug 18 14:39:07 UTC 2026","","kick behaviour","",""
"","0","uses custom filename template from config","mod_debug_traceback","Tue Aug 18 14:36:54 UTC 2026","passed","Tue Aug 18 14:36:54 UTC 2026","","dump_traceback()","",""
"","18","rejects connection with wrong issuer","mod_auth_token (HS256 shared secret)","Tue Aug 18 14:37:45 UTC 2026","passed","Tue Aug 18 14:37:45 UTC 2026","","","",""
"","0","resolves a roomless IQ stored by room_jid_match_rewrite","util.lib","Tue Aug 18 14:36:54 UTC 2026","passed","Tue Aug 18 14:36:54 UTC 2026","","internal_room_jid_match_rewrite","",""
"","1141","non-moderator with transcription feature cannot set unrelated metadata keys","mod_room_metadata_component","Tue Aug 18 14:40:22 UTC 2026","passed","Tue Aug 18 14:40:23 UTC 2026","","allow-moderation hook (mod_filter_iq_rayo interop)","",""
"","0","returns two elements for two segments","luajwtjitsi","Tue Aug 18 14:36:53 UTC 2026","passed","Tue Aug 18 14:36:53 UTC 2026","split_token","internals","",""
"","0","returns false for nil","util.lib","Tue Aug 18 14:36:54 UTC 2026","passed","Tue Aug 18 14:36:54 UTC 2026","","is_healthcheck_room","",""
"","288","moderator recipient receives full presence with identity intact","mod_muc_displayname — hideDisplayNameForGuests","Tue Aug 18 14:38:57 UTC 2026","passed","Tue Aug 18 14:38:57 UTC 2026","","","",""
"","0","returns false when prefix is longer than string","util.lib","Tue Aug 18 14:36:54 UTC 2026","passed","Tue Aug 18 14:36:54 UTC 2026","","starts_with","",""
"","307","sender with send-groupchat=true is allowed when groupChatRestricted is true","mod_filter_messages","Tue Aug 18 14:38:22 UTC 2026","passed","Tue Aug 18 14:38:23 UTC 2026","","","",""
"","498","muc_limit_messages must not count messages already blocked by filter_messages","mod_muc_limit_messages","Tue Aug 18 14:39:11 UTC 2026","passed","Tue Aug 18 14:39:11 UTC 2026","","","",""
"","1240","does not send broadcast back to sender","mod_filesharing_component","Tue Aug 18 14:37:47 UTC 2026","passed","Tue Aug 18 14:37:49 UTC 2026","","add file","",""
"","0","nil session — no affiliation set","mod_token_affiliation","Tue Aug 18 14:36:54 UTC 2026","passed","Tue Aug 18 14:36:54 UTC 2026","","skip conditions in muc-occupant-pre-join","",""
"","134","sets default permissions on session for moderator without token features","mod_jitsi_permissions","Tue Aug 18 14:38:24 UTC 2026","passed","Tue Aug 18 14:38:24 UTC 2026","","session features (via HTTP)","",""
"","0","does not modify app_data when origin (session) is nil","mod_jibri_session","Tue Aug 18 14:36:54 UTC 2026","passed","Tue Aug 18 14:36:54 UTC 2026","","client-to-jicofo pass (no room attr on jibri element)","",""
"","19","connects successfully with a valid token","mod_auth_token (HS256 shared secret)","Tue Aug 18 14:37:45 UTC 2026","passed","Tue Aug 18 14:37:45 UTC 2026","","","",""
"","19","rejects connection with not-yet-valid token (nbf in the future)","mod_auth_token (ASAP / RS256)","Tue Aug 18 14:37:44 UTC 2026","passed","Tue Aug 18 14:37:44 UTC 2026","","","",""
"","529","VPaaS user is allowed when access manager returns access=true","mod_muc_auth_ban","Tue Aug 18 14:38:26 UTC 2026","passed","Tue Aug 18 14:38:26 UTC 2026","","","",""
"","0","converts a minimal RSA JWK (no 0x00 padding) to PEM","jwk.lib","Tue Aug 18 14:36:53 UTC 2026","passed","Tue Aug 18 14:36:53 UTC 2026","","jwk_to_pem","",""
"","0","multiple audiences produce one service entry each","mod_short_lived_token","Tue Aug 18 14:36:54 UTC 2026","passed","Tue Aug 18 14:36:54 UTC 2026","","external_service/credentials handler","",""
"","4","returns 400 when Content-Type is not application/json","mod_muc_kick_participant","Tue Aug 18 14:39:07 UTC 2026","passed","Tue Aug 18 14:39:07 UTC 2026","","parameter validation","",""
"","1649","participant can join breakout room after smacks session resume","mod_muc_breakout_rooms","Tue Aug 18 14:38:36 UTC 2026","passed","Tue Aug 18 14:38:38 UTC 2026","","smacks session resume","",""
"","6","sends an unsolicited message with a disco#info query on connect","mod_jiconop","Tue Aug 18 14:38:23 UTC 2026","passed","Tue Aug 18 14:38:23 UTC 2026","","","",""
"","126","a kick (role=none by nick) targeting certain participant is rejected","mod_muc_meeting_id","Tue Aug 18 14:39:17 UTC 2026","passed","Tue Aug 18 14:39:17 UTC 2026","","set admin filtering","",""
"","0","moderator=true sets owner affiliation and moderator role","mod_token_affiliation","Tue Aug 18 14:36:54 UTC 2026","passed","Tue Aug 18 14:36:54 UTC 2026","","affiliation assignment","",""
"","134","does not inject permissions when token already contains features","mod_jitsi_permissions","Tue Aug 18 14:38:23 UTC 2026","passed","Tue Aug 18 14:38:23 UTC 2026","","moderator token with features","",""
"","178","message is delivered when groupChatRestricted is not set","mod_filter_messages","Tue Aug 18 14:38:21 UTC 2026","passed","Tue Aug 18 14:38:21 UTC 2026","","","",""
"","66","GET returns 403 when Authorization header is absent","mod_muc_password_check","Tue Aug 18 14:39:20 UTC 2026","passed","Tue Aug 18 14:39:20 UTC 2026","","authentication","",""
"","439","strips arbitrary client-supplied headers","mod_filter_iq_rayo (feature-based authorization)","Tue Aug 18 14:38:19 UTC 2026","passed","Tue Aug 18 14:38:20 UTC 2026","","header stripping","",""
"","0","does not rewrite a JID whose host uses an arbitrary non-dot separator after the prefix","util.lib","Tue Aug 18 14:36:54 UTC 2026","passed","Tue Aug 18 14:36:54 UTC 2026","","room_jid_match_rewrite","",""
"","0","resumes accumulating after returning from silence","SpeakerStats","Tue Aug 18 14:36:54 UTC 2026","passed","Tue Aug 18 14:36:54 UTC 2026","","setDominantSpeaker","",""
"","20","sets session.jitsi_meet_context_user.id from top-level user_id when context is absent","mod_auth_token (ASAP / RS256)","Tue Aug 18 14:37:44 UTC 2026","passed","Tue Aug 18 14:37:44 UTC 2026","","","",""
"","7","PUT returns 404 when room does not exist","mod_muc_password_check","Tue Aug 18 14:39:20 UTC 2026","passed","Tue Aug 18 14:39:20 UTC 2026","","room lookup","",""
"","438","passes JvbRoomPassword through when provided","mod_filter_iq_rayo (feature-based authorization)","Tue Aug 18 14:38:20 UTC 2026","passed","Tue Aug 18 14:38:20 UTC 2026","","JvbRoomPassword header","",""
"","367","rewrites the traceparent parent_id and exports a span for a conference-modify IQ","mod_trace","Tue Aug 18 14:40:39 UTC 2026","passed","Tue Aug 18 14:40:39 UTC 2026","","when otlp_endpoint is set","",""
"","1176","answer-poll with non-boolean answers is ignored","mod_polls_component","Tue Aug 18 14:39:50 UTC 2026","passed","Tue Aug 18 14:39:51 UTC 2026","","validation","",""
"","0","registers handler on s2s-check-certificate event","mod_certs_s2soutinjection","Tue Aug 18 14:36:53 UTC 2026","passed","Tue Aug 18 14:36:53 UTC 2026","","event wrapping","",""
"","0","returns false for a room without a tenant bracket prefix","util.lib","Tue Aug 18 14:36:54 UTC 2026","passed","Tue Aug 18 14:36:54 UTC 2026","","is_vpaas","",""
"","0","recognises inbound-sip-jibri@ prefix","util.lib","Tue Aug 18 14:36:54 UTC 2026","passed","Tue Aug 18 14:36:54 UTC 2026","","get_sip_jibri_email_prefix","",""
"","237","broadcasts when value changes","mod_room_metadata_component","Tue Aug 18 14:40:14 UTC 2026","passed","Tue Aug 18 14:40:14 UTC 2026","","value deduplication","",""
"","1397","allows a resource with underscore after the first character","mod_muc_resource_validate","Tue Aug 18 14:39:39 UTC 2026","passed","Tue Aug 18 14:39:41 UTC 2026","","","",""
"","137","pre-approved member with display name can join","mod_muc_lobby_rooms","Tue Aug 18 14:39:12 UTC 2026","passed","Tue Aug 18 14:39:12 UTC 2026","","bypass paths","",""
"","2199","does not start timer when breakout rooms are active","mod_muc_cleanup_backend_services","Tue Aug 18 14:38:54 UTC 2026","passed","Tue Aug 18 14:38:56 UTC 2026","","","",""
"","8","sets session.customusername from ?customusername query param","mod_jitsi_session","Tue Aug 18 14:38:24 UTC 2026","passed","Tue Aug 18 14:38:24 UTC 2026","","","",""
"","138","non-member can join freely after lobby is disabled","mod_muc_lobby_rooms","Tue Aug 18 14:39:13 UTC 2026","passed","Tue Aug 18 14:39:13 UTC 2026","","lifecycle","",""
"","20","query contains shard identity","mod_jiconop","Tue Aug 18 14:38:23 UTC 2026","passed","Tue Aug 18 14:38:23 UTC 2026","","","",""
"","125","allows resource matching UUID prefix","mod_muc_resource_validate","Tue Aug 18 14:39:41 UTC 2026","passed","Tue Aug 18 14:39:41 UTC 2026","","","",""
"","401","lists every receiver translating a sender, sorted","mod_audio_translation_component","Tue Aug 18 14:37:41 UTC 2026","passed","Tue Aug 18 14:37:41 UTC 2026","","directed listeners push (translation-listeners)","",""
"","840","session survives a transcription-result with a missing participant field","mod_muc_meeting_id","Tue Aug 18 14:39:19 UTC 2026","passed","Tue Aug 18 14:39:20 UTC 2026","","transcription filter robustness","",""
"","436","blocks start IQ when token has no context.features (non-moderator fallback)","mod_filter_iq_jibri (feature-based authorization)","Tue Aug 18 14:38:05 UTC 2026","passed","Tue Aug 18 14:38:05 UTC 2026","","livestreaming (recording_mode=stream)","",""
"","0","create and export span","otel","Tue Aug 18 14:36:54 UTC 2026","passed","Tue Aug 18 14:36:54 UTC 2026","","span","",""
"","436","blocks start IQ when context.features present but livestreaming key absent","mod_filter_iq_jibri (feature-based authorization)","Tue Aug 18 14:38:04 UTC 2026","passed","Tue Aug 18 14:38:05 UTC 2026","","livestreaming (recording_mode=stream)","",""
"","0","accumulates time up to the moment of going silent","SpeakerStats","Tue Aug 18 14:36:54 UTC 2026","passed","Tue Aug 18 14:36:54 UTC 2026","","setDominantSpeaker","",""
"","2196","destroys room when last regular user leaves and only transcriber remains","mod_muc_cleanup_backend_services","Tue Aug 18 14:38:43 UTC 2026","passed","Tue Aug 18 14:38:45 UTC 2026","","","",""
"","4","PUT returns 400 when body is empty","mod_muc_password_check","Tue Aug 18 14:39:20 UTC 2026","passed","Tue Aug 18 14:39:20 UTC 2026","","parameter validation","",""
"","680","tracks the limit independently per receiver","mod_audio_translation_component","Tue Aug 18 14:37:30 UTC 2026","passed","Tue Aug 18 14:37:31 UTC 2026","","per-receiver limit (3)","",""
"","0","transport is https","mod_short_lived_token","Tue Aug 18 14:36:54 UTC 2026","passed","Tue Aug 18 14:36:54 UTC 2026","valid request service entry","external_service/credentials handler","",""
"","0","logs error and skips hook when key_id is absent","mod_short_lived_token","Tue Aug 18 14:36:54 UTC 2026","passed","Tue Aug 18 14:36:54 UTC 2026","","config validation","",""
"","0","returns nil for nil email","util.lib","Tue Aug 18 14:36:54 UTC 2026","passed","Tue Aug 18 14:36:54 UTC 2026","","get_sip_jibri_email_prefix","",""
"","0","returns false for nil prefixes","util.lib","Tue Aug 18 14:36:54 UTC 2026","passed","Tue Aug 18 14:36:54 UTC 2026","","starts_with_one_of","",""
"","23","does not crash on connect with invalid Lua regex room claim","mod_auth_token (ASAP / RS256)","Tue Aug 18 14:37:45 UTC 2026","passed","Tue Aug 18 14:37:45 UTC 2026","","","",""
"","77","returns 401 when a login token is used instead of a system token","mod_system_chat_message","Tue Aug 18 14:40:35 UTC 2026","passed","Tue Aug 18 14:40:35 UTC 2026","","authentication","",""
"","148","includes displayName in the payload when provided","mod_system_chat_message","Tue Aug 18 14:40:36 UTC 2026","passed","Tue Aug 18 14:40:36 UTC 2026","","message delivery","",""
"","690","does not resend for a language switch that leaves the listener set unchanged","mod_audio_translation_component","Tue Aug 18 14:37:43 UTC 2026","passed","Tue Aug 18 14:37:43 UTC 2026","","directed listeners push (translation-listeners)","",""
"","249","blocks join when room is at the limit","mod_muc_max_occupants","Tue Aug 18 14:39:15 UTC 2026","passed","Tue Aug 18 14:39:15 UTC 2026","","","",""
"","181","non-owner with no token features receives forbidden error","mod_filesharing_component","Tue Aug 18 14:37:55 UTC 2026","passed","Tue Aug 18 14:37:56 UTC 2026","","authorization","",""
"","0","returns false for an unmoderated room without a subdomain","util.lib","Tue Aug 18 14:36:54 UTC 2026","passed","Tue Aug 18 14:36:54 UTC 2026","","is_moderated","",""
"","4109","all 5 simultaneous joins complete despite rate=1/s","mod_muc_rate_limit","Tue Aug 18 14:39:21 UTC 2026","passed","Tue Aug 18 14:39:25 UTC 2026","","join rate limiting","",""
"","381","per-room limit higher than global allows more occupants","mod_muc_max_occupants","Tue Aug 18 14:39:16 UTC 2026","passed","Tue Aug 18 14:39:16 UTC 2026","","per-room limit","",""
"","0","default filename contains pid and starts with data path","mod_debug_traceback","Tue Aug 18 14:36:54 UTC 2026","passed","Tue Aug 18 14:36:54 UTC 2026","","dump_traceback()","",""
"","0","host is audience value","mod_short_lived_token","Tue Aug 18 14:36:54 UTC 2026","passed","Tue Aug 18 14:36:54 UTC 2026","valid request service entry","external_service/credentials handler","",""
"","342","allows a receiver with no token features","mod_audio_translation_component","Tue Aug 18 14:37:21 UTC 2026","passed","Tue Aug 18 14:37:21 UTC 2026","","subscribe authorization (live-translation-subscribe)","",""
"","436","blocks IQ when features.outbound-call = false","mod_filter_iq_rayo (feature-based authorization)","Tue Aug 18 14:38:12 UTC 2026","passed","Tue Aug 18 14:38:12 UTC 2026","","outbound-call (dial to non-transcribe address)","",""
"","0","granted_from set from session.granted_jitsi_meet_context_user_id","mod_short_lived_token","Tue Aug 18 14:36:54 UTC 2026","passed","Tue Aug 18 14:36:54 UTC 2026","","generateToken payload","",""
"","0","nick containing focus but not ending in /focus returns false","util.lib","Tue Aug 18 14:36:54 UTC 2026","passed","Tue Aug 18 14:36:54 UTC 2026","","is_focus","",""
"","0","returns false when string does not start with prefix","util.lib","Tue Aug 18 14:36:54 UTC 2026","passed","Tue Aug 18 14:36:54 UTC 2026","","starts_with","",""
"","132","guest is admitted when a JWT host has already joined","mod_muc_wait_for_host","Tue Aug 18 14:39:43 UTC 2026","passed","Tue Aug 18 14:39:44 UTC 2026","","host present","",""
"","0","returns false when no prefix in table matches","util.lib","Tue Aug 18 14:36:54 UTC 2026","passed","Tue Aug 18 14:36:54 UTC 2026","","starts_with_one_of","",""
"","129","focus can still create the room after a rejected creation attempt","mod_muc_meeting_id","Tue Aug 18 14:39:17 UTC 2026","passed","Tue Aug 18 14:39:17 UTC 2026","","jicofo lock","",""
"","0","non-string key returns error","luajwtjitsi","Tue Aug 18 14:36:53 UTC 2026","passed","Tue Aug 18 14:36:53 UTC 2026","argument validation","encode","",""
"","128","blocks join for moderator token scoped to a different room","mod_token_verification","Tue Aug 18 14:40:38 UTC 2026","passed","Tue Aug 18 14:40:38 UTC 2026","","join access control","",""
"","0","leaks no raw CR or LF bytes in the serialized stanza","Rayo dial IQ header CRLF escaping [in-file reference serializer]","Tue Aug 18 14:36:54 UTC 2026","passed","Tue Aug 18 14:36:54 UTC 2026","","","",""
"","0","wildcard matches any value","luajwtjitsi","Tue Aug 18 14:36:53 UTC 2026","passed","Tue Aug 18 14:36:53 UTC 2026","issuer","verify","",""
"","1010","blocks a non-whitelisted client even when it creates the room","mod_muc_filter_access","Tue Aug 18 14:39:02 UTC 2026","passed","Tue Aug 18 14:39:03 UTC 2026","","","",""
"","0","encodes single-byte length for 0","jwk.lib","Tue Aug 18 14:36:53 UTC 2026","passed","Tue Aug 18 14:36:53 UTC 2026","encode_length","ASN1","",""
"","142","does not block authenticated user from sending owner config IQ","mod_token_verification","Tue Aug 18 14:40:38 UTC 2026","passed","Tue Aug 18 14:40:38 UTC 2026","","token_verification_require_token_for_moderation","",""
"","0","encodes three-byte form for 65535","jwk.lib","Tue Aug 18 14:36:53 UTC 2026","passed","Tue Aug 18 14:36:53 UTC 2026","encode_length","ASN1","",""
"","0","malformed token (two segments) returns error","luajwtjitsi","Tue Aug 18 14:36:53 UTC 2026","passed","Tue Aug 18 14:36:53 UTC 2026","argument validation","verify","",""
"","2259","does not destroy room when a second regular user is still present","mod_muc_cleanup_backend_services","Tue Aug 18 14:38:45 UTC 2026","passed","Tue Aug 18 14:38:47 UTC 2026","","","",""
"","0","preserves resource in the rewritten JID","util.lib","Tue Aug 18 14:36:54 UTC 2026","passed","Tue Aug 18 14:36:54 UTC 2026","","internal_room_jid_match_rewrite","",""
"","77","lobby room JID is advertised in room disco info after enable","mod_muc_lobby_rooms","Tue Aug 18 14:39:12 UTC 2026","passed","Tue Aug 18 14:39:12 UTC 2026","","lifecycle","",""
"","1145","message without jitsi_web_query_room is silently ignored","mod_filesharing_component","Tue Aug 18 14:37:54 UTC 2026","passed","Tue Aug 18 14:37:55 UTC 2026","","authorization","",""
"","0","nbf in the future is rejected","luajwtjitsi","Tue Aug 18 14:36:53 UTC 2026","passed","Tue Aug 18 14:36:53 UTC 2026","claims","verify","",""
"","0","authenticated non-moderator sets member affiliation, role unchanged","mod_token_affiliation","Tue Aug 18 14:36:54 UTC 2026","passed","Tue Aug 18 14:36:54 UTC 2026","","affiliation assignment","",""
"","0","returns true and room/subdomain for a moderated subdomain","util.lib","Tue Aug 18 14:36:54 UTC 2026","passed","Tue Aug 18 14:36:54 UTC 2026","","is_moderated","",""
"","134","affiliation='owner'","mod_token_affiliation","Tue Aug 18 14:40:37 UTC 2026","passed","Tue Aug 18 14:40:37 UTC 2026","","moderator claim variants that grant owner/moderator","",""
"","0","loads cleanly with all required options present","mod_short_lived_token","Tue Aug 18 14:36:54 UTC 2026","passed","Tue Aug 18 14:36:54 UTC 2026","","config validation","",""
"","0","falls back to granted_jitsi_meet_context_group_id when context_group is nil","mod_jibri_session","Tue Aug 18 14:36:54 UTC 2026","passed","Tue Aug 18 14:36:54 UTC 2026","","client-to-jicofo pass (no room attr on jibri element)","",""
"","124","blocks unauthenticated user from sending owner config IQ","mod_token_verification","Tue Aug 18 14:40:38 UTC 2026","passed","Tue Aug 18 14:40:38 UTC 2026","","token_verification_require_token_for_moderation","",""
"","437","blocks stop IQ when token has no context.features (non-moderator fallback)","mod_filter_iq_jibri (feature-based authorization)","Tue Aug 18 14:38:02 UTC 2026","passed","Tue Aug 18 14:38:03 UTC 2026","","recording (recording_mode=file)","",""
"","0","returns true for empty suffix","util.lib","Tue Aug 18 14:36:54 UTC 2026","passed","Tue Aug 18 14:36:54 UTC 2026","","ends_with","",""
"","187","rejects a nick change to a different resource","mod_muc_resource_validate","Tue Aug 18 14:39:41 UTC 2026","passed","Tue Aug 18 14:39:41 UTC 2026","","","",""
"","146","non-occupant disco#info returns <forbidden>","mod_muc_hide_all","Tue Aug 18 14:39:06 UTC 2026","passed","Tue Aug 18 14:39:06 UTC 2026","","when module is enabled","",""
"","0","preserves the room name text around the escaped CRLF","Rayo dial IQ header CRLF escaping [in-file reference serializer]","Tue Aug 18 14:36:54 UTC 2026","passed","Tue Aug 18 14:36:54 UTC 2026","","","",""
"","29","allows any username with the correct secret","mod_auth_jitsi-shared-secret","Tue Aug 18 14:37:44 UTC 2026","passed","Tue Aug 18 14:37:44 UTC 2026","","","",""
"","143","returns 401 when Authorization header is absent","mod_muc_end_meeting","Tue Aug 18 14:39:00 UTC 2026","passed","Tue Aug 18 14:39:01 UTC 2026","","authentication","",""
"","133","whitelisted domain bypasses lobby without affiliation","mod_muc_lobby_rooms","Tue Aug 18 14:39:12 UTC 2026","passed","Tue Aug 18 14:39:12 UTC 2026","","bypass paths","",""
"","0","wrong issuer is rejected","luajwtjitsi","Tue Aug 18 14:36:53 UTC 2026","passed","Tue Aug 18 14:36:53 UTC 2026","issuer","verify","",""
"","132","a role demotion (role=participant) targeting certain participant is rejected","mod_muc_meeting_id","Tue Aug 18 14:39:18 UTC 2026","passed","Tue Aug 18 14:39:18 UTC 2026","","set admin filtering","",""
"","0","no token — no affiliation set","mod_token_affiliation","Tue Aug 18 14:36:54 UTC 2026","passed","Tue Aug 18 14:36:54 UTC 2026","","skip conditions in muc-occupant-pre-join","",""
"","0","does not deep-copy nested tables","util.lib","Tue Aug 18 14:36:54 UTC 2026","passed","Tue Aug 18 14:36:54 UTC 2026","table_shallow_copy","table helpers","",""
"","197","enforces token name: observer sees token name even when sender sent a different nick","mod_muc_displayname — name-readonly","Tue Aug 18 14:38:56 UTC 2026","passed","Tue Aug 18 14:38:56 UTC 2026","","","",""
"","6","returns 400 when body is empty","mod_muc_jigasi_invite","Tue Aug 18 14:39:06 UTC 2026","passed","Tue Aug 18 14:39:06 UTC 2026","","parameter validation","",""
"","445","removes the request map entirely once the last subscription is gone","mod_audio_translation_component","Tue Aug 18 14:37:38 UTC 2026","passed","Tue Aug 18 14:37:38 UTC 2026","","MUC-leave pruning","",""
"","377","answer-poll json-message passes through even after cap is reached","mod_muc_limit_messages","Tue Aug 18 14:39:09 UTC 2026","passed","Tue Aug 18 14:39:10 UTC 2026","","","",""
"","249","JWT host arriving after lobby is triggered opens the room for new guests","mod_muc_wait_for_host","Tue Aug 18 14:39:43 UTC 2026","passed","Tue Aug 18 14:39:43 UTC 2026","","","",""
"","189","non-moderator with transcription feature can set recording.isRecordingRequested","mod_room_metadata_component","Tue Aug 18 14:40:18 UTC 2026","passed","Tue Aug 18 14:40:18 UTC 2026","","allow-moderation hook (mod_filter_iq_rayo interop)","",""
"","6","returns 400 when phoneNo is missing","mod_muc_jigasi_invite","Tue Aug 18 14:39:06 UTC 2026","passed","Tue Aug 18 14:39:06 UTC 2026","","parameter validation","",""
"","145","blocks join when token room claim does not match the room","mod_token_verification","Tue Aug 18 14:40:38 UTC 2026","passed","Tue Aug 18 14:40:38 UTC 2026","","join access control","",""
"","0","preserves pre-existing top-level app_data keys","mod_jibri_session","Tue Aug 18 14:36:54 UTC 2026","passed","Tue Aug 18 14:36:54 UTC 2026","","client-to-jicofo pass (no room attr on jibri element)","",""
"","0","returns nil subdomain for a hyphenated-prefix host (regression: unescaped dot)","util.lib","Tue Aug 18 14:36:54 UTC 2026","passed","Tue Aug 18 14:36:54 UTC 2026","","room_jid_split_subdomain","",""
"","1253","recording with only unrecognized fields falls through to the default moderator check","mod_room_metadata_component","Tue Aug 18 14:40:23 UTC 2026","passed","Tue Aug 18 14:40:25 UTC 2026","","allow-moderation hook (mod_filter_iq_rayo interop)","",""
"","0","matches against a plain table of prefixes","util.lib","Tue Aug 18 14:36:54 UTC 2026","passed","Tue Aug 18 14:36:54 UTC 2026","","starts_with_one_of","",""
"","24","assigns a different JID to each client","mod_auth_jitsi-anonymous","Tue Aug 18 14:37:44 UTC 2026","passed","Tue Aug 18 14:37:44 UTC 2026","","","",""
"","189","returns 200 with participant count for an existing room","mod_muc_size","Tue Aug 18 14:39:42 UTC 2026","passed","Tue Aug 18 14:39:42 UTC 2026","","GET /room-size","",""
"","0","returns false for a regular room","util.lib","Tue Aug 18 14:36:54 UTC 2026","passed","Tue Aug 18 14:36:54 UTC 2026","","is_healthcheck_room","",""
"","0","customer_id uses extracted subdomain customer_id when present","mod_short_lived_token","Tue Aug 18 14:36:54 UTC 2026","passed","Tue Aug 18 14:36:54 UTC 2026","","generateToken payload","",""
"","639","clears the map (stops translation) when disabled, and restores it when re-enabled","mod_audio_translation_component","Tue Aug 18 14:37:20 UTC 2026","passed","Tue Aug 18 14:37:20 UTC 2026","","enabled flag","",""
"","0","does not log for non-error presence","mod_muc_domain_mapper","Tue Aug 18 14:36:54 UTC 2026","passed","Tue Aug 18 14:36:54 UTC 2026","log_not_allowed_errors","filter_stanza","",""
"","443","passes IQ when features.transcription = true","mod_filter_iq_rayo (feature-based authorization)","Tue Aug 18 14:38:13 UTC 2026","passed","Tue Aug 18 14:38:14 UTC 2026","","transcription (dial to jitsi_meet_transcribe)","",""
"","0","does not log a second time on the same session","mod_muc_domain_mapper","Tue Aug 18 14:36:54 UTC 2026","passed","Tue Aug 18 14:36:54 UTC 2026","log_not_allowed_errors","filter_stanza","",""
"","0","returns JID unchanged when host is not the MUC domain","util.lib","Tue Aug 18 14:36:54 UTC 2026","passed","Tue Aug 18 14:36:54 UTC 2026","","internal_room_jid_match_rewrite","",""
"","0","falls back to s2sout_override when s2s_connect_overrides is absent","mod_certs_s2soutinjection","Tue Aug 18 14:36:53 UTC 2026","passed","Tue Aug 18 14:36:53 UTC 2026","","attach()","",""
"","475","blocks a client from setting audioTranslationRequests via metadata","mod_audio_translation_component","Tue Aug 18 14:37:35 UTC 2026","passed","Tue Aug 18 14:37:36 UTC 2026","","aggregation across receivers","",""
"","295","moderator with empty features in token is blocked when groupChatRestricted is true","mod_filter_messages","Tue Aug 18 14:38:22 UTC 2026","passed","Tue Aug 18 14:38:22 UTC 2026","","","",""
"","480","rejects a sender that is not an occupant of the room","mod_audio_translation_component","Tue Aug 18 14:37:18 UTC 2026","passed","Tue Aug 18 14:37:18 UTC 2026","","room and occupant resolution","",""
"","197","strips flip_device tag when the user is not already in the room","mod_muc_flip","Tue Aug 18 14:39:04 UTC 2026","passed","Tue Aug 18 14:39:04 UTC 2026","","flip_device tag stripping","",""
"","828","ignores a message with no <audio-translation> child","mod_audio_translation_component","Tue Aug 18 14:37:15 UTC 2026","passed","Tue Aug 18 14:37:16 UTC 2026","","routing and parsing","",""
"","135","allows anonymous join when allow_empty_token = true","mod_token_verification","Tue Aug 18 14:40:37 UTC 2026","passed","Tue Aug 18 14:40:37 UTC 2026","","join access control","",""
"","24","resumes session with same username when previd matches SM token","mod_auth_jitsi-anonymous","Tue Aug 18 14:37:44 UTC 2026","passed","Tue Aug 18 14:37:44 UTC 2026","","","",""
"","607","allows a language switch at the limit (count unchanged)","mod_audio_translation_component","Tue Aug 18 14:37:29 UTC 2026","passed","Tue Aug 18 14:37:29 UTC 2026","","per-receiver limit (3)","",""
"","942","rejects a new subscription that would exceed the limit","mod_audio_translation_component","Tue Aug 18 14:37:28 UTC 2026","passed","Tue Aug 18 14:37:29 UTC 2026","","per-receiver limit (3)","",""
"","23","sets session.jitsi_meet_context_group from token context","mod_auth_token (ASAP / RS256)","Tue Aug 18 14:37:44 UTC 2026","passed","Tue Aug 18 14:37:44 UTC 2026","","","",""
