"DESCRIPTION","DURATION IN MS","NAME","PARENT SUITE","START TIME","STATUS","STOP TIME","SUB SUITE","SUITE","TEST CLASS","TEST METHOD"
"","124","blocks join for member token scoped to a different room","mod_token_verification","Tue Aug 18 14:31:48 UTC 2026","passed","Tue Aug 18 14:31:48 UTC 2026","","join access control","",""
"","184","allows join when room has one occupant (under limit)","mod_muc_max_occupants","Tue Aug 18 14:30:26 UTC 2026","passed","Tue Aug 18 14:30:26 UTC 2026","","","",""
"","183","returns 200 with participant count for an existing room","mod_muc_size","Tue Aug 18 14:30:52 UTC 2026","passed","Tue Aug 18 14:30:53 UTC 2026","","GET /room-size","",""
"","188","strips flip_device tag from guest (no JWT context)","mod_muc_flip","Tue Aug 18 14:30:15 UTC 2026","passed","Tue Aug 18 14:30:15 UTC 2026","","flip_device tag stripping","",""
"","284","broadcasts remove event to other occupants","mod_filesharing_component","Tue Aug 18 14:28:52 UTC 2026","passed","Tue Aug 18 14:28:52 UTC 2026","","remove file","",""
"","136","created_timestamp is set once a second occupant joins","mod_conference_duration","Tue Aug 18 14:28:47 UTC 2026","passed","Tue Aug 18 14:28:47 UTC 2026","","","",""
"","0","uses custom label when provided","jwk.lib","Tue Aug 18 14:27:52 UTC 2026","passed","Tue Aug 18 14:27:52 UTC 2026","der_to_pem","ASN1","",""
"","68","lobby room JID is absent from disco info after disable","mod_muc_lobby_rooms","Tue Aug 18 14:30:24 UTC 2026","passed","Tue Aug 18 14:30:24 UTC 2026","","lifecycle","",""
"","0","returns true for empty prefix","util.lib","Tue Aug 18 14:27:52 UTC 2026","passed","Tue Aug 18 14:27:52 UTC 2026","","starts_with","",""
"","688","does not broadcast when the resulting aggregate is unchanged","mod_audio_translation_component","Tue Aug 18 14:28:29 UTC 2026","passed","Tue Aug 18 14:28:29 UTC 2026","","delta semantics","",""
"","1055","cached banned token is rejected even when access manager is reset to allow","mod_muc_auth_ban","Tue Aug 18 14:29:34 UTC 2026","passed","Tue Aug 18 14:29:35 UTC 2026","","","",""
"","3","PUT returns 400 when body is valid JSON but passcode key is missing","mod_muc_password_check","Tue Aug 18 14:30:31 UTC 2026","passed","Tue Aug 18 14:30:31 UTC 2026","","parameter validation","",""
"","0","returns nil when n is missing","jwk.lib","Tue Aug 18 14:27:52 UTC 2026","passed","Tue Aug 18 14:27:52 UTC 2026","","jwk_to_pem","",""
"","433","passes status IQ regardless of features (only start/stop are gated)","mod_filter_iq_jibri (feature-based authorization)","Tue Aug 18 14:29:05 UTC 2026","passed","Tue Aug 18 14:29:05 UTC 2026","","recording (recording_mode=file)","",""
"","634","a ban by jid is rejected even when a mismatched nick is also present","mod_muc_meeting_id","Tue Aug 18 14:30:28 UTC 2026","passed","Tue Aug 18 14:30:29 UTC 2026","","set admin filtering","",""
"","244","all occupants receive the broadcast","mod_room_metadata_component","Tue Aug 18 14:31:25 UTC 2026","passed","Tue Aug 18 14:31:25 UTC 2026","","broadcast delivery","",""
"","0","tampered payload fails verification","luajwtjitsi","Tue Aug 18 14:27:52 UTC 2026","passed","Tue Aug 18 14:27:52 UTC 2026","HS256","verify","",""
"","0","healthcheck room — no affiliation set","mod_token_affiliation","Tue Aug 18 14:27:52 UTC 2026","passed","Tue Aug 18 14:27:52 UTC 2026","","skip conditions in muc-occupant-pre-join","",""
"","188","JWT host is promoted and may revoke affiliations","mod_muc_allowners","Tue Aug 18 14:29:27 UTC 2026","passed","Tue Aug 18 14:29:27 UTC 2026","","moderated room","",""
"","130","non-whitelisted client joins with correct password","mod_muc_password_whitelist","Tue Aug 18 14:30:32 UTC 2026","passed","Tue Aug 18 14:30:32 UTC 2026","","","",""
"","0","does not write a file when io.open fails","mod_debug_traceback","Tue Aug 18 14:27:52 UTC 2026","passed","Tue Aug 18 14:27:52 UTC 2026","","dump_traceback()","",""
"","347","allows a receiver whose token sets the feature to true","mod_audio_translation_component","Tue Aug 18 14:28:23 UTC 2026","passed","Tue Aug 18 14:28:24 UTC 2026","","subscribe authorization (live-translation-subscribe)","",""
"","434","blocks IQ when context.features present but outbound-call key absent","mod_filter_iq_rayo (feature-based authorization)","Tue Aug 18 14:29:14 UTC 2026","passed","Tue Aug 18 14:29:15 UTC 2026","","outbound-call (dial to non-transcribe address)","",""
"","1139","message without jitsi_web_query_room is silently ignored","mod_filesharing_component","Tue Aug 18 14:28:56 UTC 2026","passed","Tue Aug 18 14:28:57 UTC 2026","","authorization","",""
"","4048","all 5 simultaneous joins complete despite rate=1/s","mod_muc_rate_limit","Tue Aug 18 14:30:32 UTC 2026","passed","Tue Aug 18 14:30:36 UTC 2026","","join rate limiting","",""
"","131","does not inject permissions for member participant","mod_jitsi_permissions","Tue Aug 18 14:29:25 UTC 2026","passed","Tue Aug 18 14:29:25 UTC 2026","","non-moderator token","",""
"","3","PUT returns 400 when body is empty","mod_muc_password_check","Tue Aug 18 14:30:31 UTC 2026","passed","Tue Aug 18 14:30:31 UTC 2026","","parameter validation","",""
"","0","converts a JWK with high-bit modulus (requires 0x00 padding) to PEM","jwk.lib","Tue Aug 18 14:27:52 UTC 2026","passed","Tue Aug 18 14:27:52 UTC 2026","","jwk_to_pem","",""
"","0","returns the index of a found value","util.lib","Tue Aug 18 14:27:52 UTC 2026","passed","Tue Aug 18 14:27:52 UTC 2026","table_find","table helpers","",""
"","0","recognises a jicofo health-check room","util.lib","Tue Aug 18 14:27:52 UTC 2026","passed","Tue Aug 18 14:27:52 UTC 2026","","is_healthcheck_room","",""
"","16","sets session.jitsi_meet_room from room claim","mod_auth_token (HS256 shared secret)","Tue Aug 18 14:28:47 UTC 2026","passed","Tue Aug 18 14:28:47 UTC 2026","","","",""
"","2","returns 404 when room does not exist","mod_muc_size","Tue Aug 18 14:30:53 UTC 2026","passed","Tue Aug 18 14:30:53 UTC 2026","","GET /room","",""
"","0","password is non-empty string","mod_short_lived_token","Tue Aug 18 14:27:52 UTC 2026","passed","Tue Aug 18 14:27:52 UTC 2026","valid request service entry","external_service/credentials handler","",""
"","230","a revoke item after a benign first item is also rejected","mod_muc_allowners","Tue Aug 18 14:29:26 UTC 2026","passed","Tue Aug 18 14:29:27 UTC 2026","","non-moderated room","",""
"","441","blocks IQ when features.outbound-call = false","mod_filter_iq_rayo (feature-based authorization)","Tue Aug 18 14:29:14 UTC 2026","passed","Tue Aug 18 14:29:14 UTC 2026","","outbound-call (dial to non-transcribe address)","",""
"","244","a client joining after a poll was created receives it via old-polls","mod_polls_component","Tue Aug 18 14:30:57 UTC 2026","passed","Tue Aug 18 14:30:57 UTC 2026","","history delivery","",""
"","0","exp is approximately now + ttl_seconds","mod_short_lived_token","Tue Aug 18 14:27:52 UTC 2026","passed","Tue Aug 18 14:27:52 UTC 2026","","generateToken payload","",""
"","530","rejects a senderId that is not 8 hex digits","mod_audio_translation_component","Tue Aug 18 14:28:24 UTC 2026","passed","Tue Aug 18 14:28:24 UTC 2026","","validation (whole-stanza atomicity)","",""
"","0","moderator=true sets owner affiliation and moderator role","mod_token_affiliation","Tue Aug 18 14:27:52 UTC 2026","passed","Tue Aug 18 14:27:52 UTC 2026","","affiliation assignment","",""
"","294","sender with send-groupchat=true is allowed when groupChatRestricted is true","mod_filter_messages","Tue Aug 18 14:29:24 UTC 2026","passed","Tue Aug 18 14:29:24 UTC 2026","","","",""
"","234","broadcast preserves previously set keys","mod_room_metadata_component","Tue Aug 18 14:31:25 UTC 2026","passed","Tue Aug 18 14:31:25 UTC 2026","","broadcast delivery","",""
"","136","moderator token holder is blocked by lobby, not bypassed by affiliation grant","mod_muc_lobby_rooms","Tue Aug 18 14:30:24 UTC 2026","passed","Tue Aug 18 14:30:24 UTC 2026","","token_affiliation interaction","",""
"","0","returns false when feature is present but set to false","util.lib","Tue Aug 18 14:27:52 UTC 2026","passed","Tue Aug 18 14:27:52 UTC 2026","","is_feature_allowed","",""
"","78","returns passcodeProtected: true when room has a password set","mod_muc_password_check","Tue Aug 18 14:30:31 UTC 2026","passed","Tue Aug 18 14:30:31 UTC 2026","","GET room info","",""
"","1093","directs the push only to the translated sender","mod_audio_translation_component","Tue Aug 18 14:28:41 UTC 2026","passed","Tue Aug 18 14:28:42 UTC 2026","","directed listeners push (translation-listeners)","",""
"","573","does not remove focus before authorizing the affiliation change","mod_muc_lobby_rooms","Tue Aug 18 14:30:25 UTC 2026","passed","Tue Aug 18 14:30:26 UTC 2026","","admin-set nick reservation","",""
"","797","coalesces a burst of deltas into a single broadcast","mod_audio_translation_component","Tue Aug 18 14:28:40 UTC 2026","passed","Tue Aug 18 14:28:41 UTC 2026","","debounce","",""
"","126","strips a client-supplied <identity> and replaces it with the real one","mod_presence_identity","Tue Aug 18 14:31:06 UTC 2026","passed","Tue Aug 18 14:31:06 UTC 2026","","spoofing prevention","",""
"","436","plain message without <end_conference/> element is ignored","mod_end_conference","Tue Aug 18 14:28:49 UTC 2026","passed","Tue Aug 18 14:28:49 UTC 2026","","","",""
"","131","a ban (affiliation=outcast by jid) targeting certain participant is rejected","mod_muc_meeting_id","Tue Aug 18 14:30:28 UTC 2026","passed","Tue Aug 18 14:30:28 UTC 2026","","set admin filtering","",""
"","0","logs error and skips hook when key_id is absent","mod_short_lived_token","Tue Aug 18 14:27:52 UTC 2026","passed","Tue Aug 18 14:27:52 UTC 2026","","config validation","",""
"","1184","new-poll with a non-string answer name is ignored","mod_polls_component","Tue Aug 18 14:30:57 UTC 2026","passed","Tue Aug 18 14:30:58 UTC 2026","","validation","",""
"","441","passes stop IQ when features.recording = true","mod_filter_iq_jibri (feature-based authorization)","Tue Aug 18 14:29:03 UTC 2026","passed","Tue Aug 18 14:29:04 UTC 2026","","recording (recording_mode=file)","",""
"","505","prunes a departed sender from every receiver","mod_audio_translation_component","Tue Aug 18 14:28:39 UTC 2026","passed","Tue Aug 18 14:28:40 UTC 2026","","MUC-leave pruning","",""
"","0","non-string algorithm returns error","luajwtjitsi","Tue Aug 18 14:27:52 UTC 2026","passed","Tue Aug 18 14:27:52 UTC 2026","argument validation","verify","",""
"","0","returns true for the bare string 'focus'","util.lib","Tue Aug 18 14:27:52 UTC 2026","passed","Tue Aug 18 14:27:52 UTC 2026","","is_focus_nick","",""
"","8","rejects connection with wrong issuer","mod_auth_token (ASAP / RS256)","Tue Aug 18 14:28:46 UTC 2026","passed","Tue Aug 18 14:28:46 UTC 2026","","","",""
"","0","logs error and does not register hook when main_muc is absent","mod_short_lived_token","Tue Aug 18 14:27:52 UTC 2026","passed","Tue Aug 18 14:27:52 UTC 2026","","config validation","",""
"","494","authenticated sender lifts the cap permanently","mod_muc_limit_messages","Tue Aug 18 14:30:21 UTC 2026","passed","Tue Aug 18 14:30:21 UTC 2026","","","",""
"","1012","blocks a non-whitelisted client even when it creates the room","mod_muc_filter_access","Tue Aug 18 14:30:14 UTC 2026","passed","Tue Aug 18 14:30:15 UTC 2026","","","",""
"","746","rejects the whole stanza when one of several entries is invalid","mod_audio_translation_component","Tue Aug 18 14:28:26 UTC 2026","passed","Tue Aug 18 14:28:27 UTC 2026","","validation (whole-stanza atomicity)","",""
"","0","wrong audience is rejected","luajwtjitsi","Tue Aug 18 14:27:52 UTC 2026","passed","Tue Aug 18 14:27:52 UTC 2026","audience","verify","",""
"","5","rejects connection when ?token is present but invalid","mod_jitsi_session","Tue Aug 18 14:29:26 UTC 2026","passed","Tue Aug 18 14:29:26 UTC 2026","","","",""
"","0","returns false for nil","util.lib","Tue Aug 18 14:27:52 UTC 2026","passed","Tue Aug 18 14:27:52 UTC 2026","","is_transcriber","",""
"","183","non-moderator with transcription feature can set recording.isTranscribingEnabled","mod_room_metadata_component","Tue Aug 18 14:31:28 UTC 2026","passed","Tue Aug 18 14:31:29 UTC 2026","","allow-moderation hook (mod_filter_iq_rayo interop)","",""
"","177","rejects a nick change to a different resource","mod_muc_resource_validate","Tue Aug 18 14:30:52 UTC 2026","passed","Tue Aug 18 14:30:52 UTC 2026","","","",""
"","0","does not push service when credential key is not in accepted map","mod_short_lived_token","Tue Aug 18 14:27:52 UTC 2026","passed","Tue Aug 18 14:27:52 UTC 2026","","external_service/credentials handler","",""
"","434","blocks stop IQ when features.livestreaming = false","mod_filter_iq_jibri (feature-based authorization)","Tue Aug 18 14:29:07 UTC 2026","passed","Tue Aug 18 14:29:08 UTC 2026","","livestreaming (recording_mode=stream)","",""
"","3","returns 400 when body is empty","mod_system_chat_message","Tue Aug 18 14:31:46 UTC 2026","passed","Tue Aug 18 14:31:46 UTC 2026","","parameter validation","",""
"","0","wildcard in mixed list still matches","luajwtjitsi","Tue Aug 18 14:27:52 UTC 2026","passed","Tue Aug 18 14:27:52 UTC 2026","verify_claim","internals","",""
"","125","whitelisted domain joins password-protected room without providing password","mod_muc_password_whitelist","Tue Aug 18 14:30:32 UTC 2026","passed","Tue Aug 18 14:30:32 UTC 2026","","","",""
"","5","returns 400 when body is empty","mod_muc_jigasi_invite","Tue Aug 18 14:30:18 UTC 2026","passed","Tue Aug 18 14:30:18 UTC 2026","","parameter validation","",""
"","475","drops a language when its sole referencer switches away","mod_audio_translation_component","Tue Aug 18 14:28:35 UTC 2026","passed","Tue Aug 18 14:28:36 UTC 2026","","aggregation across receivers","",""
"","20","connects successfully with a valid RS256 token","mod_auth_token (ASAP / RS256)","Tue Aug 18 14:28:46 UTC 2026","passed","Tue Aug 18 14:28:46 UTC 2026","","","",""
"","0","does not touch stanzas with no <conference> child","mod_muc_domain_mapper","Tue Aug 18 14:27:52 UTC 2026","passed","Tue Aug 18 14:27:52 UTC 2026","iq stanzas","filter_stanza","",""
"","0","preserves resource in the rewritten JID","util.lib","Tue Aug 18 14:27:52 UTC 2026","passed","Tue Aug 18 14:27:52 UTC 2026","","internal_room_jid_match_rewrite","",""
"","10","rejects connection with wrong issuer","mod_auth_token (HS256 shared secret)","Tue Aug 18 14:28:47 UTC 2026","passed","Tue Aug 18 14:28:47 UTC 2026","","","",""
"","136","includes displayName in the payload when provided","mod_system_chat_message","Tue Aug 18 14:31:46 UTC 2026","passed","Tue Aug 18 14:31:46 UTC 2026","","message delivery","",""
"","318","body-less groupchat (no json) counts toward the cap and is blocked","mod_muc_limit_messages","Tue Aug 18 14:30:20 UTC 2026","passed","Tue Aug 18 14:30:20 UTC 2026","","","",""
"","158","sends a Rayo dial IQ to the Jigasi and returns 200","mod_muc_jigasi_invite","Tue Aug 18 14:30:18 UTC 2026","passed","Tue Aug 18 14:30:18 UTC 2026","","jigasi invite","",""
"","0","returns false for a room on the wrong MUC domain","util.lib","Tue Aug 18 14:27:52 UTC 2026","passed","Tue Aug 18 14:27:52 UTC 2026","","is_vpaas","",""
"","1135","non-moderator startmuted presence is ignored","mod_room_metadata_component","Tue Aug 18 14:31:27 UTC 2026","passed","Tue Aug 18 14:31:28 UTC 2026","","startMuted presence shim","",""
"","195","non-moderator receives full presence when hideDisplayNameForGuests is false","mod_muc_displayname — hideDisplayNameForGuests","Tue Aug 18 14:30:09 UTC 2026","passed","Tue Aug 18 14:30:09 UTC 2026","","","",""
"","437","blocks IQ when features.transcription = false","mod_filter_iq_rayo (feature-based authorization)","Tue Aug 18 14:29:15 UTC 2026","passed","Tue Aug 18 14:29:16 UTC 2026","","transcription (dial to jitsi_meet_transcribe)","",""
"","1071","blocks a client from a non-whitelisted domain","mod_muc_filter_access","Tue Aug 18 14:30:13 UTC 2026","passed","Tue Aug 18 14:30:14 UTC 2026","","","",""
"","0","copies all key-value pairs","util.lib","Tue Aug 18 14:27:52 UTC 2026","passed","Tue Aug 18 14:27:52 UTC 2026","table_shallow_copy","table helpers","",""
"","0","wildcard '*' matches any value","luajwtjitsi","Tue Aug 18 14:27:52 UTC 2026","passed","Tue Aug 18 14:27:52 UTC 2026","verify_claim","internals","",""
"","0","breaks base64 into 64-character lines","jwk.lib","Tue Aug 18 14:27:52 UTC 2026","passed","Tue Aug 18 14:27:52 UTC 2026","der_to_pem","ASN1","",""
"","0","does not call rewrites when 'to' and 'from' are absent","mod_muc_domain_mapper","Tue Aug 18 14:27:52 UTC 2026","passed","Tue Aug 18 14:27:52 UTC 2026","message stanzas","filter_stanza","",""
"","180","relayed answers contain only names — extra fields are stripped","mod_polls_component","Tue Aug 18 14:30:55 UTC 2026","passed","Tue Aug 18 14:30:55 UTC 2026","","poll creation","",""
"","0","logs error and skips hook when issuer is absent","mod_short_lived_token","Tue Aug 18 14:27:52 UTC 2026","passed","Tue Aug 18 14:27:52 UTC 2026","","config validation","",""
"","1141","message with invalid JSON is ignored","mod_room_metadata_component","Tue Aug 18 14:31:41 UTC 2026","passed","Tue Aug 18 14:31:42 UTC 2026","","invalid payloads","",""
"","187","revoking an affiliation is rejected with forbidden","mod_muc_allowners","Tue Aug 18 14:29:26 UTC 2026","passed","Tue Aug 18 14:29:26 UTC 2026","","non-moderated room","",""
"","1642","participant can join breakout room after smacks session resume","mod_muc_breakout_rooms","Tue Aug 18 14:29:43 UTC 2026","passed","Tue Aug 18 14:29:45 UTC 2026","","smacks session resume","",""
"","0","nick ending in /focus returns true","util.lib","Tue Aug 18 14:27:52 UTC 2026","passed","Tue Aug 18 14:27:52 UTC 2026","","is_focus","",""
"","0","wrapped handler delegates to attach and returns its result","mod_certs_s2soutinjection","Tue Aug 18 14:27:52 UTC 2026","passed","Tue Aug 18 14:27:52 UTC 2026","","event wrapping","",""
"","0","logs an error when the file cannot be opened","mod_debug_traceback","Tue Aug 18 14:27:52 UTC 2026","passed","Tue Aug 18 14:27:52 UTC 2026","","dump_traceback()","",""
"","0","accepts an occupant object and inspects its .jid field","util.lib","Tue Aug 18 14:27:52 UTC 2026","passed","Tue Aug 18 14:27:52 UTC 2026","","is_jibri","",""
"","0","encodes single-byte length for 0","jwk.lib","Tue Aug 18 14:27:52 UTC 2026","passed","Tue Aug 18 14:27:52 UTC 2026","encode_length","ASN1","",""
"","0","uses the configured muc_domain_prefix (conference)","util.lib","Tue Aug 18 14:27:52 UTC 2026","passed","Tue Aug 18 14:27:52 UTC 2026","","build_room_address","",""
"","0","aud is set to requested audience","mod_short_lived_token","Tue Aug 18 14:27:52 UTC 2026","passed","Tue Aug 18 14:27:52 UTC 2026","","generateToken payload","",""
"","432","blocks IQ when JvbRoomName header is missing","mod_filter_iq_rayo (feature-based authorization)","Tue Aug 18 14:29:17 UTC 2026","passed","Tue Aug 18 14:29:17 UTC 2026","","JvbRoomName header validation","",""
"","0","sets initiator.id from jitsi_meet_context_user.id","mod_jibri_session","Tue Aug 18 14:27:52 UTC 2026","passed","Tue Aug 18 14:27:52 UTC 2026","","client-to-jicofo pass (no room attr on jibri element)","",""
"","179","moderator without features can set recording.isTranscribingEnabled","mod_room_metadata_component","Tue Aug 18 14:31:29 UTC 2026","passed","Tue Aug 18 14:31:29 UTC 2026","","allow-moderation hook (mod_filter_iq_rayo interop)","",""
"","2202","destroys room when last regular user leaves and only transcriber remains","mod_muc_cleanup_backend_services","Tue Aug 18 14:29:54 UTC 2026","passed","Tue Aug 18 14:29:57 UTC 2026","","","",""
"","252","history message contains <display-name> injected from token name","mod_muc_displayname — message display-name handling","Tue Aug 18 14:30:09 UTC 2026","passed","Tue Aug 18 14:30:10 UTC 2026","","","",""
"","124","blocks a non-member with 407 registration-required","mod_muc_lobby_rooms","Tue Aug 18 14:30:23 UTC 2026","passed","Tue Aug 18 14:30:23 UTC 2026","","non-member join gate","",""
"","1178","an oversized payload is rejected","mod_polls_component","Tue Aug 18 14:31:03 UTC 2026","passed","Tue Aug 18 14:31:04 UTC 2026","","validation","",""
"","0","falls back to granted_jitsi_meet_context_user_id when context_user is nil","mod_jibri_session","Tue Aug 18 14:27:52 UTC 2026","passed","Tue Aug 18 14:27:52 UTC 2026","","client-to-jicofo pass (no room attr on jibri element)","",""
"","0","returns false for nil","util.lib","Tue Aug 18 14:27:52 UTC 2026","passed","Tue Aug 18 14:27:52 UTC 2026","","is_focus_jid","",""
"","0","wrong key fails verification","luajwtjitsi","Tue Aug 18 14:27:52 UTC 2026","passed","Tue Aug 18 14:27:52 UTC 2026","HS256","verify","",""
"","62","health check room bypasses the occupant limit","mod_muc_max_occupants","Tue Aug 18 14:30:26 UTC 2026","passed","Tue Aug 18 14:30:26 UTC 2026","","","",""
"","183","non-moderator with transcription feature can set both recording fields simultaneously","mod_room_metadata_component","Tue Aug 18 14:31:29 UTC 2026","passed","Tue Aug 18 14:31:29 UTC 2026","","allow-moderation hook (mod_filter_iq_rayo interop)","",""
"","0","context.user built from presence when jitsi_meet_context_user absent","mod_short_lived_token","Tue Aug 18 14:27:52 UTC 2026","passed","Tue Aug 18 14:27:52 UTC 2026","","generateToken payload","",""
"","0","returns nil when searching for nil","util.lib","Tue Aug 18 14:27:52 UTC 2026","passed","Tue Aug 18 14:27:52 UTC 2026","table_find","table helpers","",""
"","121","allows join with token whose room claim matches the room","mod_token_verification","Tue Aug 18 14:31:48 UTC 2026","passed","Tue Aug 18 14:31:48 UTC 2026","","join access control","",""
"","186","two clients in the same subdomain room receive each other's presence","mod_muc_domain_mapper","Tue Aug 18 14:30:10 UTC 2026","passed","Tue Aug 18 14:30:10 UTC 2026","","occupant presence exchange","",""
"","0","transport is https","mod_short_lived_token","Tue Aug 18 14:27:52 UTC 2026","passed","Tue Aug 18 14:27:52 UTC 2026","valid request service entry","external_service/credentials handler","",""
"","326","rejoining client receives fresh metadata","mod_room_metadata_component","Tue Aug 18 14:31:26 UTC 2026","passed","Tue Aug 18 14:31:26 UTC 2026","","initial metadata delivery","",""
"","17","does not crash on connect with invalid Lua regex room claim","mod_auth_token (ASAP / RS256)","Tue Aug 18 14:28:47 UTC 2026","passed","Tue Aug 18 14:28:47 UTC 2026","","","",""
"","1136","moderator cannot set blocked key ""transcription""","mod_room_metadata_component","Tue Aug 18 14:31:21 UTC 2026","passed","Tue Aug 18 14:31:22 UTC 2026","","blocked keys","",""
"","444","allows the first transcription dial in a room","mod_filter_iq_rayo (feature-based authorization)","Tue Aug 18 14:29:18 UTC 2026","passed","Tue Aug 18 14:29:18 UTC 2026","","transcription per-room throttle","",""
"","0","splits three segments correctly","luajwtjitsi","Tue Aug 18 14:27:52 UTC 2026","passed","Tue Aug 18 14:27:52 UTC 2026","split_token","internals","",""
"","266","joining client receives current metadata","mod_room_metadata_component","Tue Aug 18 14:31:25 UTC 2026","passed","Tue Aug 18 14:31:26 UTC 2026","","initial metadata delivery","",""
"","192","moderator can set a non-blocked key","mod_room_metadata_component","Tue Aug 18 14:31:23 UTC 2026","passed","Tue Aug 18 14:31:23 UTC 2026","","blocked keys","",""
"","61","focus can join a room","mod_muc_meeting_id","Tue Aug 18 14:30:27 UTC 2026","passed","Tue Aug 18 14:30:28 UTC 2026","","jicofo lock","",""
"","185","moderator can update metadata","mod_room_metadata_component","Tue Aug 18 14:31:08 UTC 2026","passed","Tue Aug 18 14:31:08 UTC 2026","","authorization","",""
"","64","muc-room-pre-create event is fired when room is created","mod_muc_hide_all","Tue Aug 18 14:30:17 UTC 2026","passed","Tue Aug 18 14:30:17 UTC 2026","","when module is enabled","",""
"","0","non-matching value returns false","luajwtjitsi","Tue Aug 18 14:27:52 UTC 2026","passed","Tue Aug 18 14:27:52 UTC 2026","verify_claim","internals","",""
"","0","returns true when both arguments are nil","util.lib","Tue Aug 18 14:27:52 UTC 2026","passed","Tue Aug 18 14:27:52 UTC 2026","table_equals","table helpers","",""
"","0","is not silent","SpeakerStats","Tue Aug 18 14:27:52 UTC 2026","passed","Tue Aug 18 14:27:52 UTC 2026","","initial state","",""
"","1143","non-moderator cannot update metadata","mod_room_metadata_component","Tue Aug 18 14:31:08 UTC 2026","passed","Tue Aug 18 14:31:09 UTC 2026","","authorization","",""
"","126","adds <group> inside <identity> when context.group is set","mod_presence_identity","Tue Aug 18 14:31:05 UTC 2026","passed","Tue Aug 18 14:31:05 UTC 2026","","identity injection","",""
"","1138","non-moderator with transcription=false cannot set recording.isTranscribingEnabled","mod_room_metadata_component","Tue Aug 18 14:31:30 UTC 2026","passed","Tue Aug 18 14:31:31 UTC 2026","","allow-moderation hook (mod_filter_iq_rayo interop)","",""
"","356","whitelisted occupants do not count against the limit for non-whitelisted users","mod_muc_max_occupants","Tue Aug 18 14:30:27 UTC 2026","passed","Tue Aug 18 14:30:27 UTC 2026","","whitelist","",""
"","0","exact match returns true","luajwtjitsi","Tue Aug 18 14:27:52 UTC 2026","passed","Tue Aug 18 14:27:52 UTC 2026","verify_claim","internals","",""
"","0","returns true for focus@auth.example.com","util.lib","Tue Aug 18 14:27:52 UTC 2026","passed","Tue Aug 18 14:27:52 UTC 2026","","is_focus_jid","",""
"","0","rewrites both 'to' and 'from' when both are set","mod_muc_domain_mapper","Tue Aug 18 14:27:52 UTC 2026","passed","Tue Aug 18 14:27:52 UTC 2026","message stanzas","filter_stanza","",""
"","0","returns true when feature value is the string 'true'","util.lib","Tue Aug 18 14:27:52 UTC 2026","passed","Tue Aug 18 14:27:52 UTC 2026","","is_feature_allowed","",""
"","786","ignores an empty <audio-translation> body","mod_audio_translation_component","Tue Aug 18 14:28:18 UTC 2026","passed","Tue Aug 18 14:28:19 UTC 2026","","routing and parsing","",""
"","1","returns 400 when query string is missing","mod_muc_size","Tue Aug 18 14:30:53 UTC 2026","passed","Tue Aug 18 14:30:53 UTC 2026","","GET /room","",""
"","1138","moderator cannot set blocked key ""participantsSoftLimit""","mod_room_metadata_component","Tue Aug 18 14:31:17 UTC 2026","passed","Tue Aug 18 14:31:19 UTC 2026","","blocked keys","",""
"","0","returns two elements for two segments","luajwtjitsi","Tue Aug 18 14:27:52 UTC 2026","passed","Tue Aug 18 14:27:52 UTC 2026","split_token","internals","",""
"","4046","queued joins arrive in order (each after the previous)","mod_muc_rate_limit","Tue Aug 18 14:30:36 UTC 2026","passed","Tue Aug 18 14:30:40 UTC 2026","","join rate limiting","",""
"","0","does not double-count when stopped twice in a row","SpeakerStats","Tue Aug 18 14:27:52 UTC 2026","passed","Tue Aug 18 14:27:52 UTC 2026","","setDominantSpeaker","",""
"","0","returns false for JID whose node contains but is not exactly focus","util.lib","Tue Aug 18 14:27:52 UTC 2026","passed","Tue Aug 18 14:27:52 UTC 2026","","is_focus_jid","",""
"","248","strips flip_device tag when flip feature is disabled in JWT","mod_muc_flip","Tue Aug 18 14:30:15 UTC 2026","passed","Tue Aug 18 14:30:15 UTC 2026","","flip_device tag stripping","",""
"","128","does not inject <identity> when token has no context.user","mod_presence_identity","Tue Aug 18 14:31:05 UTC 2026","passed","Tue Aug 18 14:31:05 UTC 2026","","identity injection","",""
"","141","returns 200 and destroys the room","mod_muc_end_meeting","Tue Aug 18 14:30:12 UTC 2026","passed","Tue Aug 18 14:30:12 UTC 2026","","room termination","",""
"","1241","does not send broadcast back to sender","mod_filesharing_component","Tue Aug 18 14:28:49 UTC 2026","passed","Tue Aug 18 14:28:51 UTC 2026","","add file","",""
"","0","preserves the resource in the rewritten JID","util.lib","Tue Aug 18 14:27:52 UTC 2026","passed","Tue Aug 18 14:27:52 UTC 2026","","room_jid_match_rewrite","",""
"","0","returns nil subdomain and the node itself when no brackets","util.lib","Tue Aug 18 14:27:52 UTC 2026","passed","Tue Aug 18 14:27:52 UTC 2026","","extract_subdomain","",""
"","2142","message with empty <room_metadata> body is ignored","mod_room_metadata_component","Tue Aug 18 14:31:39 UTC 2026","passed","Tue Aug 18 14:31:41 UTC 2026","","invalid payloads","",""
"","0","rewrites <conference room> attribute when child is present","mod_muc_domain_mapper","Tue Aug 18 14:27:52 UTC 2026","passed","Tue Aug 18 14:27:52 UTC 2026","iq stanzas","filter_stanza","",""
"","243","broadcasts add event to other occupants","mod_filesharing_component","Tue Aug 18 14:28:49 UTC 2026","passed","Tue Aug 18 14:28:49 UTC 2026","","add file","",""
"","0","affiliation='moderator' sets owner","mod_token_affiliation","Tue Aug 18 14:27:52 UTC 2026","passed","Tue Aug 18 14:27:52 UTC 2026","","affiliation assignment","",""
"","484","rejects a sender that is not an occupant of the room","mod_audio_translation_component","Tue Aug 18 14:28:20 UTC 2026","passed","Tue Aug 18 14:28:21 UTC 2026","","room and occupant resolution","",""
"","432","ignores a message from a session without a room context","mod_audio_translation_component","Tue Aug 18 14:28:20 UTC 2026","passed","Tue Aug 18 14:28:20 UTC 2026","","routing and parsing","",""
"","485","replaces the language when switching the same sender","mod_audio_translation_component","Tue Aug 18 14:28:28 UTC 2026","passed","Tue Aug 18 14:28:29 UTC 2026","","delta semantics","",""
"","130","occupant objects have jid, email, display_name fields","mod_muc_size","Tue Aug 18 14:30:53 UTC 2026","passed","Tue Aug 18 14:30:53 UTC 2026","","GET /room","",""
"","0","resumes accumulating after returning from silence","SpeakerStats","Tue Aug 18 14:27:52 UTC 2026","passed","Tue Aug 18 14:27:52 UTC 2026","","setDominantSpeaker","",""
"","1411","allows a valid alphanumeric resource","mod_muc_resource_validate","Tue Aug 18 14:30:49 UTC 2026","passed","Tue Aug 18 14:30:50 UTC 2026","","","",""
"","0","writes traceback content to file","mod_debug_traceback","Tue Aug 18 14:27:52 UTC 2026","passed","Tue Aug 18 14:27:52 UTC 2026","","dump_traceback()","",""
"","528","rejects a request whose target sender is not a current occupant","mod_audio_translation_component","Tue Aug 18 14:28:25 UTC 2026","passed","Tue Aug 18 14:28:26 UTC 2026","","validation (whole-stanza atomicity)","",""
"","1145","message with null ""data"" is ignored","mod_room_metadata_component","Tue Aug 18 14:31:44 UTC 2026","passed","Tue Aug 18 14:31:45 UTC 2026","","invalid payloads","",""
"","0","returns true for empty suffix","util.lib","Tue Aug 18 14:27:52 UTC 2026","passed","Tue Aug 18 14:27:52 UTC 2026","","ends_with","",""
"","131","returns 200 with occupant array for an existing room","mod_muc_size","Tue Aug 18 14:30:53 UTC 2026","passed","Tue Aug 18 14:30:53 UTC 2026","","GET /room","",""
"","242","JWT host arriving after lobby is triggered opens the room for new guests","mod_muc_wait_for_host","Tue Aug 18 14:30:53 UTC 2026","passed","Tue Aug 18 14:30:54 UTC 2026","","","",""
"","0","passes stanza through unchanged when skipMapping is true","mod_muc_domain_mapper","Tue Aug 18 14:27:52 UTC 2026","passed","Tue Aug 18 14:27:52 UTC 2026","skipped stanzas","filter_stanza","",""
"","0","nick containing focus but not ending in /focus returns false","util.lib","Tue Aug 18 14:27:52 UTC 2026","passed","Tue Aug 18 14:27:52 UTC 2026","","is_focus","",""
"","1130","moderator with transcription=false is denied despite moderator role","mod_room_metadata_component","Tue Aug 18 14:31:31 UTC 2026","passed","Tue Aug 18 14:31:33 UTC 2026","","allow-moderation hook (mod_filter_iq_rayo interop)","",""
"","977","rejects a delta whose net result exceeds the limit","mod_audio_translation_component","Tue Aug 18 14:28:32 UTC 2026","passed","Tue Aug 18 14:28:33 UTC 2026","","per-receiver limit (3)","",""
"","0","treats empty-string subdomain as no subdomain","util.lib","Tue Aug 18 14:27:52 UTC 2026","passed","Tue Aug 18 14:27:52 UTC 2026","","build_room_address","",""
"","0","preserves pre-existing top-level app_data keys","mod_jibri_session","Tue Aug 18 14:27:52 UTC 2026","passed","Tue Aug 18 14:27:52 UTC 2026","","jicofo-to-jibri pass (room attr present on jibri element)","",""
"","398","lists every receiver translating a sender, sorted","mod_audio_translation_component","Tue Aug 18 14:28:42 UTC 2026","passed","Tue Aug 18 14:28:43 UTC 2026","","directed listeners push (translation-listeners)","",""
"","0","customer_id uses extracted subdomain customer_id when present","mod_short_lived_token","Tue Aug 18 14:27:52 UTC 2026","passed","Tue Aug 18 14:27:52 UTC 2026","","generateToken payload","",""
"","0","returns one element when there are no dots","luajwtjitsi","Tue Aug 18 14:27:52 UTC 2026","passed","Tue Aug 18 14:27:52 UTC 2026","split_token","internals","",""
"","465","accepts subscriptions up to the limit","mod_audio_translation_component","Tue Aug 18 14:28:30 UTC 2026","passed","Tue Aug 18 14:28:30 UTC 2026","","per-receiver limit (3)","",""
"","5","GET /turn-credentials returns 200 with a JSON array","mod_turncredentials_http","Tue Aug 18 14:31:50 UTC 2026","passed","Tue Aug 18 14:31:50 UTC 2026","","","",""
"","0","preserves the room name text around the escaped CRLF","Rayo dial IQ header CRLF escaping [in-file reference serializer]","Tue Aug 18 14:27:52 UTC 2026","passed","Tue Aug 18 14:27:52 UTC 2026","","","",""
"","0","returns false when no prefix in table matches","util.lib","Tue Aug 18 14:27:52 UTC 2026","passed","Tue Aug 18 14:27:52 UTC 2026","","starts_with_one_of","",""
"","0","has zero total speaking time","SpeakerStats","Tue Aug 18 14:27:52 UTC 2026","passed","Tue Aug 18 14:27:52 UTC 2026","","initial state","",""
"","1125","error-type message is ignored without triggering a reply","mod_filesharing_component","Tue Aug 18 14:29:00 UTC 2026","passed","Tue Aug 18 14:29:01 UTC 2026","","invalid payloads","",""
"","0","returns NULL tag (0x05) with zero length","jwk.lib","Tue Aug 18 14:27:52 UTC 2026","passed","Tue Aug 18 14:27:52 UTC 2026","encode_null","ASN1","",""
"","0","does not log a second time on the same session","mod_muc_domain_mapper","Tue Aug 18 14:27:52 UTC 2026","passed","Tue Aug 18 14:27:52 UTC 2026","log_not_allowed_errors","filter_stanza","",""
"","70","returns 200 when connectionJIDs contains a JID not in the room (no occupancy validation)","mod_system_chat_message","Tue Aug 18 14:31:46 UTC 2026","passed","Tue Aug 18 14:31:46 UTC 2026","","message delivery","",""
"","0","returns truthy for recorder@ prefixed JID string","util.lib","Tue Aug 18 14:27:52 UTC 2026","passed","Tue Aug 18 14:27:52 UTC 2026","","is_jibri","",""
"","119","allows join when room is empty","mod_muc_max_occupants","Tue Aug 18 14:30:26 UTC 2026","passed","Tue Aug 18 14:30:26 UTC 2026","","","",""
"","435","blocks start IQ when token has no context.features (non-moderator fallback)","mod_filter_iq_jibri (feature-based authorization)","Tue Aug 18 14:29:03 UTC 2026","passed","Tue Aug 18 14:29:03 UTC 2026","","recording (recording_mode=file)","",""
"","0","tampered signature fails verification","luajwtjitsi","Tue Aug 18 14:27:52 UTC 2026","passed","Tue Aug 18 14:27:52 UTC 2026","RS256","verify","",""
"","0","does not rewrite a JID whose host uses an arbitrary non-dot separator after the prefix","util.lib","Tue Aug 18 14:27:52 UTC 2026","passed","Tue Aug 18 14:27:52 UTC 2026","","room_jid_match_rewrite","",""
"","433","blocks Stop (recording_mode=file) when features.recording = false","mod_filter_iq_jibri (feature-based authorization)","Tue Aug 18 14:29:11 UTC 2026","passed","Tue Aug 18 14:29:12 UTC 2026","","attribute case normalisation","",""
"","13","rejects connection with not-yet-valid token (nbf in the future)","mod_auth_token (ASAP / RS256)","Tue Aug 18 14:28:46 UTC 2026","passed","Tue Aug 18 14:28:46 UTC 2026","","","",""
"","1183","invalid JSON is ignored cleanly","mod_polls_component","Tue Aug 18 14:31:02 UTC 2026","passed","Tue Aug 18 14:31:03 UTC 2026","","validation","",""
"","0","recognises sipjibriina@ prefix","util.lib","Tue Aug 18 14:27:52 UTC 2026","passed","Tue Aug 18 14:27:52 UTC 2026","","get_sip_jibri_email_prefix","",""
"","3170","room destroyed while joins are queued does not crash the module","mod_muc_rate_limit","Tue Aug 18 14:30:45 UTC 2026","passed","Tue Aug 18 14:30:49 UTC 2026","","room destruction","",""
"","0","host is audience value","mod_short_lived_token","Tue Aug 18 14:27:52 UTC 2026","passed","Tue Aug 18 14:27:52 UTC 2026","valid request service entry","external_service/credentials handler","",""
"","0","returns false for empty string","util.lib","Tue Aug 18 14:27:52 UTC 2026","passed","Tue Aug 18 14:27:52 UTC 2026","","is_focus_nick","",""
"","0","returns three empty lists for identical tables","util.lib","Tue Aug 18 14:27:52 UTC 2026","passed","Tue Aug 18 14:27:52 UTC 2026","table_compare","table helpers","",""
"","139","admin operations targeting a non-focus occupant are not blocked by this hook","mod_muc_meeting_id","Tue Aug 18 14:30:29 UTC 2026","passed","Tue Aug 18 14:30:29 UTC 2026","","set admin filtering","",""
"","432","passes start IQ when features.livestreaming = true","mod_filter_iq_jibri (feature-based authorization)","Tue Aug 18 14:29:05 UTC 2026","passed","Tue Aug 18 14:29:06 UTC 2026","","livestreaming (recording_mode=stream)","",""
"","833","moderator can remove a breakout room and receives an update","mod_muc_breakout_rooms","Tue Aug 18 14:29:41 UTC 2026","passed","Tue Aug 18 14:29:42 UTC 2026","","remove breakout room","",""
"","9","rejects connection with not-yet-valid token (nbf in the future)","mod_auth_token (HS256 shared secret)","Tue Aug 18 14:28:47 UTC 2026","passed","Tue Aug 18 14:28:47 UTC 2026","","","",""
"","61","focus can join a health check room","mod_muc_meeting_id","Tue Aug 18 14:30:31 UTC 2026","passed","Tue Aug 18 14:30:31 UTC 2026","","health check rooms","",""
"","1146","moderator cannot set blocked key ""allownersEnabled""","mod_room_metadata_component","Tue Aug 18 14:31:11 UTC 2026","passed","Tue Aug 18 14:31:12 UTC 2026","","blocked keys","",""
"","1145","non-occupant message is silently ignored","mod_filesharing_component","Tue Aug 18 14:28:55 UTC 2026","passed","Tue Aug 18 14:28:56 UTC 2026","","authorization","",""
"","0","loads cleanly with all required options present","mod_short_lived_token","Tue Aug 18 14:27:52 UTC 2026","passed","Tue Aug 18 14:27:52 UTC 2026","","config validation","",""
"","0","meeting_id taken from room._data.meetingId","mod_short_lived_token","Tue Aug 18 14:27:52 UTC 2026","passed","Tue Aug 18 14:27:52 UTC 2026","","generateToken payload","",""
"","1135","moderator cannot set blocked key ""visitorsEnabled""","mod_room_metadata_component","Tue Aug 18 14:31:22 UTC 2026","passed","Tue Aug 18 14:31:23 UTC 2026","","blocked keys","",""
"","188","room.has_host is cached: guest is admitted after the host leaves","mod_muc_wait_for_host","Tue Aug 18 14:30:54 UTC 2026","passed","Tue Aug 18 14:30:54 UTC 2026","","host present","",""
"","65","lobby room JID is advertised in room disco info after enable","mod_muc_lobby_rooms","Tue Aug 18 14:30:23 UTC 2026","passed","Tue Aug 18 14:30:24 UTC 2026","","lifecycle","",""
"","0","returns error or throws for token with invalid base64 header","luajwtjitsi","Tue Aug 18 14:27:52 UTC 2026","passed","Tue Aug 18 14:27:52 UTC 2026","parse_token","internals","",""
"","1174","new-poll with a missing question is ignored","mod_polls_component","Tue Aug 18 14:30:59 UTC 2026","passed","Tue Aug 18 14:31:00 UTC 2026","","validation","",""
"","0","preserves pre-existing top-level app_data keys","mod_jibri_session","Tue Aug 18 14:27:52 UTC 2026","passed","Tue Aug 18 14:27:52 UTC 2026","","client-to-jicofo pass (no room attr on jibri element)","",""
"","0","returns nil subdomain when only the suffix differs by a non-dot character","util.lib","Tue Aug 18 14:27:52 UTC 2026","passed","Tue Aug 18 14:27:52 UTC 2026","","room_jid_split_subdomain","",""
"","3","returns 400 when conference param is missing","mod_muc_end_meeting","Tue Aug 18 14:30:12 UTC 2026","passed","Tue Aug 18 14:30:12 UTC 2026","","parameter validation","",""
"","0","returns falsy and does not error when no overrides configured","mod_certs_s2soutinjection","Tue Aug 18 14:27:52 UTC 2026","passed","Tue Aug 18 14:27:52 UTC 2026","","attach()","",""
"","1135","moderator cannot set blocked key ""participants""","mod_room_metadata_component","Tue Aug 18 14:31:16 UTC 2026","passed","Tue Aug 18 14:31:17 UTC 2026","","blocked keys","",""
"","0","type is short-lived-token","mod_short_lived_token","Tue Aug 18 14:27:52 UTC 2026","passed","Tue Aug 18 14:27:52 UTC 2026","valid request service entry","external_service/credentials handler","",""
"","3","returns 400 when room is missing","mod_system_chat_message","Tue Aug 18 14:31:46 UTC 2026","passed","Tue Aug 18 14:31:46 UTC 2026","","parameter validation","",""
"","0","returns true when string ends with suffix","util.lib","Tue Aug 18 14:27:52 UTC 2026","passed","Tue Aug 18 14:27:52 UTC 2026","","ends_with","",""
"","0","recognises the bare prefix itself","util.lib","Tue Aug 18 14:27:52 UTC 2026","passed","Tue Aug 18 14:27:52 UTC 2026","","is_healthcheck_room","",""
"","128","guest is blocked with registration-required","mod_muc_wait_for_host","Tue Aug 18 14:30:54 UTC 2026","passed","Tue Aug 18 14:30:54 UTC 2026","","no host present","",""
"","557","removes an entry with an empty-string language","mod_audio_translation_component","Tue Aug 18 14:28:27 UTC 2026","passed","Tue Aug 18 14:28:28 UTC 2026","","delta semantics","",""
"","0","accumulates time when dominant speaker stops","SpeakerStats","Tue Aug 18 14:27:52 UTC 2026","passed","Tue Aug 18 14:27:52 UTC 2026","","setDominantSpeaker","",""
"","0","encodes two-byte form for 128","jwk.lib","Tue Aug 18 14:27:52 UTC 2026","passed","Tue Aug 18 14:27:52 UTC 2026","encode_length","ASN1","",""
"","0","returns false for an unmoderated room with a subdomain","util.lib","Tue Aug 18 14:27:52 UTC 2026","passed","Tue Aug 18 14:27:52 UTC 2026","","is_moderated","",""
"","434","blocks start IQ when token has no context.features (non-moderator fallback)","mod_filter_iq_jibri (feature-based authorization)","Tue Aug 18 14:29:07 UTC 2026","passed","Tue Aug 18 14:29:07 UTC 2026","","livestreaming (recording_mode=stream)","",""
"","130","does not block authenticated user from sending owner config IQ","mod_token_verification","Tue Aug 18 14:31:49 UTC 2026","passed","Tue Aug 18 14:31:49 UTC 2026","","token_verification_require_token_for_moderation","",""
"","0","updates isDominantSpeaker state","SpeakerStats","Tue Aug 18 14:27:52 UTC 2026","passed","Tue Aug 18 14:27:52 UTC 2026","","setDominantSpeaker","",""
"","190","granting owner is allowed","mod_muc_allowners","Tue Aug 18 14:29:27 UTC 2026","passed","Tue Aug 18 14:29:27 UTC 2026","","non-moderated room","",""
"","433","blocks stop IQ when context.features present but recording key absent","mod_filter_iq_jibri (feature-based authorization)","Tue Aug 18 14:29:04 UTC 2026","passed","Tue Aug 18 14:29:04 UTC 2026","","recording (recording_mode=file)","",""
"","0","returns false when feature is absent from table","util.lib","Tue Aug 18 14:27:52 UTC 2026","passed","Tue Aug 18 14:27:52 UTC 2026","","is_feature_allowed","",""
"","1175","new-poll with an empty answers array is ignored","mod_polls_component","Tue Aug 18 14:30:58 UTC 2026","passed","Tue Aug 18 14:30:59 UTC 2026","","validation","",""
"","1342","removed file is not delivered to subsequent joiners","mod_filesharing_component","Tue Aug 18 14:28:52 UTC 2026","passed","Tue Aug 18 14:28:54 UTC 2026","","remove file","",""
"","0","accepted audience passes","luajwtjitsi","Tue Aug 18 14:27:52 UTC 2026","passed","Tue Aug 18 14:27:52 UTC 2026","audience","verify","",""
"","0","wildcard matches any value","luajwtjitsi","Tue Aug 18 14:27:52 UTC 2026","passed","Tue Aug 18 14:27:52 UTC 2026","issuer","verify","",""
"","0","rewrites 'from' via internal_room_jid_match_rewrite","mod_muc_domain_mapper","Tue Aug 18 14:27:52 UTC 2026","passed","Tue Aug 18 14:27:52 UTC 2026","message stanzas","filter_stanza","",""
"","0","builds room JID with no subdomain","util.lib","Tue Aug 18 14:27:52 UTC 2026","passed","Tue Aug 18 14:27:52 UTC 2026","","build_room_address","",""
"","73","returns { valid: false } when submitted passcode does not match","mod_muc_password_check","Tue Aug 18 14:30:32 UTC 2026","passed","Tue Aug 18 14:30:32 UTC 2026","","PUT passcode validation","",""
"","0","returns nil subdomain for a hyphenated-prefix host (regression: unescaped dot)","util.lib","Tue Aug 18 14:27:52 UTC 2026","passed","Tue Aug 18 14:27:52 UTC 2026","","room_jid_split_subdomain","",""
"","193","requires first device to be in main room for flip to proceed","mod_muc_flip","Tue Aug 18 14:30:16 UTC 2026","passed","Tue Aug 18 14:30:17 UTC 2026","","lobby interactions","",""
"","0","restricted is true","mod_short_lived_token","Tue Aug 18 14:27:52 UTC 2026","passed","Tue Aug 18 14:27:52 UTC 2026","valid request service entry","external_service/credentials handler","",""
"","7","allows connection without token when allow_empty_token is true","mod_auth_token (ASAP / RS256)","Tue Aug 18 14:28:47 UTC 2026","passed","Tue Aug 18 14:28:47 UTC 2026","","","",""
"","133","returns 401 when Authorization header is absent","mod_muc_end_meeting","Tue Aug 18 14:30:12 UTC 2026","passed","Tue Aug 18 14:30:12 UTC 2026","","authentication","",""
"","0","does not start timer when becoming dominant while silent","SpeakerStats","Tue Aug 18 14:27:52 UTC 2026","passed","Tue Aug 18 14:27:52 UTC 2026","","setDominantSpeaker","",""
"","233","broadcasts a new poll to all occupants","mod_polls_component","Tue Aug 18 14:30:54 UTC 2026","passed","Tue Aug 18 14:30:55 UTC 2026","","poll creation","",""
"","7","returns 400 when Content-Type is not application/json","mod_muc_kick_participant","Tue Aug 18 14:30:18 UTC 2026","passed","Tue Aug 18 14:30:18 UTC 2026","","parameter validation","",""
"","174","moderator startmuted presence updates metadata and broadcasts","mod_room_metadata_component","Tue Aug 18 14:31:26 UTC 2026","passed","Tue Aug 18 14:31:26 UTC 2026","","startMuted presence shim","",""
"","182","lets a moderator enable the feature","mod_audio_translation_component","Tue Aug 18 14:28:38 UTC 2026","passed","Tue Aug 18 14:28:38 UTC 2026","","enable-flag write gating (live-translation)","",""
"","0","marks cert valid when host is in s2s_connect_overrides","mod_certs_s2soutinjection","Tue Aug 18 14:27:52 UTC 2026","passed","Tue Aug 18 14:27:52 UTC 2026","","attach()","",""
"","0","authenticated non-moderator sets member affiliation, role unchanged","mod_token_affiliation","Tue Aug 18 14:27:52 UTC 2026","passed","Tue Aug 18 14:27:52 UTC 2026","","affiliation assignment","",""
"","706","keeps a language referenced by another receiver after a switch","mod_audio_translation_component","Tue Aug 18 14:28:34 UTC 2026","passed","Tue Aug 18 14:28:35 UTC 2026","","aggregation across receivers","",""
"","0","returns false when string does not start with prefix","util.lib","Tue Aug 18 14:27:52 UTC 2026","passed","Tue Aug 18 14:27:52 UTC 2026","","starts_with","",""
"","0","falls back to s2sout_override when s2s_connect_overrides is absent","mod_certs_s2soutinjection","Tue Aug 18 14:27:52 UTC 2026","passed","Tue Aug 18 14:27:52 UTC 2026","","attach()","",""
"","0","returns true and room name for a moderated room (no subdomain)","util.lib","Tue Aug 18 14:27:52 UTC 2026","passed","Tue Aug 18 14:27:52 UTC 2026","","is_moderated","",""
"","0","moderator=false sets member affiliation","mod_token_affiliation","Tue Aug 18 14:27:52 UTC 2026","passed","Tue Aug 18 14:27:52 UTC 2026","","affiliation assignment","",""
"","0","sends not-allowed when room is not found","mod_short_lived_token","Tue Aug 18 14:27:52 UTC 2026","passed","Tue Aug 18 14:27:52 UTC 2026","","external_service/credentials handler","",""
"","1185","joiner receives nothing when no files have been shared","mod_filesharing_component","Tue Aug 18 14:28:54 UTC 2026","passed","Tue Aug 18 14:28:55 UTC 2026","","new joiner receives file list","",""
"","0","extracts node, host, resource and subdomain from a multidomain JID","util.lib","Tue Aug 18 14:27:52 UTC 2026","passed","Tue Aug 18 14:27:52 UTC 2026","","room_jid_split_subdomain","",""
"","1175","does not broadcast when value is unchanged","mod_room_metadata_component","Tue Aug 18 14:31:23 UTC 2026","passed","Tue Aug 18 14:31:25 UTC 2026","","value deduplication","",""
"","0","returns false for a regular room","util.lib","Tue Aug 18 14:27:52 UTC 2026","passed","Tue Aug 18 14:27:52 UTC 2026","","is_healthcheck_room","",""
"","141","returns 200 with silent-reconnect=true and destroys the room","mod_muc_end_meeting","Tue Aug 18 14:30:12 UTC 2026","passed","Tue Aug 18 14:30:13 UTC 2026","","room termination","",""
"","523","VPaaS user is allowed when access manager returns access=true","mod_muc_auth_ban","Tue Aug 18 14:29:27 UTC 2026","passed","Tue Aug 18 14:29:28 UTC 2026","","","",""
"","607","allows a language switch at the limit (count unchanged)","mod_audio_translation_component","Tue Aug 18 14:28:31 UTC 2026","passed","Tue Aug 18 14:28:32 UTC 2026","","per-receiver limit (3)","",""
"","127","moderator token user who bypasses lobby with room password gets moderator role","mod_muc_lobby_rooms","Tue Aug 18 14:30:24 UTC 2026","passed","Tue Aug 18 14:30:24 UTC 2026","","token_affiliation interaction","",""
"","1192","message with no <room_metadata> child is ignored cleanly","mod_room_metadata_component","Tue Aug 18 14:31:35 UTC 2026","passed","Tue Aug 18 14:31:36 UTC 2026","","invalid payloads","",""
"","864","does not apply the throttle across different rooms","mod_filter_iq_rayo (feature-based authorization)","Tue Aug 18 14:29:19 UTC 2026","passed","Tue Aug 18 14:29:20 UTC 2026","","transcription per-room throttle","",""
"","0","returns true when string equals prefix exactly","util.lib","Tue Aug 18 14:27:52 UTC 2026","passed","Tue Aug 18 14:27:52 UTC 2026","","starts_with","",""
"","6","sends an unsolicited message with a disco#info query on connect","mod_jiconop","Tue Aug 18 14:29:25 UTC 2026","passed","Tue Aug 18 14:29:25 UTC 2026","","","",""
"","0","combines subdomain with multi-part base domain","util.lib","Tue Aug 18 14:27:52 UTC 2026","passed","Tue Aug 18 14:27:52 UTC 2026","","build_room_address","",""
"","58","a regular user cannot create a room by joining first","mod_muc_meeting_id","Tue Aug 18 14:30:28 UTC 2026","passed","Tue Aug 18 14:30:28 UTC 2026","","jicofo lock","",""
"","0","context.group uses jitsi_meet_context_group when present","mod_short_lived_token","Tue Aug 18 14:27:52 UTC 2026","passed","Tue Aug 18 14:27:52 UTC 2026","","generateToken payload","",""
"","834","moderator can rename a breakout room and receives an update with the new name","mod_muc_breakout_rooms","Tue Aug 18 14:29:42 UTC 2026","passed","Tue Aug 18 14:29:43 UTC 2026","","rename breakout room","",""
"","0","returns error for token with only two segments","luajwtjitsi","Tue Aug 18 14:27:52 UTC 2026","passed","Tue Aug 18 14:27:52 UTC 2026","parse_token","internals","",""
"","1137","non-moderator without features cannot set recording.isTranscribingEnabled","mod_room_metadata_component","Tue Aug 18 14:31:29 UTC 2026","passed","Tue Aug 18 14:31:30 UTC 2026","","allow-moderation hook (mod_filter_iq_rayo interop)","",""
"","6","assigns a UUID-based JID on anonymous connect","mod_auth_jitsi-anonymous","Tue Aug 18 14:28:46 UTC 2026","passed","Tue Aug 18 14:28:46 UTC 2026","","","",""
"","133","moderator=true (boolean)","mod_token_affiliation","Tue Aug 18 14:31:47 UTC 2026","passed","Tue Aug 18 14:31:47 UTC 2026","","moderator claim variants that grant owner/moderator","",""
"","686","does not resend for a language switch that leaves the listener set unchanged","mod_audio_translation_component","Tue Aug 18 14:28:45 UTC 2026","passed","Tue Aug 18 14:28:45 UTC 2026","","directed listeners push (translation-listeners)","",""
"","0","returns the JID unchanged when there is no subdomain","util.lib","Tue Aug 18 14:27:52 UTC 2026","passed","Tue Aug 18 14:27:52 UTC 2026","","room_jid_match_rewrite","",""
"","5","returns 400 when phoneNo is missing","mod_muc_jigasi_invite","Tue Aug 18 14:30:18 UTC 2026","passed","Tue Aug 18 14:30:18 UTC 2026","","parameter validation","",""
"","84","returns 401 when a login token is used instead of a system token","mod_muc_jigasi_invite","Tue Aug 18 14:30:17 UTC 2026","passed","Tue Aug 18 14:30:18 UTC 2026","","authentication","",""
"","64","created_timestamp is absent before a second occupant joins","mod_conference_duration","Tue Aug 18 14:28:47 UTC 2026","passed","Tue Aug 18 14:28:47 UTC 2026","","","",""
"","65","returns 403 when Authorization header is absent","mod_muc_kick_participant","Tue Aug 18 14:30:18 UTC 2026","passed","Tue Aug 18 14:30:18 UTC 2026","","authentication","",""
"","119","occupant disco#info succeeds","mod_muc_hide_all","Tue Aug 18 14:30:17 UTC 2026","passed","Tue Aug 18 14:30:17 UTC 2026","","when module is enabled","",""
"","0","ignores a jibri IQ with action 'stop'","mod_jibri_session","Tue Aug 18 14:27:52 UTC 2026","passed","Tue Aug 18 14:27:52 UTC 2026","","non-matching stanzas pass through unchanged","",""
"","64","GET returns 403 when Authorization header is absent","mod_muc_password_check","Tue Aug 18 14:30:31 UTC 2026","passed","Tue Aug 18 14:30:31 UTC 2026","","authentication","",""
"","0","expires = now + ttl","mod_short_lived_token","Tue Aug 18 14:27:52 UTC 2026","passed","Tue Aug 18 14:27:52 UTC 2026","valid request service entry","external_service/credentials handler","",""
"","0","returns false when only one argument is nil","util.lib","Tue Aug 18 14:27:52 UTC 2026","passed","Tue Aug 18 14:27:52 UTC 2026","table_equals","table helpers","",""
"","826","non-JSON 200 from access manager does not crash or ban the user (fail open)","mod_muc_auth_ban","Tue Aug 18 14:29:35 UTC 2026","passed","Tue Aug 18 14:29:36 UTC 2026","","","",""
"","669","tracks the limit independently per receiver","mod_audio_translation_component","Tue Aug 18 14:28:33 UTC 2026","passed","Tue Aug 18 14:28:33 UTC 2026","","per-receiver limit (3)","",""
"","178","non-moderator with transcription feature can set recording.isRecordingRequested","mod_room_metadata_component","Tue Aug 18 14:31:29 UTC 2026","passed","Tue Aug 18 14:31:29 UTC 2026","","allow-moderation hook (mod_filter_iq_rayo interop)","",""
"","431","blocks start IQ when features.livestreaming = false","mod_filter_iq_jibri (feature-based authorization)","Tue Aug 18 14:29:06 UTC 2026","passed","Tue Aug 18 14:29:06 UTC 2026","","livestreaming (recording_mode=stream)","",""
"","0","returns nil subdomain for empty brackets (pattern requires >=1 char)","util.lib","Tue Aug 18 14:27:52 UTC 2026","passed","Tue Aug 18 14:27:52 UTC 2026","","extract_subdomain","",""
"","137","returns 200 and delivers the message to the recipient","mod_system_chat_message","Tue Aug 18 14:31:46 UTC 2026","passed","Tue Aug 18 14:31:46 UTC 2026","","message delivery","",""
"","375","answer-poll json-message passes through even after cap is reached","mod_muc_limit_messages","Tue Aug 18 14:30:20 UTC 2026","passed","Tue Aug 18 14:30:21 UTC 2026","","","",""
"","536","rejects invalid JSON","mod_audio_translation_component","Tue Aug 18 14:28:19 UTC 2026","passed","Tue Aug 18 14:28:19 UTC 2026","","routing and parsing","",""
"","72","returns 401 when a login token is used instead of a system token","mod_system_chat_message","Tue Aug 18 14:31:46 UTC 2026","passed","Tue Aug 18 14:31:46 UTC 2026","","authentication","",""
"","0","returns true for two identical tables","util.lib","Tue Aug 18 14:27:52 UTC 2026","passed","Tue Aug 18 14:27:52 UTC 2026","table_equals","table helpers","",""
"","444","omits JvbRoomPassword in forwarded IQ when not provided by client","mod_filter_iq_rayo (feature-based authorization)","Tue Aug 18 14:29:22 UTC 2026","passed","Tue Aug 18 14:29:22 UTC 2026","","JvbRoomPassword header","",""
"","451","non-occupant cannot end the conference","mod_end_conference","Tue Aug 18 14:28:48 UTC 2026","passed","Tue Aug 18 14:28:49 UTC 2026","","","",""
"","0","removes the signature segment","luajwtjitsi","Tue Aug 18 14:27:52 UTC 2026","passed","Tue Aug 18 14:27:52 UTC 2026","strip_signature","internals","",""
"","683","does not resend when the listener set is unchanged","mod_audio_translation_component","Tue Aug 18 14:28:44 UTC 2026","passed","Tue Aug 18 14:28:45 UTC 2026","","directed listeners push (translation-listeners)","",""
"","694","deduplicates the same language requested by two receivers","mod_audio_translation_component","Tue Aug 18 14:28:34 UTC 2026","passed","Tue Aug 18 14:28:34 UTC 2026","","aggregation across receivers","",""
"","0","encodes three-byte form for 256","jwk.lib","Tue Aug 18 14:27:52 UTC 2026","passed","Tue Aug 18 14:27:52 UTC 2026","encode_length","ASN1","",""
"","0","resolves a roomless IQ stored by room_jid_match_rewrite","util.lib","Tue Aug 18 14:27:52 UTC 2026","passed","Tue Aug 18 14:27:52 UTC 2026","","internal_room_jid_match_rewrite","",""
"","16","message is addressed to the client full JID","mod_jiconop","Tue Aug 18 14:29:25 UTC 2026","passed","Tue Aug 18 14:29:25 UTC 2026","","","",""
"","539","all non-admin occupants of the main room receive the update broadcast","mod_muc_breakout_rooms","Tue Aug 18 14:29:40 UTC 2026","passed","Tue Aug 18 14:29:40 UTC 2026","","create breakout room","",""
"","0","reports added keys","util.lib","Tue Aug 18 14:27:52 UTC 2026","passed","Tue Aug 18 14:27:52 UTC 2026","table_compare","table helpers","",""
"","0","recognises outbound-sip-jibri@ prefix","util.lib","Tue Aug 18 14:27:52 UTC 2026","passed","Tue Aug 18 14:27:52 UTC 2026","","get_sip_jibri_email_prefix","",""
"","246","blocks join when room is at the limit","mod_muc_max_occupants","Tue Aug 18 14:30:26 UTC 2026","passed","Tue Aug 18 14:30:26 UTC 2026","","","",""
"","0","appends all values from t2 onto t1","util.lib","Tue Aug 18 14:27:52 UTC 2026","passed","Tue Aug 18 14:27:52 UTC 2026","table_add","table helpers","",""
"","229","a duplicate pollId is rejected with an error","mod_polls_component","Tue Aug 18 14:30:55 UTC 2026","passed","Tue Aug 18 14:30:55 UTC 2026","","poll creation","",""
"","244","adds flip_device tag to the kicked occupant unavailable presence","mod_muc_flip","Tue Aug 18 14:30:16 UTC 2026","passed","Tue Aug 18 14:30:16 UTC 2026","","flip","",""
"","2257","does not destroy room when a second regular user is still present","mod_muc_cleanup_backend_services","Tue Aug 18 14:29:57 UTC 2026","passed","Tue Aug 18 14:29:59 UTC 2026","","","",""
"","0","returns a distinct table (not the same reference)","util.lib","Tue Aug 18 14:27:52 UTC 2026","passed","Tue Aug 18 14:27:52 UTC 2026","table_shallow_copy","table helpers","",""
"","0","ignores an IQ with no jibri child","mod_jibri_session","Tue Aug 18 14:27:52 UTC 2026","passed","Tue Aug 18 14:27:52 UTC 2026","","non-matching stanzas pass through unchanged","",""
"","0","silently ignores invalid JSON in app_data (cjson.safe: returns nil, no throw)","mod_jibri_session","Tue Aug 18 14:27:52 UTC 2026","passed","Tue Aug 18 14:27:52 UTC 2026","","malformed app_data","",""
"","0","expired token is rejected","luajwtjitsi","Tue Aug 18 14:27:52 UTC 2026","passed","Tue Aug 18 14:27:52 UTC 2026","claims","verify","",""
"","0","returns false when no prefix in Set matches","util.lib","Tue Aug 18 14:27:52 UTC 2026","passed","Tue Aug 18 14:27:52 UTC 2026","","starts_with_one_of","",""
"","133","pre-approved member with display name can join","mod_muc_lobby_rooms","Tue Aug 18 14:30:23 UTC 2026","passed","Tue Aug 18 14:30:23 UTC 2026","","bypass paths","",""
"","369","per-room limit higher than global allows more occupants","mod_muc_max_occupants","Tue Aug 18 14:30:27 UTC 2026","passed","Tue Aug 18 14:30:27 UTC 2026","","per-room limit","",""
"","0","extracts subdomain from vpaas magic cookie node","util.lib","Tue Aug 18 14:27:52 UTC 2026","passed","Tue Aug 18 14:27:52 UTC 2026","","extract_subdomain","",""
"","0","is not dominant speaker","SpeakerStats","Tue Aug 18 14:27:52 UTC 2026","passed","Tue Aug 18 14:27:52 UTC 2026","","initial state","",""
"","4","rejects connection with wrong secret","mod_auth_jitsi-shared-secret","Tue Aug 18 14:28:46 UTC 2026","passed","Tue Aug 18 14:28:46 UTC 2026","","","",""
"","0","caches the result in room.is_vpaas","util.lib","Tue Aug 18 14:27:52 UTC 2026","passed","Tue Aug 18 14:27:52 UTC 2026","","is_vpaas","",""
"","0","encodes two-byte form for 255","jwk.lib","Tue Aug 18 14:27:52 UTC 2026","passed","Tue Aug 18 14:27:52 UTC 2026","encode_length","ASN1","",""
"","0","uses custom filename template from config","mod_debug_traceback","Tue Aug 18 14:27:52 UTC 2026","passed","Tue Aug 18 14:27:52 UTC 2026","","dump_traceback()","",""
"","1132","moderator cannot set blocked key ""services""","mod_room_metadata_component","Tue Aug 18 14:31:19 UTC 2026","passed","Tue Aug 18 14:31:20 UTC 2026","","blocked keys","",""
"","417","rejects connection with wrong private key","mod_auth_token (ASAP / RS256)","Tue Aug 18 14:28:46 UTC 2026","passed","Tue Aug 18 14:28:46 UTC 2026","","","",""
"","490","muc_limit_messages must not count messages already blocked by filter_messages","mod_muc_limit_messages","Tue Aug 18 14:30:22 UTC 2026","passed","Tue Aug 18 14:30:22 UTC 2026","","","",""
"","241","whitelisted user can join a room that is at the limit","mod_muc_max_occupants","Tue Aug 18 14:30:26 UTC 2026","passed","Tue Aug 18 14:30:26 UTC 2026","","whitelist","",""
"","135","blocks with 406 not-acceptable when display name is missing","mod_muc_lobby_rooms","Tue Aug 18 14:30:23 UTC 2026","passed","Tue Aug 18 14:30:23 UTC 2026","","non-member join gate","",""
"","130","returns 404 when brewery occupant has no stats element","mod_muc_jigasi_invite","Tue Aug 18 14:30:18 UTC 2026","passed","Tue Aug 18 14:30:18 UTC 2026","","jigasi invite","",""
"","0","nbf in the future is rejected","luajwtjitsi","Tue Aug 18 14:27:52 UTC 2026","passed","Tue Aug 18 14:27:52 UTC 2026","claims","verify","",""
"","0","returns the matched prefix value (table)","util.lib","Tue Aug 18 14:27:52 UTC 2026","passed","Tue Aug 18 14:27:52 UTC 2026","","starts_with_one_of","",""
"","484","sends an empty JSON array when the last listener unsubscribes","mod_audio_translation_component","Tue Aug 18 14:28:43 UTC 2026","passed","Tue Aug 18 14:28:43 UTC 2026","","directed listeners push (translation-listeners)","",""
"","0","returns nil subdomain for a non-multidomain MUC JID","util.lib","Tue Aug 18 14:27:52 UTC 2026","passed","Tue Aug 18 14:27:52 UTC 2026","","room_jid_split_subdomain","",""
"","585","rejects a non-alphabetical language","mod_audio_translation_component","Tue Aug 18 14:28:24 UTC 2026","passed","Tue Aug 18 14:28:25 UTC 2026","","validation (whole-stanza atomicity)","",""
"","0","returns false for nil","util.lib","Tue Aug 18 14:27:52 UTC 2026","passed","Tue Aug 18 14:27:52 UTC 2026","","is_healthcheck_room","",""
"","0","prepends [subdomain] when subdomain is given","util.lib","Tue Aug 18 14:27:52 UTC 2026","passed","Tue Aug 18 14:27:52 UTC 2026","","build_room_address","",""
"","0","empty string returns false","util.lib","Tue Aug 18 14:27:52 UTC 2026","passed","Tue Aug 18 14:27:52 UTC 2026","","is_focus","",""
"","431","blocks stop IQ when token has no context.features (non-moderator fallback)","mod_filter_iq_jibri (feature-based authorization)","Tue Aug 18 14:29:08 UTC 2026","passed","Tue Aug 18 14:29:09 UTC 2026","","livestreaming (recording_mode=stream)","",""
"","525","rejects a JSON payload that is not an object","mod_audio_translation_component","Tue Aug 18 14:28:19 UTC 2026","passed","Tue Aug 18 14:28:20 UTC 2026","","routing and parsing","",""
"","1252","recording with only unrecognized fields falls through to the default moderator check","mod_room_metadata_component","Tue Aug 18 14:31:34 UTC 2026","passed","Tue Aug 18 14:31:35 UTC 2026","","allow-moderation hook (mod_filter_iq_rayo interop)","",""
"","0","returns false for nil string","util.lib","Tue Aug 18 14:27:52 UTC 2026","passed","Tue Aug 18 14:27:52 UTC 2026","","starts_with","",""
"","0","leaves t1 unchanged when t2 is empty","util.lib","Tue Aug 18 14:27:52 UTC 2026","passed","Tue Aug 18 14:27:52 UTC 2026","table_add","table helpers","",""
"","0","escapes a CRLF-injected header value to &#13;&#10;","Rayo dial IQ header CRLF escaping [in-file reference serializer]","Tue Aug 18 14:27:52 UTC 2026","passed","Tue Aug 18 14:27:52 UTC 2026","","","",""
"","0","leaks no raw CR or LF bytes in the serialized stanza","Rayo dial IQ header CRLF escaping [in-file reference serializer]","Tue Aug 18 14:27:52 UTC 2026","passed","Tue Aug 18 14:27:52 UTC 2026","","","",""
"","0","returns nil when value is not present","util.lib","Tue Aug 18 14:27:52 UTC 2026","passed","Tue Aug 18 14:27:52 UTC 2026","table_find","table helpers","",""
"","73","returns 401 when token is expired","mod_system_chat_message","Tue Aug 18 14:31:46 UTC 2026","passed","Tue Aug 18 14:31:46 UTC 2026","","authentication","",""
"","0","nbf is approximately now","mod_short_lived_token","Tue Aug 18 14:27:52 UTC 2026","passed","Tue Aug 18 14:27:52 UTC 2026","","generateToken payload","",""
"","0","returns error for token with invalid JSON body","luajwtjitsi","Tue Aug 18 14:27:52 UTC 2026","passed","Tue Aug 18 14:27:52 UTC 2026","parse_token","internals","",""
"","303","sender with send-groupchat=false is blocked when groupChatRestricted is true","mod_filter_messages","Tue Aug 18 14:29:23 UTC 2026","passed","Tue Aug 18 14:29:23 UTC 2026","","","",""
"","2144","message with missing room attribute is ignored","mod_room_metadata_component","Tue Aug 18 14:31:36 UTC 2026","passed","Tue Aug 18 14:31:39 UTC 2026","","invalid payloads","",""
"","833","session survives a Jibri start IQ targeting a non-existent room","mod_filter_iq_jibri (feature-based authorization)","Tue Aug 18 14:29:09 UTC 2026","passed","Tue Aug 18 14:29:10 UTC 2026","","robustness","",""
"","0","encodes single-byte length for 127","jwk.lib","Tue Aug 18 14:27:52 UTC 2026","passed","Tue Aug 18 14:27:52 UTC 2026","encode_length","ASN1","",""
"","3","PUT returns 400 when Content-Type is not application/json","mod_muc_password_check","Tue Aug 18 14:30:31 UTC 2026","passed","Tue Aug 18 14:30:31 UTC 2026","","parameter validation","",""
"","69","returns 400 when connectionJIDs is missing","mod_system_chat_message","Tue Aug 18 14:31:46 UTC 2026","passed","Tue Aug 18 14:31:46 UTC 2026","","parameter validation","",""
"","0","does not touch cert status for host not in overrides","mod_certs_s2soutinjection","Tue Aug 18 14:27:52 UTC 2026","passed","Tue Aug 18 14:27:52 UTC 2026","","attach()","",""
"","128","strips a client-supplied <identity> when session has no context.user","mod_presence_identity","Tue Aug 18 14:31:06 UTC 2026","passed","Tue Aug 18 14:31:06 UTC 2026","","spoofing prevention","",""
"","189","flip device bypasses lobby when first device is in main room","mod_muc_flip","Tue Aug 18 14:30:16 UTC 2026","passed","Tue Aug 18 14:30:16 UTC 2026","","lobby interactions","",""
"","135","sets no features on session for non-moderator without token features","mod_jitsi_permissions","Tue Aug 18 14:29:26 UTC 2026","passed","Tue Aug 18 14:29:26 UTC 2026","","session features (via HTTP)","",""
"","431","messages after cap remain blocked","mod_muc_limit_messages","Tue Aug 18 14:30:20 UTC 2026","passed","Tue Aug 18 14:30:20 UTC 2026","","","",""
"","0","backend_region taken from region_name config","mod_short_lived_token","Tue Aug 18 14:27:52 UTC 2026","passed","Tue Aug 18 14:27:52 UTC 2026","","generateToken payload","",""
"","0","wraps DER bytes in PEM format with default PUBLIC KEY label","jwk.lib","Tue Aug 18 14:27:52 UTC 2026","passed","Tue Aug 18 14:27:52 UTC 2026","der_to_pem","ASN1","",""
"","0","produces empty strings at boundaries","util.lib","Tue Aug 18 14:27:52 UTC 2026","passed","Tue Aug 18 14:27:52 UTC 2026","","split_string","",""
"","0","rewrites a multidomain JID to internal [sub]room@muc_domain form","util.lib","Tue Aug 18 14:27:52 UTC 2026","passed","Tue Aug 18 14:27:52 UTC 2026","","room_jid_match_rewrite","",""
"","2201","does not start timer when focus (admin) leaves","mod_muc_cleanup_backend_services","Tue Aug 18 14:30:03 UTC 2026","passed","Tue Aug 18 14:30:05 UTC 2026","","","",""
"","0","returns true for focus@auth.example.com/resource","util.lib","Tue Aug 18 14:27:52 UTC 2026","passed","Tue Aug 18 14:27:52 UTC 2026","","is_focus_jid","",""
"","131","does not inject permissions for member with features","mod_jitsi_permissions","Tue Aug 18 14:29:25 UTC 2026","passed","Tue Aug 18 14:29:25 UTC 2026","","non-moderator token","",""
"","2629","non-JSON 200 does not produce a Lua error in the HTTP callback","mod_muc_auth_ban","Tue Aug 18 14:29:36 UTC 2026","passed","Tue Aug 18 14:29:39 UTC 2026","","","",""
"","434","blocks START (recording_mode=FILE) when only features.livestreaming = true (cross-feature)","mod_filter_iq_jibri (feature-based authorization)","Tue Aug 18 14:29:13 UTC 2026","passed","Tue Aug 18 14:29:13 UTC 2026","","attribute case normalisation","",""
"","173","message is delivered when groupChatRestricted is not set","mod_filter_messages","Tue Aug 18 14:29:22 UTC 2026","passed","Tue Aug 18 14:29:23 UTC 2026","","","",""
"","0","missing aud claim when acceptedAudiences provided is rejected","luajwtjitsi","Tue Aug 18 14:27:52 UTC 2026","passed","Tue Aug 18 14:27:52 UTC 2026","audience","verify","",""
"","286","broadcasts an answer to all occupants","mod_polls_component","Tue Aug 18 14:30:55 UTC 2026","passed","Tue Aug 18 14:30:55 UTC 2026","","poll answering","",""
"","0","returns false for nil string","util.lib","Tue Aug 18 14:27:52 UTC 2026","passed","Tue Aug 18 14:27:52 UTC 2026","","ends_with","",""
"","5","PUT returns 404 when room does not exist","mod_muc_password_check","Tue Aug 18 14:30:31 UTC 2026","passed","Tue Aug 18 14:30:31 UTC 2026","","room lookup","",""
"","0","plain /focus string returns true","util.lib","Tue Aug 18 14:27:52 UTC 2026","passed","Tue Aug 18 14:27:52 UTC 2026","","is_focus","",""
"","0","logs error and skips hook when key_path is absent","mod_short_lived_token","Tue Aug 18 14:27:52 UTC 2026","passed","Tue Aug 18 14:27:52 UTC 2026","","config validation","",""
"","0","sets conference_details.session_id from room meetingId","mod_jibri_session","Tue Aug 18 14:27:52 UTC 2026","passed","Tue Aug 18 14:27:52 UTC 2026","","jicofo-to-jibri pass (room attr present on jibri element)","",""
"","154","returns 401 when token is expired","mod_muc_end_meeting","Tue Aug 18 14:30:12 UTC 2026","passed","Tue Aug 18 14:30:12 UTC 2026","","authentication","",""
"","596","denies a receiver whose token sets live-translation-subscribe to false","mod_audio_translation_component","Tue Aug 18 14:28:22 UTC 2026","passed","Tue Aug 18 14:28:23 UTC 2026","","subscribe authorization (live-translation-subscribe)","",""
"","0","returns nil for unrecognised email","util.lib","Tue Aug 18 14:27:52 UTC 2026","passed","Tue Aug 18 14:27:52 UTC 2026","","get_sip_jibri_email_prefix","",""
"","0","recognises sipjibriouta@ prefix","util.lib","Tue Aug 18 14:27:52 UTC 2026","passed","Tue Aug 18 14:27:52 UTC 2026","","get_sip_jibri_email_prefix","",""
"","134","non-occupant disco#info to an existing room succeeds","mod_muc_hide_all","Tue Aug 18 14:30:17 UTC 2026","passed","Tue Aug 18 14:30:17 UTC 2026","","when module is disabled","",""
"","0","returns false when keys differ","util.lib","Tue Aug 18 14:27:52 UTC 2026","passed","Tue Aug 18 14:27:52 UTC 2026","table_equals","table helpers","",""
"","128","survives context.user keys that contain XML-special characters","mod_presence_identity","Tue Aug 18 14:31:06 UTC 2026","passed","Tue Aug 18 14:31:06 UTC 2026","","malformed JWT context.user keys","",""
"","131","injects all default permissions into self-presence on join","mod_jitsi_permissions","Tue Aug 18 14:29:25 UTC 2026","passed","Tue Aug 18 14:29:25 UTC 2026","","moderator token without features","",""
"","127","injects <identity><user> from JWT context.user into MUC presence","mod_presence_identity","Tue Aug 18 14:31:05 UTC 2026","passed","Tue Aug 18 14:31:05 UTC 2026","","identity injection","",""
"","6","returns 404 when room does not exist","mod_muc_kick_participant","Tue Aug 18 14:30:18 UTC 2026","passed","Tue Aug 18 14:30:18 UTC 2026","","kick behaviour","",""
"","122","allows join with wildcard (*) room claim","mod_token_verification","Tue Aug 18 14:31:48 UTC 2026","passed","Tue Aug 18 14:31:48 UTC 2026","","join access control","",""
"","0","returns true when string equals suffix exactly","util.lib","Tue Aug 18 14:27:52 UTC 2026","passed","Tue Aug 18 14:27:52 UTC 2026","","ends_with","",""
"","0","logs error and skips hook when ttl_seconds is absent","mod_short_lived_token","Tue Aug 18 14:27:52 UTC 2026","passed","Tue Aug 18 14:27:52 UTC 2026","","config validation","",""
"","0","nil session — no affiliation set","mod_token_affiliation","Tue Aug 18 14:27:52 UTC 2026","passed","Tue Aug 18 14:27:52 UTC 2026","","skip conditions in muc-occupant-pre-join","",""
"","130","new room is set to hidden","mod_muc_hide_all","Tue Aug 18 14:30:17 UTC 2026","passed","Tue Aug 18 14:30:17 UTC 2026","","when module is enabled","",""
"","186","moderator can end the conference — room is destroyed","mod_end_conference","Tue Aug 18 14:28:47 UTC 2026","passed","Tue Aug 18 14:28:47 UTC 2026","","","",""
"","88","returns 403 when token is expired","mod_muc_kick_participant","Tue Aug 18 14:30:18 UTC 2026","passed","Tue Aug 18 14:30:18 UTC 2026","","authentication","",""
"","0","customer_id falls back to group when extract_subdomain returns no customer_id","mod_short_lived_token","Tue Aug 18 14:27:52 UTC 2026","passed","Tue Aug 18 14:27:52 UTC 2026","","generateToken payload","",""
"","8","rejects connection when token is missing the sub claim","mod_token_verification","Tue Aug 18 14:31:48 UTC 2026","passed","Tue Aug 18 14:31:48 UTC 2026","","join access control","",""
"","69","returns lobbyEnabled: true when lobby is enabled","mod_muc_password_check","Tue Aug 18 14:30:31 UTC 2026","passed","Tue Aug 18 14:30:31 UTC 2026","","GET room info","",""
"","735","drops a second transcription dial to the same room within 10 s","mod_filter_iq_rayo (feature-based authorization)","Tue Aug 18 14:29:18 UTC 2026","passed","Tue Aug 18 14:29:19 UTC 2026","","transcription per-room throttle","",""
"","136","sets token features on session for non-moderator with features","mod_jitsi_permissions","Tue Aug 18 14:29:26 UTC 2026","passed","Tue Aug 18 14:29:26 UTC 2026","","session features (via HTTP)","",""
"","1695","ignores create requests from non-moderator participants","mod_muc_breakout_rooms","Tue Aug 18 14:29:50 UTC 2026","passed","Tue Aug 18 14:29:51 UTC 2026","","access control","",""
"","0","bare word focus without slash returns false","util.lib","Tue Aug 18 14:27:52 UTC 2026","passed","Tue Aug 18 14:27:52 UTC 2026","","is_focus","",""
"","438","sanitises bare CR in JWT user-id","mod_filter_iq_rayo — CRLF escaping in re-serialized headers","Tue Aug 18 14:31:07 UTC 2026","passed","Tue Aug 18 14:31:07 UTC 2026","","","",""
"","18","sets session.jitsi_meet_context_user.id from top-level user_id when context is absent","mod_auth_token (ASAP / RS256)","Tue Aug 18 14:28:47 UTC 2026","passed","Tue Aug 18 14:28:47 UTC 2026","","","",""
"","0","returns false when prefix is longer than string","util.lib","Tue Aug 18 14:27:52 UTC 2026","passed","Tue Aug 18 14:27:52 UTC 2026","","starts_with","",""
"","0","increments count between calls producing distinct filenames","mod_debug_traceback","Tue Aug 18 14:27:52 UTC 2026","passed","Tue Aug 18 14:27:52 UTC 2026","","dump_traceback()","",""
"","733","does not throttle outbound-call dials","mod_filter_iq_rayo (feature-based authorization)","Tue Aug 18 14:29:20 UTC 2026","passed","Tue Aug 18 14:29:21 UTC 2026","","transcription per-room throttle","",""
"","0","returns false for a room without a tenant bracket prefix","util.lib","Tue Aug 18 14:27:52 UTC 2026","passed","Tue Aug 18 14:27:52 UTC 2026","","is_vpaas","",""
"","0","returns no customer_id for non-vpaas subdomain","util.lib","Tue Aug 18 14:27:52 UTC 2026","passed","Tue Aug 18 14:27:52 UTC 2026","","extract_subdomain","",""
"","122","focus joining does not satisfy the host requirement","mod_muc_wait_for_host","Tue Aug 18 14:30:54 UTC 2026","passed","Tue Aug 18 14:30:54 UTC 2026","","no host present","",""
"","0","alg mismatch between header and expectedAlgo is rejected","luajwtjitsi","Tue Aug 18 14:27:52 UTC 2026","passed","Tue Aug 18 14:27:52 UTC 2026","claims","verify","",""
"","8","rejects connection with expired token","mod_auth_token (ASAP / RS256)","Tue Aug 18 14:28:46 UTC 2026","passed","Tue Aug 18 14:28:46 UTC 2026","","","",""
"","232","client with file-upload feature can add file","mod_filesharing_component","Tue Aug 18 14:28:58 UTC 2026","passed","Tue Aug 18 14:28:58 UTC 2026","","authorization","",""
"","87","advertises an audio-translation component identity on the main host","mod_audio_translation_component","Tue Aug 18 14:28:17 UTC 2026","passed","Tue Aug 18 14:28:17 UTC 2026","","disco identity","",""
"","0","rewrites 'to' via room_jid_match_rewrite","mod_muc_domain_mapper","Tue Aug 18 14:27:52 UTC 2026","passed","Tue Aug 18 14:27:52 UTC 2026","message stanzas","filter_stanza","",""
"","123","grants member affiliation when moderator=false","mod_token_affiliation","Tue Aug 18 14:31:47 UTC 2026","passed","Tue Aug 18 14:31:47 UTC 2026","","","",""
"","3","returns 400 when Content-Type is not application/json","mod_system_chat_message","Tue Aug 18 14:31:46 UTC 2026","passed","Tue Aug 18 14:31:46 UTC 2026","","parameter validation","",""
"","432","blocks stop IQ when context.features present but livestreaming key absent","mod_filter_iq_jibri (feature-based authorization)","Tue Aug 18 14:29:08 UTC 2026","passed","Tue Aug 18 14:29:08 UTC 2026","","livestreaming (recording_mode=stream)","",""
"","68","returns { valid: true } when submitted passcode matches","mod_muc_password_check","Tue Aug 18 14:30:32 UTC 2026","passed","Tue Aug 18 14:30:32 UTC 2026","","PUT passcode validation","",""
"","0","returns JID unchanged when host is not the MUC domain","util.lib","Tue Aug 18 14:27:52 UTC 2026","passed","Tue Aug 18 14:27:52 UTC 2026","","internal_room_jid_match_rewrite","",""
"","135","blocks join when token room claim does not match the room","mod_token_verification","Tue Aug 18 14:31:48 UTC 2026","passed","Tue Aug 18 14:31:48 UTC 2026","","join access control","",""
"","68","returns passcodeProtected: false and lobbyEnabled: false for a plain room","mod_muc_password_check","Tue Aug 18 14:30:31 UTC 2026","passed","Tue Aug 18 14:30:31 UTC 2026","","GET room info","",""
"","1133","does not send broadcast to admin (focus)","mod_filesharing_component","Tue Aug 18 14:28:51 UTC 2026","passed","Tue Aug 18 14:28:52 UTC 2026","","add file","",""
"","485","denies a non-moderator without the live-translation feature","mod_audio_translation_component","Tue Aug 18 14:28:38 UTC 2026","passed","Tue Aug 18 14:28:38 UTC 2026","","enable-flag write gating (live-translation)","",""
"","21","assigns a different JID to each client","mod_auth_jitsi-anonymous","Tue Aug 18 14:28:46 UTC 2026","passed","Tue Aug 18 14:28:46 UTC 2026","","","",""
"","17","rejects connection when token has no room claim","mod_token_verification","Tue Aug 18 14:31:48 UTC 2026","passed","Tue Aug 18 14:31:48 UTC 2026","","join access control","",""
"","0","fires event before attempting file write (even on io failure)","mod_debug_traceback","Tue Aug 18 14:27:52 UTC 2026","passed","Tue Aug 18 14:27:52 UTC 2026","","dump_traceback()","",""
"","18","GET returns 404 when room does not exist","mod_muc_password_check","Tue Aug 18 14:30:31 UTC 2026","passed","Tue Aug 18 14:30:31 UTC 2026","","room lookup","",""
"","0","admin occupant — no affiliation set","mod_token_affiliation","Tue Aug 18 14:27:52 UTC 2026","passed","Tue Aug 18 14:27:52 UTC 2026","","skip conditions in muc-occupant-pre-join","",""
"","0","handles empty content","jwk.lib","Tue Aug 18 14:27:52 UTC 2026","passed","Tue Aug 18 14:27:52 UTC 2026","encode_sequence","ASN1","",""
"","378","leaves a conference-modify IQ without traceparent unmodified and exports nothing","mod_trace","Tue Aug 18 14:31:49 UTC 2026","passed","Tue Aug 18 14:31:49 UTC 2026","","when otlp_endpoint is set","",""
"","298","joiner receives list of existing files","mod_filesharing_component","Tue Aug 18 14:28:54 UTC 2026","passed","Tue Aug 18 14:28:54 UTC 2026","","new joiner receives file list","",""
"","131","a kick (role=none by nick) targeting certain participant is rejected","mod_muc_meeting_id","Tue Aug 18 14:30:28 UTC 2026","passed","Tue Aug 18 14:30:28 UTC 2026","","set admin filtering","",""
"","0","registers handler on s2s-check-certificate event","mod_certs_s2soutinjection","Tue Aug 18 14:27:52 UTC 2026","passed","Tue Aug 18 14:27:52 UTC 2026","","event wrapping","",""
"","0","returns is_moderator when features table is absent","util.lib","Tue Aug 18 14:27:52 UTC 2026","passed","Tue Aug 18 14:27:52 UTC 2026","","is_feature_allowed","",""
"","648","messages blocked by filter_messages do not count toward the cap","mod_muc_limit_messages","Tue Aug 18 14:30:22 UTC 2026","passed","Tue Aug 18 14:30:23 UTC 2026","","","",""
"","0","rewrites 'to' and 'from'","mod_muc_domain_mapper","Tue Aug 18 14:27:52 UTC 2026","passed","Tue Aug 18 14:27:52 UTC 2026","presence stanzas","filter_stanza","",""
"","0","encode then verify returns original payload","luajwtjitsi","Tue Aug 18 14:27:52 UTC 2026","passed","Tue Aug 18 14:27:52 UTC 2026","HS512","verify","",""
"","24","sets session.customusername from ?customusername query param","mod_jitsi_session","Tue Aug 18 14:29:26 UTC 2026","passed","Tue Aug 18 14:29:26 UTC 2026","","","",""
"","0","does not deep-copy nested tables","util.lib","Tue Aug 18 14:27:52 UTC 2026","passed","Tue Aug 18 14:27:52 UTC 2026","table_shallow_copy","table helpers","",""
"","0","returns truthy for jibria@ prefixed JID string","util.lib","Tue Aug 18 14:27:52 UTC 2026","passed","Tue Aug 18 14:27:52 UTC 2026","","is_jibri","",""
"","1140","message with missing ""key"" field is ignored","mod_room_metadata_component","Tue Aug 18 14:31:42 UTC 2026","passed","Tue Aug 18 14:31:43 UTC 2026","","invalid payloads","",""
"","23","sets session.jitsi_web_query_prefix from ?prefix query param","mod_jitsi_session","Tue Aug 18 14:29:26 UTC 2026","passed","Tue Aug 18 14:29:26 UTC 2026","","","",""
"","0","encodes three-byte form for 65535","jwk.lib","Tue Aug 18 14:27:52 UTC 2026","passed","Tue Aug 18 14:27:52 UTC 2026","encode_length","ASN1","",""
"","438","XML attribute CRLF is normalised to spaces by expat before reaching Lua","mod_filter_iq_rayo — CRLF escaping in re-serialized headers","Tue Aug 18 14:31:08 UTC 2026","passed","Tue Aug 18 14:31:08 UTC 2026","","","",""
"","0","matches against a Set of prefixes","util.lib","Tue Aug 18 14:27:52 UTC 2026","passed","Tue Aug 18 14:27:52 UTC 2026","","starts_with_one_of","",""
"","6","allows connection with correct shared secret","mod_auth_jitsi-shared-secret","Tue Aug 18 14:28:46 UTC 2026","passed","Tue Aug 18 14:28:46 UTC 2026","","","",""
"","0","non-string key returns error","luajwtjitsi","Tue Aug 18 14:27:52 UTC 2026","passed","Tue Aug 18 14:27:52 UTC 2026","argument validation","encode","",""
"","0","prepends 0x00 when first byte is 0xFF","jwk.lib","Tue Aug 18 14:27:52 UTC 2026","passed","Tue Aug 18 14:27:52 UTC 2026","encode_integer","ASN1","",""
"","839","ignores a message with no <audio-translation> child","mod_audio_translation_component","Tue Aug 18 14:28:17 UTC 2026","passed","Tue Aug 18 14:28:18 UTC 2026","","routing and parsing","",""
"","0","recognises sipjibrioutb@ prefix","util.lib","Tue Aug 18 14:27:52 UTC 2026","passed","Tue Aug 18 14:27:52 UTC 2026","","get_sip_jibri_email_prefix","",""
"","127","regular user can join after focus has joined","mod_muc_meeting_id","Tue Aug 18 14:30:28 UTC 2026","passed","Tue Aug 18 14:30:28 UTC 2026","","jicofo lock","",""
"","0","sends not-allowed when session is not an occupant","mod_short_lived_token","Tue Aug 18 14:27:52 UTC 2026","passed","Tue Aug 18 14:27:52 UTC 2026","","external_service/credentials handler","",""
"","473","blocks a client from setting audioTranslationRequests via metadata","mod_audio_translation_component","Tue Aug 18 14:28:37 UTC 2026","passed","Tue Aug 18 14:28:38 UTC 2026","","aggregation across receivers","",""
"","71","PUT returns 403 when Authorization header is absent","mod_muc_password_check","Tue Aug 18 14:30:31 UTC 2026","passed","Tue Aug 18 14:30:31 UTC 2026","","authentication","",""
"","132","affiliation='moderator'","mod_token_affiliation","Tue Aug 18 14:31:47 UTC 2026","passed","Tue Aug 18 14:31:48 UTC 2026","","moderator claim variants that grant owner/moderator","",""
"","290","anonymous sender is blocked when groupChatRestricted is true","mod_filter_messages","Tue Aug 18 14:29:23 UTC 2026","passed","Tue Aug 18 14:29:23 UTC 2026","","","",""
"","14","non-VPaaS user with a valid token is allowed without an HTTP check","mod_muc_auth_ban","Tue Aug 18 14:29:27 UTC 2026","passed","Tue Aug 18 14:29:27 UTC 2026","","","",""
"","434","passes status IQ regardless of features (only start/stop are gated)","mod_filter_iq_jibri (feature-based authorization)","Tue Aug 18 14:29:09 UTC 2026","passed","Tue Aug 18 14:29:09 UTC 2026","","livestreaming (recording_mode=stream)","",""
"","69","returns 401 when Authorization header is absent","mod_muc_jigasi_invite","Tue Aug 18 14:30:17 UTC 2026","passed","Tue Aug 18 14:30:17 UTC 2026","","authentication","",""
"","339","processes requests when audioTranslation is absent (enabled by default)","mod_audio_translation_component","Tue Aug 18 14:28:21 UTC 2026","passed","Tue Aug 18 14:28:22 UTC 2026","","enabled flag","",""
"","0","does not count time when starting dominant+silent","SpeakerStats","Tue Aug 18 14:27:52 UTC 2026","passed","Tue Aug 18 14:27:52 UTC 2026","","setDominantSpeaker","",""
"","0","returns false for nil string","util.lib","Tue Aug 18 14:27:52 UTC 2026","passed","Tue Aug 18 14:27:52 UTC 2026","","starts_with_one_of","",""
"","82","returns 401 when token is expired","mod_muc_jigasi_invite","Tue Aug 18 14:30:18 UTC 2026","passed","Tue Aug 18 14:30:18 UTC 2026","","authentication","",""
"","0","wrong issuer is rejected","luajwtjitsi","Tue Aug 18 14:27:52 UTC 2026","passed","Tue Aug 18 14:27:52 UTC 2026","issuer","verify","",""
"","0","converts a minimal RSA JWK (no 0x00 padding) to PEM","jwk.lib","Tue Aug 18 14:27:52 UTC 2026","passed","Tue Aug 18 14:27:52 UTC 2026","","jwk_to_pem","",""
"","0","returns nil and error for single-segment input","luajwtjitsi","Tue Aug 18 14:27:52 UTC 2026","passed","Tue Aug 18 14:27:52 UTC 2026","strip_signature","internals","",""
"","186","strips flip_device tag when the user is not already in the room","mod_muc_flip","Tue Aug 18 14:30:15 UTC 2026","passed","Tue Aug 18 14:30:15 UTC 2026","","flip_device tag stripping","",""
"","432","blocks IQ when JvbRoomName header does not match room JID","mod_filter_iq_rayo (feature-based authorization)","Tue Aug 18 14:29:17 UTC 2026","passed","Tue Aug 18 14:29:18 UTC 2026","","JvbRoomName header validation","",""
"","0","returns false for a non-recorder JID string","util.lib","Tue Aug 18 14:27:52 UTC 2026","passed","Tue Aug 18 14:27:52 UTC 2026","","is_jibri","",""
"","425","strips arbitrary client-supplied headers","mod_filter_iq_rayo (feature-based authorization)","Tue Aug 18 14:29:21 UTC 2026","passed","Tue Aug 18 14:29:21 UTC 2026","","header stripping","",""
"","0","multiple audiences produce one service entry each","mod_short_lived_token","Tue Aug 18 14:27:52 UTC 2026","passed","Tue Aug 18 14:27:52 UTC 2026","","external_service/credentials handler","",""
"","0","rewrites 'to' and 'from'","mod_muc_domain_mapper","Tue Aug 18 14:27:52 UTC 2026","passed","Tue Aug 18 14:27:52 UTC 2026","iq stanzas","filter_stanza","",""
"","290","sender with no send-groupchat key in features is blocked when groupChatRestricted is true","mod_filter_messages","Tue Aug 18 14:29:23 UTC 2026","passed","Tue Aug 18 14:29:23 UTC 2026","","","",""
"","241","overwrites author fields to prevent spoofing","mod_filesharing_component","Tue Aug 18 14:28:52 UTC 2026","passed","Tue Aug 18 14:28:52 UTC 2026","","add file","",""
"","0","returns false for a host-only JID (no node)","util.lib","Tue Aug 18 14:27:52 UTC 2026","passed","Tue Aug 18 14:27:52 UTC 2026","","is_focus_jid","",""
"","0","encode with private key, verify with public key","luajwtjitsi","Tue Aug 18 14:27:52 UTC 2026","passed","Tue Aug 18 14:27:52 UTC 2026","RS256","verify","",""
"","0","does not log for non-error presence","mod_muc_domain_mapper","Tue Aug 18 14:27:52 UTC 2026","passed","Tue Aug 18 14:27:52 UTC 2026","log_not_allowed_errors","filter_stanza","",""
"","0","sub defaults to module.host when jitsi_web_query_prefix is empty string","mod_short_lived_token","Tue Aug 18 14:27:52 UTC 2026","passed","Tue Aug 18 14:27:52 UTC 2026","","generateToken payload","",""
"","126","sets token features on session for moderator with features","mod_jitsi_permissions","Tue Aug 18 14:29:25 UTC 2026","passed","Tue Aug 18 14:29:26 UTC 2026","","session features (via HTTP)","",""
"","495","non-moderator participant cannot end the conference","mod_end_conference","Tue Aug 18 14:28:48 UTC 2026","passed","Tue Aug 18 14:28:48 UTC 2026","","","",""
"","588","rejects a language longer than 20 characters","mod_audio_translation_component","Tue Aug 18 14:28:25 UTC 2026","passed","Tue Aug 18 14:28:25 UTC 2026","","validation (whole-stanza atomicity)","",""
"","130","rejects MUC join with invalid Lua regex room claim","mod_auth_token (ASAP / RS256)","Tue Aug 18 14:28:47 UTC 2026","passed","Tue Aug 18 14:28:47 UTC 2026","","","",""
"","1120","an answer for an unknown poll is ignored","mod_polls_component","Tue Aug 18 14:30:55 UTC 2026","passed","Tue Aug 18 14:30:57 UTC 2026","","poll answering","",""
"","1006","keeps a language when one of two referencers removes it","mod_audio_translation_component","Tue Aug 18 14:28:36 UTC 2026","passed","Tue Aug 18 14:28:37 UTC 2026","","aggregation across receivers","",""
"","4","returns 400 when body is empty","mod_muc_kick_participant","Tue Aug 18 14:30:18 UTC 2026","passed","Tue Aug 18 14:30:18 UTC 2026","","parameter validation","",""
"","275","messages within the cap are delivered","mod_muc_limit_messages","Tue Aug 18 14:30:19 UTC 2026","passed","Tue Aug 18 14:30:19 UTC 2026","","","",""
"","0","reports removed keys","util.lib","Tue Aug 18 14:27:52 UTC 2026","passed","Tue Aug 18 14:27:52 UTC 2026","table_compare","table helpers","",""
"","0","handles multi-byte integer without high bit","jwk.lib","Tue Aug 18 14:27:52 UTC 2026","passed","Tue Aug 18 14:27:52 UTC 2026","encode_integer","ASN1","",""
"","122","blocks unauthenticated user from sending owner config IQ","mod_token_verification","Tue Aug 18 14:31:48 UTC 2026","passed","Tue Aug 18 14:31:49 UTC 2026","","token_verification_require_token_for_moderation","",""
"","0","returns truthy for transcriber@ JID","util.lib","Tue Aug 18 14:27:52 UTC 2026","passed","Tue Aug 18 14:27:52 UTC 2026","","is_transcriber","",""
"","434","blocks IQ when token has no context.features (non-owner fallback)","mod_filter_iq_rayo (feature-based authorization)","Tue Aug 18 14:29:16 UTC 2026","passed","Tue Aug 18 14:29:17 UTC 2026","","transcription (dial to jitsi_meet_transcribe)","",""
"","919","rejects a new subscription that would exceed the limit","mod_audio_translation_component","Tue Aug 18 14:28:30 UTC 2026","passed","Tue Aug 18 14:28:31 UTC 2026","","per-receiver limit (3)","",""
"","0","returns JID unchanged when node lacks [sub] prefix","util.lib","Tue Aug 18 14:27:52 UTC 2026","passed","Tue Aug 18 14:27:52 UTC 2026","","internal_room_jid_match_rewrite","",""
"","0","preserves pre-existing file_recording_metadata fields","mod_jibri_session","Tue Aug 18 14:27:52 UTC 2026","passed","Tue Aug 18 14:27:52 UTC 2026","","client-to-jicofo pass (no room attr on jibri element)","",""
"","304","moderator with empty features in token is blocked when groupChatRestricted is true","mod_filter_messages","Tue Aug 18 14:29:24 UTC 2026","passed","Tue Aug 18 14:29:24 UTC 2026","","","",""
"","0","fires debug_traceback/triggered event with a traceback string","mod_debug_traceback","Tue Aug 18 14:27:52 UTC 2026","passed","Tue Aug 18 14:27:52 UTC 2026","","dump_traceback()","",""
"","78","returns 404 when the Jigasi brewery room does not exist","mod_muc_jigasi_invite","Tue Aug 18 14:30:18 UTC 2026","passed","Tue Aug 18 14:30:18 UTC 2026","","brewery room","",""
"","0","returns false for a room whose tenant does not start with vpaas-magic-cookie-","util.lib","Tue Aug 18 14:27:52 UTC 2026","passed","Tue Aug 18 14:27:52 UTC 2026","","is_vpaas","",""
"","5161","all 5 simultaneous leaves complete and observer receives all unavailable presences","mod_muc_rate_limit","Tue Aug 18 14:30:40 UTC 2026","passed","Tue Aug 18 14:30:45 UTC 2026","","leave rate limiting","",""
"","0","sub defaults to module.host when jitsi_web_query_prefix is nil","mod_short_lived_token","Tue Aug 18 14:27:52 UTC 2026","passed","Tue Aug 18 14:27:52 UTC 2026","","generateToken payload","",""
"","0","returns false when values differ","util.lib","Tue Aug 18 14:27:52 UTC 2026","passed","Tue Aug 18 14:27:52 UTC 2026","table_equals","table helpers","",""
"","0","key passed to jwt.encode is the key read from key_path","mod_short_lived_token","Tue Aug 18 14:27:52 UTC 2026","passed","Tue Aug 18 14:27:52 UTC 2026","","generateToken payload","",""
"","835","session survives a transcription-result with an empty transcript array","mod_muc_meeting_id","Tue Aug 18 14:30:29 UTC 2026","passed","Tue Aug 18 14:30:30 UTC 2026","","transcription filter robustness","",""
"","60","non-focus participant is blocked from a health check room","mod_muc_meeting_id","Tue Aug 18 14:30:31 UTC 2026","passed","Tue Aug 18 14:30:31 UTC 2026","","health check rooms","",""
"","3","returns 400 when neither participantId nor number is provided","mod_muc_kick_participant","Tue Aug 18 14:30:18 UTC 2026","passed","Tue Aug 18 14:30:18 UTC 2026","","parameter validation","",""
"","388","treats removal of an absent entry as a benign no-op","mod_audio_translation_component","Tue Aug 18 14:28:28 UTC 2026","passed","Tue Aug 18 14:28:28 UTC 2026","","delta semantics","",""
"","1140","moderator cannot set blocked key ""conferencePresetsServiceEnabled""","mod_room_metadata_component","Tue Aug 18 14:31:13 UTC 2026","passed","Tue Aug 18 14:31:14 UTC 2026","","blocked keys","",""
"","435","blocks IQ when token has no context.features (non-owner fallback)","mod_filter_iq_rayo (feature-based authorization)","Tue Aug 18 14:29:15 UTC 2026","passed","Tue Aug 18 14:29:15 UTC 2026","","outbound-call (dial to non-transcribe address)","",""
"","66","returns 401 when Authorization header is absent","mod_system_chat_message","Tue Aug 18 14:31:45 UTC 2026","passed","Tue Aug 18 14:31:46 UTC 2026","","authentication","",""
"","431","blocks Start (recording_mode=file) when features.recording = false","mod_filter_iq_jibri (feature-based authorization)","Tue Aug 18 14:29:11 UTC 2026","passed","Tue Aug 18 14:29:11 UTC 2026","","attribute case normalisation","",""
"","7","query contains region identity","mod_jiconop","Tue Aug 18 14:29:25 UTC 2026","passed","Tue Aug 18 14:29:25 UTC 2026","","","",""
"","1405","allows a resource with underscore after the first character","mod_muc_resource_validate","Tue Aug 18 14:30:50 UTC 2026","passed","Tue Aug 18 14:30:51 UTC 2026","","","",""
"","128","rejects a resource starting with an underscore","mod_muc_resource_validate","Tue Aug 18 14:30:51 UTC 2026","passed","Tue Aug 18 14:30:52 UTC 2026","","","",""
"","332","unauthenticated sender is still capped when check_token is enabled","mod_muc_limit_messages","Tue Aug 18 14:30:21 UTC 2026","passed","Tue Aug 18 14:30:22 UTC 2026","","","",""
"","118","does not inject permissions for anonymous participant","mod_jitsi_permissions","Tue Aug 18 14:29:25 UTC 2026","passed","Tue Aug 18 14:29:25 UTC 2026","","anonymous user (no token)","",""
"","0","wraps with BIT STRING tag (0x03) and prepends unused-bits byte (0x00)","jwk.lib","Tue Aug 18 14:27:52 UTC 2026","passed","Tue Aug 18 14:27:52 UTC 2026","encode_bit_string","ASN1","",""
"","178","allows a presence update that keeps the same resource","mod_muc_resource_validate","Tue Aug 18 14:30:52 UTC 2026","passed","Tue Aug 18 14:30:52 UTC 2026","","","",""
"","0","returns true and room/subdomain for a moderated subdomain","util.lib","Tue Aug 18 14:27:52 UTC 2026","passed","Tue Aug 18 14:27:52 UTC 2026","","is_moderated","",""
"","139","returns 401 when a login token is used instead of a system token","mod_muc_end_meeting","Tue Aug 18 14:30:12 UTC 2026","passed","Tue Aug 18 14:30:12 UTC 2026","","authentication","",""
"","834","roomCounter increments with each created breakout room","mod_muc_breakout_rooms","Tue Aug 18 14:29:40 UTC 2026","passed","Tue Aug 18 14:29:41 UTC 2026","","create breakout room","",""
"","75","JWT authenticated user receives owner affiliation on join","mod_muc_wait_for_host","Tue Aug 18 14:30:54 UTC 2026","passed","Tue Aug 18 14:30:54 UTC 2026","","","",""
"","123","non-focus is blocked even when focus is already in the room","mod_muc_meeting_id","Tue Aug 18 14:30:31 UTC 2026","passed","Tue Aug 18 14:30:31 UTC 2026","","health check rooms","",""
"","127","rejects a resource containing a hyphen","mod_muc_resource_validate","Tue Aug 18 14:30:52 UTC 2026","passed","Tue Aug 18 14:30:52 UTC 2026","","","",""
"","384","room broadcast is sent when cap is first hit","mod_muc_limit_messages","Tue Aug 18 14:30:19 UTC 2026","passed","Tue Aug 18 14:30:20 UTC 2026","","","",""
"","182","allows a non-moderator whose token grants live-translation","mod_audio_translation_component","Tue Aug 18 14:28:38 UTC 2026","passed","Tue Aug 18 14:28:38 UTC 2026","","enable-flag write gating (live-translation)","",""
"","119","disco#info to a subdomain room JID returns a result","mod_muc_domain_mapper","Tue Aug 18 14:30:12 UTC 2026","passed","Tue Aug 18 14:30:12 UTC 2026","","IQ routing","",""
"","0","returns false for a regular user JID","util.lib","Tue Aug 18 14:27:52 UTC 2026","passed","Tue Aug 18 14:27:52 UTC 2026","","is_transcriber","",""
"","433","blocks stop IQ when features.recording = false","mod_filter_iq_jibri (feature-based authorization)","Tue Aug 18 14:29:04 UTC 2026","passed","Tue Aug 18 14:29:04 UTC 2026","","recording (recording_mode=file)","",""
"","0","returns nil for nil email","util.lib","Tue Aug 18 14:27:52 UTC 2026","passed","Tue Aug 18 14:27:52 UTC 2026","","get_sip_jibri_email_prefix","",""
"","74","conference field equals the full room JID","mod_muc_password_check","Tue Aug 18 14:30:31 UTC 2026","passed","Tue Aug 18 14:30:32 UTC 2026","","GET room info","",""
"","14","query contains release identity","mod_jiconop","Tue Aug 18 14:29:25 UTC 2026","passed","Tue Aug 18 14:29:25 UTC 2026","","","",""
"","201","per-room limit lower than global restricts the room further","mod_muc_max_occupants","Tue Aug 18 14:30:27 UTC 2026","passed","Tue Aug 18 14:30:27 UTC 2026","","per-room limit","",""
"","333","first message over cap is rejected with <not-allowed/>","mod_muc_limit_messages","Tue Aug 18 14:30:19 UTC 2026","passed","Tue Aug 18 14:30:19 UTC 2026","","","",""
"","140","non-occupant disco#info returns <forbidden>","mod_muc_hide_all","Tue Aug 18 14:30:17 UTC 2026","passed","Tue Aug 18 14:30:17 UTC 2026","","when module is enabled","",""
"","66","leaves a conference-modify IQ with traceparent unmodified and exports nothing","mod_trace","Tue Aug 18 14:31:49 UTC 2026","passed","Tue Aug 18 14:31:49 UTC 2026","","when otlp_endpoint is unset","",""
"","0","returns true when feature value is boolean true","util.lib","Tue Aug 18 14:27:52 UTC 2026","passed","Tue Aug 18 14:27:52 UTC 2026","","is_feature_allowed","",""
"","0","rewrites an internal [sub]room JID back to pretty conference.sub.base/room form","util.lib","Tue Aug 18 14:27:52 UTC 2026","passed","Tue Aug 18 14:27:52 UTC 2026","","internal_room_jid_match_rewrite","",""
"","549","merges added entries and leaves earlier ones untouched","mod_audio_translation_component","Tue Aug 18 14:28:27 UTC 2026","passed","Tue Aug 18 14:28:27 UTC 2026","","delta semantics","",""
"","434","passes START (recording_mode=file) when features.recording = true","mod_filter_iq_jibri (feature-based authorization)","Tue Aug 18 14:29:12 UTC 2026","passed","Tue Aug 18 14:29:12 UTC 2026","","attribute case normalisation","",""
"","267","non-moderator recipient receives identity-stripped presence","mod_muc_displayname — hideDisplayNameForGuests","Tue Aug 18 14:30:08 UTC 2026","passed","Tue Aug 18 14:30:09 UTC 2026","","","",""
"","0","parses a valid HS256 token into header, body, and signature","luajwtjitsi","Tue Aug 18 14:27:52 UTC 2026","passed","Tue Aug 18 14:27:52 UTC 2026","parse_token","internals","",""
"","433","passes stop IQ when features.livestreaming = true","mod_filter_iq_jibri (feature-based authorization)","Tue Aug 18 14:29:07 UTC 2026","passed","Tue Aug 18 14:29:07 UTC 2026","","livestreaming (recording_mode=stream)","",""
"","302","transfers moderator role to flip device and tags the kicked occupant presence","mod_muc_flip","Tue Aug 18 14:30:16 UTC 2026","passed","Tue Aug 18 14:30:16 UTC 2026","","flip","",""
"","1136","moderator cannot set blocked key ""moderators""","mod_room_metadata_component","Tue Aug 18 14:31:15 UTC 2026","passed","Tue Aug 18 14:31:16 UTC 2026","","blocked keys","",""
"","197","passes nick unchanged when name-readonly is not set","mod_muc_displayname — name-readonly","Tue Aug 18 14:30:08 UTC 2026","passed","Tue Aug 18 14:30:08 UTC 2026","","","",""
"","439","passes through a clean user-id unchanged (control)","mod_filter_iq_rayo — CRLF escaping in re-serialized headers","Tue Aug 18 14:31:07 UTC 2026","passed","Tue Aug 18 14:31:08 UTC 2026","","","",""
"","2191","does not start timer when jibri leaves and a regular user is still present","mod_muc_cleanup_backend_services","Tue Aug 18 14:30:01 UTC 2026","passed","Tue Aug 18 14:30:03 UTC 2026","","","",""
"","0","returns nil for nil table","util.lib","Tue Aug 18 14:27:52 UTC 2026","passed","Tue Aug 18 14:27:52 UTC 2026","table_find","table helpers","",""
"","17","connects successfully with a valid token","mod_auth_token (HS256 shared secret)","Tue Aug 18 14:28:47 UTC 2026","passed","Tue Aug 18 14:28:47 UTC 2026","","","",""
"","119","leaves affiliation unchanged for anonymous user (no token)","mod_token_affiliation","Tue Aug 18 14:31:47 UTC 2026","passed","Tue Aug 18 14:31:47 UTC 2026","","","",""
"","0","logs error and skips hook when accepted_audiences is absent","mod_short_lived_token","Tue Aug 18 14:27:52 UTC 2026","passed","Tue Aug 18 14:27:52 UTC 2026","","config validation","",""
"","135","a role demotion (role=participant) targeting certain participant is rejected","mod_muc_meeting_id","Tue Aug 18 14:30:29 UTC 2026","passed","Tue Aug 18 14:30:29 UTC 2026","","set admin filtering","",""
"","193","strips nick when name-readonly=true and token has no name","mod_muc_displayname — name-readonly","Tue Aug 18 14:30:08 UTC 2026","passed","Tue Aug 18 14:30:08 UTC 2026","","","",""
"","0","unsupported algorithm returns error","luajwtjitsi","Tue Aug 18 14:27:52 UTC 2026","passed","Tue Aug 18 14:27:52 UTC 2026","argument validation","verify","",""
"","10","rejects connection with wrong secret","mod_auth_token (HS256 shared secret)","Tue Aug 18 14:28:47 UTC 2026","passed","Tue Aug 18 14:28:47 UTC 2026","","","",""
"","0","password is empty string when jwt.encode fails","mod_short_lived_token","Tue Aug 18 14:27:52 UTC 2026","passed","Tue Aug 18 14:27:52 UTC 2026","","generateToken payload","",""
"","29","allows any username with the correct secret","mod_auth_jitsi-shared-secret","Tue Aug 18 14:28:46 UTC 2026","passed","Tue Aug 18 14:28:46 UTC 2026","","","",""
"","0","passes non-message/iq/presence stanzas through unchanged","mod_muc_domain_mapper","Tue Aug 18 14:27:52 UTC 2026","passed","Tue Aug 18 14:27:52 UTC 2026","skipped stanzas","filter_stanza","",""
"","0","output begins and ends with correct PEM markers","jwk.lib","Tue Aug 18 14:27:52 UTC 2026","passed","Tue Aug 18 14:27:52 UTC 2026","","jwk_to_pem","",""
"","225","delivers to multiple recipients","mod_system_chat_message","Tue Aug 18 14:31:46 UTC 2026","passed","Tue Aug 18 14:31:46 UTC 2026","","message delivery","",""
"","0","returns true for a room whose tenant starts with vpaas-magic-cookie-","util.lib","Tue Aug 18 14:27:52 UTC 2026","passed","Tue Aug 18 14:27:52 UTC 2026","","is_vpaas","",""
"","2193","does not start timer when breakout rooms are active","mod_muc_cleanup_backend_services","Tue Aug 18 14:30:06 UTC 2026","passed","Tue Aug 18 14:30:08 UTC 2026","","","",""
"","0","handles host-only JID (no node) — stores id in roomless_iqs and rewrites host","util.lib","Tue Aug 18 14:27:52 UTC 2026","passed","Tue Aug 18 14:27:52 UTC 2026","","room_jid_match_rewrite","",""
"","823","session survives a transcription-result with a missing participant field","mod_muc_meeting_id","Tue Aug 18 14:30:30 UTC 2026","passed","Tue Aug 18 14:30:31 UTC 2026","","transcription filter robustness","",""
"","0","falls back to granted_jitsi_meet_context_group_id when context_group is nil","mod_jibri_session","Tue Aug 18 14:27:52 UTC 2026","passed","Tue Aug 18 14:27:52 UTC 2026","","client-to-jicofo pass (no room attr on jibri element)","",""
"","2242","cancels the destroy timer when a regular user joins after timer starts","mod_muc_cleanup_backend_services","Tue Aug 18 14:29:59 UTC 2026","passed","Tue Aug 18 14:30:01 UTC 2026","","","",""
"","131","affiliation='teacher'","mod_token_affiliation","Tue Aug 18 14:31:48 UTC 2026","passed","Tue Aug 18 14:31:48 UTC 2026","","moderator claim variants that grant owner/moderator","",""
"","17","user without a token is allowed (ban check is a no-op)","mod_muc_auth_ban","Tue Aug 18 14:29:27 UTC 2026","passed","Tue Aug 18 14:29:27 UTC 2026","","","",""
"","190","created_timestamp does not change when further occupants join","mod_conference_duration","Tue Aug 18 14:28:47 UTC 2026","passed","Tue Aug 18 14:28:47 UTC 2026","","","",""
"","236","history message contains <display-name> from nick for anonymous sender","mod_muc_displayname — message display-name handling","Tue Aug 18 14:30:10 UTC 2026","passed","Tue Aug 18 14:30:10 UTC 2026","","","",""
"","18","sets session.jitsi_meet_room from room claim","mod_auth_token (ASAP / RS256)","Tue Aug 18 14:28:46 UTC 2026","passed","Tue Aug 18 14:28:46 UTC 2026","","","",""
"","0","malformed token (two segments) returns error","luajwtjitsi","Tue Aug 18 14:27:52 UTC 2026","passed","Tue Aug 18 14:27:52 UTC 2026","argument validation","verify","",""
"","433","sanitises CRLF in JWT user-id when building the initiator header","mod_filter_iq_rayo — CRLF escaping in re-serialized headers","Tue Aug 18 14:31:06 UTC 2026","passed","Tue Aug 18 14:31:06 UTC 2026","","","",""
"","431","blocks IQ when context.features present but transcription key absent","mod_filter_iq_rayo (feature-based authorization)","Tue Aug 18 14:29:16 UTC 2026","passed","Tue Aug 18 14:29:16 UTC 2026","","transcription (dial to jitsi_meet_transcribe)","",""
"","0","handles multiple hosts in override map independently","mod_certs_s2soutinjection","Tue Aug 18 14:27:52 UTC 2026","passed","Tue Aug 18 14:27:52 UTC 2026","","attach()","",""
"","434","passes start IQ when features.recording = true","mod_filter_iq_jibri (feature-based authorization)","Tue Aug 18 14:29:01 UTC 2026","passed","Tue Aug 18 14:29:02 UTC 2026","","recording (recording_mode=file)","",""
"","0","returns false for a full MUC JID (slash-qualified)","util.lib","Tue Aug 18 14:27:52 UTC 2026","passed","Tue Aug 18 14:27:52 UTC 2026","","is_focus_nick","",""
"","0","returns false for nil room","util.lib","Tue Aug 18 14:27:52 UTC 2026","passed","Tue Aug 18 14:27:52 UTC 2026","","is_vpaas","",""
"","176","extra fields in recording payload are stripped when set via transcription feature","mod_room_metadata_component","Tue Aug 18 14:31:34 UTC 2026","passed","Tue Aug 18 14:31:34 UTC 2026","","allow-moderation hook (mod_filter_iq_rayo interop)","",""
"","0","granted_from set from session.granted_jitsi_meet_context_user_id","mod_short_lived_token","Tue Aug 18 14:27:52 UTC 2026","passed","Tue Aug 18 14:27:52 UTC 2026","","generateToken payload","",""
"","0","returns truthy for jibrib@ prefixed JID string","util.lib","Tue Aug 18 14:27:52 UTC 2026","passed","Tue Aug 18 14:27:52 UTC 2026","","is_jibri","",""
"","0","passes the room JID through room_jid_match_rewrite before lookup","mod_jibri_session","Tue Aug 18 14:27:52 UTC 2026","passed","Tue Aug 18 14:27:52 UTC 2026","","jicofo-to-jibri pass (room attr present on jibri element)","",""
"","0","wildcard matches any value","luajwtjitsi","Tue Aug 18 14:27:52 UTC 2026","passed","Tue Aug 18 14:27:52 UTC 2026","audience","verify","",""
"","140","returns 404 when no SIP-capable Jigasi is in the brewery","mod_muc_jigasi_invite","Tue Aug 18 14:30:18 UTC 2026","passed","Tue Aug 18 14:30:18 UTC 2026","","jigasi invite","",""
"","10","sets session.jitsi_web_query_prefix to empty string when query string present but ?prefix absent","mod_jitsi_session","Tue Aug 18 14:29:26 UTC 2026","passed","Tue Aug 18 14:29:26 UTC 2026","","","",""
"","0","wraps content with SEQUENCE tag 0x30","jwk.lib","Tue Aug 18 14:27:52 UTC 2026","passed","Tue Aug 18 14:27:52 UTC 2026","encode_sequence","ASN1","",""
"","0","extracts subdomain and room name from [sub]room format","util.lib","Tue Aug 18 14:27:52 UTC 2026","passed","Tue Aug 18 14:27:52 UTC 2026","","extract_subdomain","",""
"","0","sets initiator.group from jitsi_meet_context_group","mod_jibri_session","Tue Aug 18 14:27:52 UTC 2026","passed","Tue Aug 18 14:27:52 UTC 2026","","client-to-jicofo pass (no room attr on jibri element)","",""
"","1188","identical startmuted values do not trigger a second broadcast","mod_room_metadata_component","Tue Aug 18 14:31:26 UTC 2026","passed","Tue Aug 18 14:31:27 UTC 2026","","startMuted presence shim","",""
"","239","live broadcast strips <nick> and <display-name> from groupchat messages","mod_muc_displayname — message display-name handling","Tue Aug 18 14:30:09 UTC 2026","passed","Tue Aug 18 14:30:09 UTC 2026","","","",""
"","0","sub is jitsi_web_query_prefix when non-empty","mod_short_lived_token","Tue Aug 18 14:27:52 UTC 2026","passed","Tue Aug 18 14:27:52 UTC 2026","","generateToken payload","",""
"","0","returns truthy for transcriberb@ JID","util.lib","Tue Aug 18 14:27:52 UTC 2026","passed","Tue Aug 18 14:27:52 UTC 2026","","is_transcriber","",""
"","434","passes IQ when features.outbound-call = true","mod_filter_iq_rayo (feature-based authorization)","Tue Aug 18 14:29:13 UTC 2026","passed","Tue Aug 18 14:29:14 UTC 2026","","outbound-call (dial to non-transcribe address)","",""
"","5031","non-admin cannot create rooms on the breakout component (restrict_room_creation)","mod_muc_breakout_rooms","Tue Aug 18 14:29:45 UTC 2026","broken","Tue Aug 18 14:29:50 UTC 2026","","access control","",""
"","126","guest is admitted when a JWT host has already joined","mod_muc_wait_for_host","Tue Aug 18 14:30:54 UTC 2026","passed","Tue Aug 18 14:30:54 UTC 2026","","host present","",""
"","335","tells a sender which receiver is translating it","mod_audio_translation_component","Tue Aug 18 14:28:41 UTC 2026","passed","Tue Aug 18 14:28:41 UTC 2026","","directed listeners push (translation-listeners)","",""
"","0","splits a simple comma-delimited string","util.lib","Tue Aug 18 14:27:52 UTC 2026","passed","Tue Aug 18 14:27:52 UTC 2026","","split_string","",""
"","0","matches against a plain table of prefixes","util.lib","Tue Aug 18 14:27:52 UTC 2026","passed","Tue Aug 18 14:27:52 UTC 2026","","starts_with_one_of","",""
"","173","injects <identity> in presence updates (not only on join)","mod_presence_identity","Tue Aug 18 14:31:05 UTC 2026","passed","Tue Aug 18 14:31:06 UTC 2026","","identity injection","",""
"","632","allows only one transcription dial when multiple are sent concurrently","mod_filter_iq_rayo (feature-based authorization)","Tue Aug 18 14:29:19 UTC 2026","passed","Tue Aug 18 14:29:19 UTC 2026","","transcription per-room throttle","",""
"","19","sets session.jitsi_meet_context_group from token context","mod_auth_token (ASAP / RS256)","Tue Aug 18 14:28:46 UTC 2026","passed","Tue Aug 18 14:28:47 UTC 2026","","","",""
"","190","kicks the old device when the same user joins from a new device","mod_muc_flip","Tue Aug 18 14:30:15 UTC 2026","passed","Tue Aug 18 14:30:16 UTC 2026","","flip","",""
"","0","returns truthy for transcribera@ JID","util.lib","Tue Aug 18 14:27:52 UTC 2026","passed","Tue Aug 18 14:27:52 UTC 2026","","is_transcriber","",""
"","487","moderator receives an update broadcast after creating a breakout room","mod_muc_breakout_rooms","Tue Aug 18 14:29:39 UTC 2026","passed","Tue Aug 18 14:29:39 UTC 2026","","create breakout room","",""
"","119","non-subdomain room still works after mapper is loaded","mod_muc_domain_mapper","Tue Aug 18 14:30:10 UTC 2026","passed","Tue Aug 18 14:30:10 UTC 2026","","subdomain room join","",""
"","290","body-less message is always delivered even when groupChatRestricted is true","mod_filter_messages","Tue Aug 18 14:29:24 UTC 2026","passed","Tue Aug 18 14:29:25 UTC 2026","","","",""
"","4","GET returns 400 when room query param is missing","mod_muc_password_check","Tue Aug 18 14:30:31 UTC 2026","passed","Tue Aug 18 14:30:31 UTC 2026","","parameter validation","",""
"","0","returns false when string does not end with suffix","util.lib","Tue Aug 18 14:27:52 UTC 2026","passed","Tue Aug 18 14:27:52 UTC 2026","","ends_with","",""
"","434","blocks STOP (recording_mode=file) when features.recording = false","mod_filter_iq_jibri (feature-based authorization)","Tue Aug 18 14:29:11 UTC 2026","passed","Tue Aug 18 14:29:11 UTC 2026","","attribute case normalisation","",""
"","0","context.user taken from session when jitsi_meet_context_user present","mod_short_lived_token","Tue Aug 18 14:27:52 UTC 2026","passed","Tue Aug 18 14:27:52 UTC 2026","","generateToken payload","",""
"","430","blocks start IQ when features.recording = false","mod_filter_iq_jibri (feature-based authorization)","Tue Aug 18 14:29:02 UTC 2026","passed","Tue Aug 18 14:29:02 UTC 2026","","recording (recording_mode=file)","",""
"","134","whitelisted domain bypasses lobby without affiliation","mod_muc_lobby_rooms","Tue Aug 18 14:30:23 UTC 2026","passed","Tue Aug 18 14:30:23 UTC 2026","","bypass paths","",""
"","0","updates isSilent state","SpeakerStats","Tue Aug 18 14:27:52 UTC 2026","passed","Tue Aug 18 14:27:52 UTC 2026","","setDominantSpeaker","",""
"","186","anonymous participants are promoted to owner on join","mod_muc_allowners","Tue Aug 18 14:29:26 UTC 2026","passed","Tue Aug 18 14:29:26 UTC 2026","","non-moderated room","",""
"","1138","moderator cannot set blocked key ""transcriberType""","mod_room_metadata_component","Tue Aug 18 14:31:20 UTC 2026","passed","Tue Aug 18 14:31:21 UTC 2026","","blocked keys","",""
"","79","returns 404 when participant is not in the room","mod_muc_kick_participant","Tue Aug 18 14:30:18 UTC 2026","passed","Tue Aug 18 14:30:18 UTC 2026","","kick behaviour","",""
"","437","clears a sender when its listener leaves the room","mod_audio_translation_component","Tue Aug 18 14:28:43 UTC 2026","passed","Tue Aug 18 14:28:44 UTC 2026","","directed listeners push (translation-listeners)","",""
"","0","returns cached is_vpaas value when present","util.lib","Tue Aug 18 14:27:52 UTC 2026","passed","Tue Aug 18 14:27:52 UTC 2026","","is_vpaas","",""
"","120","allows resource matching UUID prefix","mod_muc_resource_validate","Tue Aug 18 14:30:52 UTC 2026","passed","Tue Aug 18 14:30:52 UTC 2026","","","",""
"","0","create and export span","otel","Tue Aug 18 14:27:52 UTC 2026","passed","Tue Aug 18 14:27:52 UTC 2026","","span","",""
"","78","returns 400 when message is missing","mod_system_chat_message","Tue Aug 18 14:31:46 UTC 2026","passed","Tue Aug 18 14:31:46 UTC 2026","","parameter validation","",""
"","1129","message with missing ""data"" field is ignored","mod_room_metadata_component","Tue Aug 18 14:31:43 UTC 2026","passed","Tue Aug 18 14:31:44 UTC 2026","","invalid payloads","",""
"","0","tags with 0x02 and does not pad when high bit is clear","jwk.lib","Tue Aug 18 14:27:52 UTC 2026","passed","Tue Aug 18 14:27:52 UTC 2026","encode_integer","ASN1","",""
"","0","prefers s2s_connect_overrides — s2sout_override hosts are ignored","mod_certs_s2soutinjection","Tue Aug 18 14:27:52 UTC 2026","passed","Tue Aug 18 14:27:52 UTC 2026","","attach()","",""
"","907","silently ignores requests when audioTranslation.enabled is false","mod_audio_translation_component","Tue Aug 18 14:28:21 UTC 2026","passed","Tue Aug 18 14:28:21 UTC 2026","","enabled flag","",""
"","0","recognises inbound-sip-jibri@ prefix","util.lib","Tue Aug 18 14:27:52 UTC 2026","passed","Tue Aug 18 14:27:52 UTC 2026","","get_sip_jibri_email_prefix","",""
"","0","moderator='true' sets owner affiliation","mod_token_affiliation","Tue Aug 18 14:27:52 UTC 2026","passed","Tue Aug 18 14:27:52 UTC 2026","","affiliation assignment","",""
"","0","user_region propagated from session","mod_short_lived_token","Tue Aug 18 14:27:52 UTC 2026","passed","Tue Aug 18 14:27:52 UTC 2026","","generateToken payload","",""
"","6028","VPaaS user is rejected (SASL failure) when access manager returns access=false","mod_muc_auth_ban","Tue Aug 18 14:29:28 UTC 2026","passed","Tue Aug 18 14:29:34 UTC 2026","","","",""
"","0","accumulates time up to the moment of going silent","SpeakerStats","Tue Aug 18 14:27:52 UTC 2026","passed","Tue Aug 18 14:27:52 UTC 2026","","setDominantSpeaker","",""
"","1178","answer-poll with non-boolean answers is ignored","mod_polls_component","Tue Aug 18 14:31:00 UTC 2026","passed","Tue Aug 18 14:31:01 UTC 2026","","validation","",""
"","0","username is token","mod_short_lived_token","Tue Aug 18 14:27:52 UTC 2026","passed","Tue Aug 18 14:27:52 UTC 2026","valid request service entry","external_service/credentials handler","",""
"","61","focus can join a subdomain room","mod_muc_domain_mapper","Tue Aug 18 14:30:10 UTC 2026","passed","Tue Aug 18 14:30:10 UTC 2026","","subdomain room join","",""
"","131","returns 200 and removes the participant","mod_muc_kick_participant","Tue Aug 18 14:30:18 UTC 2026","passed","Tue Aug 18 14:30:19 UTC 2026","","kick behaviour","",""
"","2189","destroys room when last regular user leaves and only jibri remains","mod_muc_cleanup_backend_services","Tue Aug 18 14:29:52 UTC 2026","passed","Tue Aug 18 14:29:54 UTC 2026","","","",""
"","16","returns 404 when conference does not exist","mod_muc_end_meeting","Tue Aug 18 14:30:12 UTC 2026","passed","Tue Aug 18 14:30:12 UTC 2026","","room termination","",""
"","639","does not remove an occupant before authorizing the affiliation change","mod_muc_lobby_rooms","Tue Aug 18 14:30:24 UTC 2026","passed","Tue Aug 18 14:30:25 UTC 2026","","admin-set nick reservation","",""
"","529","HTTP error from access manager does not ban the user (fail open)","mod_muc_auth_ban","Tue Aug 18 14:29:35 UTC 2026","passed","Tue Aug 18 14:29:35 UTC 2026","","","",""
"","61","GET returns 403 when token is invalid","mod_muc_password_check","Tue Aug 18 14:30:31 UTC 2026","passed","Tue Aug 18 14:30:31 UTC 2026","","authentication","",""
"","133","sets default permissions on session for moderator without token features","mod_jitsi_permissions","Tue Aug 18 14:29:26 UTC 2026","passed","Tue Aug 18 14:29:26 UTC 2026","","session features (via HTTP)","",""
"","1071","a connected non-occupant cannot create a poll","mod_polls_component","Tue Aug 18 14:31:04 UTC 2026","passed","Tue Aug 18 14:31:05 UTC 2026","","sender authorization","",""
"","646","clears the map (stops translation) when disabled, and restores it when re-enabled","mod_audio_translation_component","Tue Aug 18 14:28:22 UTC 2026","passed","Tue Aug 18 14:28:22 UTC 2026","","enabled flag","",""
"","193","moderator token user admitted from lobby joins directly without password prompt","mod_muc_lobby_rooms","Tue Aug 18 14:30:24 UTC 2026","passed","Tue Aug 18 14:30:24 UTC 2026","","token_affiliation interaction","",""
"","71","allows a client from a whitelisted domain to join","mod_muc_filter_access","Tue Aug 18 14:30:13 UTC 2026","passed","Tue Aug 18 14:30:13 UTC 2026","","","",""
"","0","returns true when string starts with prefix","util.lib","Tue Aug 18 14:27:52 UTC 2026","passed","Tue Aug 18 14:27:52 UTC 2026","","starts_with","",""
"","70","anonymous guest creates the room and is admitted despite no host present","mod_muc_wait_for_host","Tue Aug 18 14:30:54 UTC 2026","passed","Tue Aug 18 14:30:54 UTC 2026","","room does not exist yet","",""
"","0","accepted issuer passes","luajwtjitsi","Tue Aug 18 14:27:52 UTC 2026","passed","Tue Aug 18 14:27:52 UTC 2026","issuer","verify","",""
"","1","returns a parseable integer","mod_muc_size","Tue Aug 18 14:30:53 UTC 2026","passed","Tue Aug 18 14:30:53 UTC 2026","","GET /sessions","",""
"","0","returns false for a regular user JID","util.lib","Tue Aug 18 14:27:52 UTC 2026","passed","Tue Aug 18 14:27:52 UTC 2026","","is_focus_jid","",""
"","646","drops a receiver's subscriptions when it leaves","mod_audio_translation_component","Tue Aug 18 14:28:39 UTC 2026","passed","Tue Aug 18 14:28:39 UTC 2026","","MUC-leave pruning","",""
"","4","returns 400 when both participantId and number are provided","mod_muc_kick_participant","Tue Aug 18 14:30:18 UTC 2026","passed","Tue Aug 18 14:30:18 UTC 2026","","parameter validation","",""
"","20","resumes session with same username when previd matches SM token","mod_auth_jitsi-anonymous","Tue Aug 18 14:28:46 UTC 2026","passed","Tue Aug 18 14:28:46 UTC 2026","","","",""
"","132","does not inject permissions when token already contains features","mod_jitsi_permissions","Tue Aug 18 14:29:25 UTC 2026","passed","Tue Aug 18 14:29:25 UTC 2026","","moderator token with features","",""
"","7","query contains shard identity","mod_jiconop","Tue Aug 18 14:29:25 UTC 2026","passed","Tue Aug 18 14:29:25 UTC 2026","","","",""
"","1189","remove without fileId attribute is dropped silently","mod_filesharing_component","Tue Aug 18 14:28:59 UTC 2026","passed","Tue Aug 18 14:29:00 UTC 2026","","invalid payloads","",""
"","0","prepends 0x00 when high bit is set to indicate positive number","jwk.lib","Tue Aug 18 14:27:52 UTC 2026","passed","Tue Aug 18 14:27:52 UTC 2026","encode_integer","ASN1","",""
"","1136","moderator cannot set blocked key ""asyncTranscription""","mod_room_metadata_component","Tue Aug 18 14:31:12 UTC 2026","passed","Tue Aug 18 14:31:13 UTC 2026","","blocked keys","",""
"","3","returns 200 with a room_census array","mod_muc_census","Tue Aug 18 14:29:51 UTC 2026","passed","Tue Aug 18 14:29:51 UTC 2026","","","",""
"","12","sets session.jitsi_web_query_room from ?room query param","mod_jitsi_session","Tue Aug 18 14:29:26 UTC 2026","passed","Tue Aug 18 14:29:26 UTC 2026","","","",""
"","432","sanitises bare LF in JWT user-id","mod_filter_iq_rayo — CRLF escaping in re-serialized headers","Tue Aug 18 14:31:06 UTC 2026","passed","Tue Aug 18 14:31:07 UTC 2026","","","",""
"","0","returns false for an unmoderated room without a subdomain","util.lib","Tue Aug 18 14:27:52 UTC 2026","passed","Tue Aug 18 14:27:52 UTC 2026","","is_moderated","",""
"","479","update payload contains the main room and the new breakout room","mod_muc_breakout_rooms","Tue Aug 18 14:29:39 UTC 2026","passed","Tue Aug 18 14:29:40 UTC 2026","","create breakout room","",""
"","0","encode then verify returns original payload","luajwtjitsi","Tue Aug 18 14:27:52 UTC 2026","passed","Tue Aug 18 14:27:52 UTC 2026","HS256","verify","",""
"","433","blocks start IQ when context.features present but livestreaming key absent","mod_filter_iq_jibri (feature-based authorization)","Tue Aug 18 14:29:06 UTC 2026","passed","Tue Aug 18 14:29:07 UTC 2026","","livestreaming (recording_mode=stream)","",""
"","0","affiliation='owner' sets owner","mod_token_affiliation","Tue Aug 18 14:27:52 UTC 2026","passed","Tue Aug 18 14:27:52 UTC 2026","","affiliation assignment","",""
"","6","returns 400 when Content-Type is not application/json","mod_muc_jigasi_invite","Tue Aug 18 14:30:18 UTC 2026","passed","Tue Aug 18 14:30:18 UTC 2026","","parameter validation","",""
"","0","returns nil when e is missing","jwk.lib","Tue Aug 18 14:27:52 UTC 2026","passed","Tue Aug 18 14:27:52 UTC 2026","","jwk_to_pem","",""
"","338","allows a receiver with no token features","mod_audio_translation_component","Tue Aug 18 14:28:23 UTC 2026","passed","Tue Aug 18 14:28:23 UTC 2026","","subscribe authorization (live-translation-subscribe)","",""
"","1","returns 404 when room does not exist","mod_muc_size","Tue Aug 18 14:30:52 UTC 2026","passed","Tue Aug 18 14:30:52 UTC 2026","","GET /room-size","",""
"","183","sanitizes the stored value to only the enabled flag","mod_audio_translation_component","Tue Aug 18 14:28:38 UTC 2026","passed","Tue Aug 18 14:28:39 UTC 2026","","enable-flag write gating (live-translation)","",""
"","0","accumulates across multiple dominant speaker episodes","SpeakerStats","Tue Aug 18 14:27:52 UTC 2026","passed","Tue Aug 18 14:27:52 UTC 2026","","setDominantSpeaker","",""
"","0","no token — no affiliation set","mod_token_affiliation","Tue Aug 18 14:27:52 UTC 2026","passed","Tue Aug 18 14:27:52 UTC 2026","","skip conditions in muc-occupant-pre-join","",""
"","438","removes the request map entirely once the last subscription is gone","mod_audio_translation_component","Tue Aug 18 14:28:40 UTC 2026","passed","Tue Aug 18 14:28:40 UTC 2026","","MUC-leave pruning","",""
"","1136","non-moderator with transcription feature cannot set unrelated metadata keys","mod_room_metadata_component","Tue Aug 18 14:31:33 UTC 2026","passed","Tue Aug 18 14:31:34 UTC 2026","","allow-moderation hook (mod_filter_iq_rayo interop)","",""
"","11","sets session.previd from ?previd query param","mod_jitsi_session","Tue Aug 18 14:29:26 UTC 2026","passed","Tue Aug 18 14:29:26 UTC 2026","","","",""
"","327","exposes the request map to jicofo but not to regular clients","mod_audio_translation_component","Tue Aug 18 14:28:37 UTC 2026","passed","Tue Aug 18 14:28:37 UTC 2026","","aggregation across receivers","",""
"","194","enforces token name: observer sees token name even when sender sent a different nick","mod_muc_displayname — name-readonly","Tue Aug 18 14:30:08 UTC 2026","passed","Tue Aug 18 14:30:08 UTC 2026","","","",""
"","123","moderator='true' (string)","mod_token_affiliation","Tue Aug 18 14:31:47 UTC 2026","passed","Tue Aug 18 14:31:47 UTC 2026","","moderator claim variants that grant owner/moderator","",""
"","432","passes IQ when features.transcription = true","mod_filter_iq_rayo (feature-based authorization)","Tue Aug 18 14:29:15 UTC 2026","passed","Tue Aug 18 14:29:15 UTC 2026","","transcription (dial to jitsi_meet_transcribe)","",""
"","431","blocks START (recording_mode=FILE) when features.recording = false","mod_filter_iq_jibri (feature-based authorization)","Tue Aug 18 14:29:12 UTC 2026","passed","Tue Aug 18 14:29:13 UTC 2026","","attribute case normalisation","",""
"","0","empty list returns false","luajwtjitsi","Tue Aug 18 14:27:52 UTC 2026","passed","Tue Aug 18 14:27:52 UTC 2026","verify_claim","internals","",""
"","129","allows anonymous join when allow_empty_token = true","mod_token_verification","Tue Aug 18 14:31:48 UTC 2026","passed","Tue Aug 18 14:31:48 UTC 2026","","join access control","",""
"","0","does not modify app_data when room is not found","mod_jibri_session","Tue Aug 18 14:27:52 UTC 2026","passed","Tue Aug 18 14:27:52 UTC 2026","","jicofo-to-jibri pass (room attr present on jibri element)","",""
"","128","non-member can join freely after lobby is disabled","mod_muc_lobby_rooms","Tue Aug 18 14:30:24 UTC 2026","passed","Tue Aug 18 14:30:24 UTC 2026","","lifecycle","",""
"","544","unions different languages requested for the same sender","mod_audio_translation_component","Tue Aug 18 14:28:33 UTC 2026","passed","Tue Aug 18 14:28:34 UTC 2026","","aggregation across receivers","",""
"","5","assigns a new username when previd does not match any session","mod_auth_jitsi-anonymous","Tue Aug 18 14:28:46 UTC 2026","passed","Tue Aug 18 14:28:46 UTC 2026","","","",""
"","0","does not modify app_data when origin (session) is nil","mod_jibri_session","Tue Aug 18 14:27:52 UTC 2026","passed","Tue Aug 18 14:27:52 UTC 2026","","client-to-jicofo pass (no room attr on jibri element)","",""
"","0","ignores a non-IQ stanza","mod_jibri_session","Tue Aug 18 14:27:52 UTC 2026","passed","Tue Aug 18 14:27:52 UTC 2026","","non-matching stanzas pass through unchanged","",""
"","0","default filename contains pid and starts with data path","mod_debug_traceback","Tue Aug 18 14:27:52 UTC 2026","passed","Tue Aug 18 14:27:52 UTC 2026","","dump_traceback()","",""
"","0","does not rewrite a JID whose host uses a hyphen after the prefix (regression)","util.lib","Tue Aug 18 14:27:52 UTC 2026","passed","Tue Aug 18 14:27:52 UTC 2026","","room_jid_match_rewrite","",""
"","0","passes stanza through unchanged for s2sout sessions","mod_muc_domain_mapper","Tue Aug 18 14:27:52 UTC 2026","passed","Tue Aug 18 14:27:52 UTC 2026","skipped stanzas","filter_stanza","",""
"","0","returns false for a regular nick","util.lib","Tue Aug 18 14:27:52 UTC 2026","passed","Tue Aug 18 14:27:52 UTC 2026","","is_focus_nick","",""
"","0","iss is set to configured issuer","mod_short_lived_token","Tue Aug 18 14:27:52 UTC 2026","passed","Tue Aug 18 14:27:52 UTC 2026","","generateToken payload","",""
"","0","regular nick returns false","util.lib","Tue Aug 18 14:27:52 UTC 2026","passed","Tue Aug 18 14:27:52 UTC 2026","","is_focus","",""
"","396","tracks room occupancy and updates when clients leave","mod_muc_census","Tue Aug 18 14:29:52 UTC 2026","passed","Tue Aug 18 14:29:52 UTC 2026","","","",""
"","121","non-whitelisted client is rejected when joining without password","mod_muc_password_whitelist","Tue Aug 18 14:30:32 UTC 2026","passed","Tue Aug 18 14:30:32 UTC 2026","","","",""
"","0","non-table data returns error","luajwtjitsi","Tue Aug 18 14:27:52 UTC 2026","passed","Tue Aug 18 14:27:52 UTC 2026","argument validation","encode","",""
"","12","session count increases when a client connects","mod_muc_size","Tue Aug 18 14:30:53 UTC 2026","passed","Tue Aug 18 14:30:53 UTC 2026","","GET /sessions","",""
"","0","reports modified values","util.lib","Tue Aug 18 14:27:52 UTC 2026","passed","Tue Aug 18 14:27:52 UTC 2026","table_compare","table helpers","",""
"","79","returns 403 when a login token is used instead of a system token","mod_muc_kick_participant","Tue Aug 18 14:30:18 UTC 2026","passed","Tue Aug 18 14:30:18 UTC 2026","","authentication","",""
"","0","logs a not-allowed presence error once per session","mod_muc_domain_mapper","Tue Aug 18 14:27:52 UTC 2026","passed","Tue Aug 18 14:27:52 UTC 2026","log_not_allowed_errors","filter_stanza","",""
"","18","sets session.jitsi_meet_context_features from token context","mod_auth_token (ASAP / RS256)","Tue Aug 18 14:28:46 UTC 2026","passed","Tue Aug 18 14:28:46 UTC 2026","","","",""
"","0","handles JID with no node (bare host)","util.lib","Tue Aug 18 14:27:52 UTC 2026","passed","Tue Aug 18 14:27:52 UTC 2026","","room_jid_split_subdomain","",""
"","136","non-moderator token holder is blocked by lobby","mod_muc_lobby_rooms","Tue Aug 18 14:30:24 UTC 2026","passed","Tue Aug 18 14:30:24 UTC 2026","","token_affiliation interaction","",""
"","12","sets session.jitsi_meet_context_user from token context","mod_auth_token (ASAP / RS256)","Tue Aug 18 14:28:46 UTC 2026","passed","Tue Aug 18 14:28:46 UTC 2026","","","",""
"","440","blocks start IQ when context.features present but recording key absent","mod_filter_iq_jibri (feature-based authorization)","Tue Aug 18 14:29:02 UTC 2026","passed","Tue Aug 18 14:29:03 UTC 2026","","recording (recording_mode=file)","",""
"","1138","moderator cannot set blocked key ""dialinEnabled""","mod_room_metadata_component","Tue Aug 18 14:31:14 UTC 2026","passed","Tue Aug 18 14:31:15 UTC 2026","","blocked keys","",""
"","13","serves entries from external_services config (port 3479)","mod_turncredentials_http","Tue Aug 18 14:31:50 UTC 2026","passed","Tue Aug 18 14:31:50 UTC 2026","","extdisco IQ (via external_services)","",""
"","0","non-string token returns error","luajwtjitsi","Tue Aug 18 14:27:52 UTC 2026","passed","Tue Aug 18 14:27:52 UTC 2026","argument validation","verify","",""
"","0","uses custom signal name in info log message","mod_debug_traceback","Tue Aug 18 14:27:52 UTC 2026","passed","Tue Aug 18 14:27:52 UTC 2026","","dump_traceback()","",""
"","0","unsupported algorithm returns error","luajwtjitsi","Tue Aug 18 14:27:52 UTC 2026","passed","Tue Aug 18 14:27:52 UTC 2026","argument validation","encode","",""
"","192","correctly assigns different roles to moderator and non-moderator in same room","mod_token_affiliation","Tue Aug 18 14:31:47 UTC 2026","passed","Tue Aug 18 14:31:47 UTC 2026","","","",""
"","0","surrounds traceback with header and footer lines","mod_debug_traceback","Tue Aug 18 14:27:52 UTC 2026","passed","Tue Aug 18 14:27:52 UTC 2026","","dump_traceback()","",""
"","256","moderator recipient receives full presence with identity intact","mod_muc_displayname — hideDisplayNameForGuests","Tue Aug 18 14:30:09 UTC 2026","passed","Tue Aug 18 14:30:09 UTC 2026","","","",""
"","128","focus can still create the room after a rejected creation attempt","mod_muc_meeting_id","Tue Aug 18 14:30:28 UTC 2026","passed","Tue Aug 18 14:30:28 UTC 2026","","jicofo lock","",""
"","187","message with non-string key does not corrupt room state","mod_room_metadata_component","Tue Aug 18 14:31:45 UTC 2026","passed","Tue Aug 18 14:31:45 UTC 2026","","invalid payloads","",""
"","0","returns false for nil prefixes","util.lib","Tue Aug 18 14:27:52 UTC 2026","passed","Tue Aug 18 14:27:52 UTC 2026","","starts_with_one_of","",""
"","232","broadcasts when value changes","mod_room_metadata_component","Tue Aug 18 14:31:25 UTC 2026","passed","Tue Aug 18 14:31:25 UTC 2026","","value deduplication","",""
"","424","blocks stop IQ when token has no context.features (non-moderator fallback)","mod_filter_iq_jibri (feature-based authorization)","Tue Aug 18 14:29:04 UTC 2026","passed","Tue Aug 18 14:29:05 UTC 2026","","recording (recording_mode=file)","",""
"","126","blocks join for moderator token scoped to a different room","mod_token_verification","Tue Aug 18 14:31:48 UTC 2026","passed","Tue Aug 18 14:31:48 UTC 2026","","join access control","",""
"","433","passes JvbRoomPassword through when provided","mod_filter_iq_rayo (feature-based authorization)","Tue Aug 18 14:29:21 UTC 2026","passed","Tue Aug 18 14:29:22 UTC 2026","","JvbRoomPassword header","",""
"","0","returns false for a nick that contains focus but is not exactly focus","util.lib","Tue Aug 18 14:27:52 UTC 2026","passed","Tue Aug 18 14:27:52 UTC 2026","","is_focus_nick","",""
"","135","affiliation='owner'","mod_token_affiliation","Tue Aug 18 14:31:47 UTC 2026","passed","Tue Aug 18 14:31:47 UTC 2026","","moderator claim variants that grant owner/moderator","",""
"","122","grants member affiliation and participant role for authenticated non-moderator","mod_token_affiliation","Tue Aug 18 14:31:46 UTC 2026","passed","Tue Aug 18 14:31:47 UTC 2026","","","",""
"","0","does not log when error type is not 'cancel'","mod_muc_domain_mapper","Tue Aug 18 14:27:52 UTC 2026","passed","Tue Aug 18 14:27:52 UTC 2026","log_not_allowed_errors","filter_stanza","",""
"","294","moderator with no features in token is allowed when groupChatRestricted is true","mod_filter_messages","Tue Aug 18 14:29:23 UTC 2026","passed","Tue Aug 18 14:29:24 UTC 2026","","","",""
"","1088","non-occupant (connected but not joined) cannot update metadata","mod_room_metadata_component","Tue Aug 18 14:31:10 UTC 2026","passed","Tue Aug 18 14:31:11 UTC 2026","","authorization","",""
"","0","port is 443","mod_short_lived_token","Tue Aug 18 14:27:52 UTC 2026","passed","Tue Aug 18 14:27:52 UTC 2026","valid request service entry","external_service/credentials handler","",""
"","440","participant count decreases after a client leaves","mod_muc_size","Tue Aug 18 14:30:53 UTC 2026","passed","Tue Aug 18 14:30:53 UTC 2026","","GET /room-size","",""
"","367","rewrites the traceparent parent_id and exports a span for a conference-modify IQ","mod_trace","Tue Aug 18 14:31:49 UTC 2026","passed","Tue Aug 18 14:31:50 UTC 2026","","when otlp_endpoint is set","",""
"","0","affiliation='teacher' sets owner","mod_token_affiliation","Tue Aug 18 14:27:52 UTC 2026","passed","Tue Aug 18 14:27:52 UTC 2026","","affiliation assignment","",""
"","1199","add without fileId in JSON body is dropped silently","mod_filesharing_component","Tue Aug 18 14:28:58 UTC 2026","passed","Tue Aug 18 14:28:59 UTC 2026","","invalid payloads","",""
"","433","blocks START (recording_mode=file) when features.recording = false","mod_filter_iq_jibri (feature-based authorization)","Tue Aug 18 14:29:10 UTC 2026","passed","Tue Aug 18 14:29:11 UTC 2026","","attribute case normalisation","",""
"","10","sets session.jitsi_meet_context_features from token context","mod_auth_token (HS256 shared secret)","Tue Aug 18 14:28:47 UTC 2026","passed","Tue Aug 18 14:28:47 UTC 2026","","","",""
"","120","rejects resource not matching UUID prefix","mod_muc_resource_validate","Tue Aug 18 14:30:52 UTC 2026","passed","Tue Aug 18 14:30:52 UTC 2026","","","",""
"","61","returns item-not-found error reply for Jibri IQ targeting a non-existent room","mod_filter_iq_jibri (feature-based authorization)","Tue Aug 18 14:29:10 UTC 2026","passed","Tue Aug 18 14:29:10 UTC 2026","","robustness","",""
"","0","missing iss claim when acceptedIssuers provided is rejected","luajwtjitsi","Tue Aug 18 14:27:52 UTC 2026","passed","Tue Aug 18 14:27:52 UTC 2026","issuer","verify","",""
"","1251","two clients in different subdomain rooms do not see each other","mod_muc_domain_mapper","Tue Aug 18 14:30:10 UTC 2026","passed","Tue Aug 18 14:30:12 UTC 2026","","occupant presence exchange","",""
"","4","returns 404 when room does not exist","mod_system_chat_message","Tue Aug 18 14:31:46 UTC 2026","passed","Tue Aug 18 14:31:46 UTC 2026","","room lookup","",""
"","8","rejects connection with expired token","mod_auth_token (HS256 shared secret)","Tue Aug 18 14:28:47 UTC 2026","passed","Tue Aug 18 14:28:47 UTC 2026","","","",""
"","0","returns false for occupant object with non-recorder JID","util.lib","Tue Aug 18 14:27:52 UTC 2026","passed","Tue Aug 18 14:27:52 UTC 2026","","is_jibri","",""
"","0","context.group falls back to granted_jitsi_meet_context_group_id","mod_short_lived_token","Tue Aug 18 14:27:52 UTC 2026","passed","Tue Aug 18 14:27:52 UTC 2026","","generateToken payload","",""
"","0","handles multi-character delimiter","util.lib","Tue Aug 18 14:27:52 UTC 2026","passed","Tue Aug 18 14:27:52 UTC 2026","","split_string","",""
"","0","returns nil and error for two-segment input","luajwtjitsi","Tue Aug 18 14:27:52 UTC 2026","passed","Tue Aug 18 14:27:52 UTC 2026","strip_signature","internals","",""
"","119","anonymous participants are not promoted","mod_muc_allowners","Tue Aug 18 14:29:27 UTC 2026","passed","Tue Aug 18 14:29:27 UTC 2026","","moderated room","",""
"","0","default filename embeds count (starting at 0)","mod_debug_traceback","Tue Aug 18 14:27:52 UTC 2026","passed","Tue Aug 18 14:27:52 UTC 2026","","dump_traceback()","",""
"","4","returns 400 when query string is missing","mod_muc_size","Tue Aug 18 14:30:52 UTC 2026","passed","Tue Aug 18 14:30:52 UTC 2026","","GET /room-size","",""
"","637","clears listeners when disabled and restores them when re-enabled","mod_audio_translation_component","Tue Aug 18 14:28:45 UTC 2026","passed","Tue Aug 18 14:28:46 UTC 2026","","directed listeners push (translation-listeners)","",""
"","142","regular user receives available self-presence with subdomain from-JID","mod_muc_domain_mapper","Tue Aug 18 14:30:10 UTC 2026","passed","Tue Aug 18 14:30:10 UTC 2026","","subdomain room join","",""
"","258","all occupants receive an unavailable presence with a destroy reason","mod_end_conference","Tue Aug 18 14:28:47 UTC 2026","passed","Tue Aug 18 14:28:48 UTC 2026","","","",""
"","0","produces a single element when delimiter is absent","util.lib","Tue Aug 18 14:27:52 UTC 2026","passed","Tue Aug 18 14:27:52 UTC 2026","","split_string","",""
"","0","wraps bytes with OID tag 0x06","jwk.lib","Tue Aug 18 14:27:52 UTC 2026","passed","Tue Aug 18 14:27:52 UTC 2026","encode_oid","ASN1","",""
"","131","includes the lobby room JID in the 407 error","mod_muc_lobby_rooms","Tue Aug 18 14:30:23 UTC 2026","passed","Tue Aug 18 14:30:23 UTC 2026","","non-member join gate","",""
"","173","non-owner with no token features receives forbidden error","mod_filesharing_component","Tue Aug 18 14:28:57 UTC 2026","passed","Tue Aug 18 14:28:58 UTC 2026","","authorization","",""
"","462","only active rooms appear in census after a room is destroyed","mod_muc_census","Tue Aug 18 14:29:51 UTC 2026","passed","Tue Aug 18 14:29:52 UTC 2026","","","",""
"","12","returns 400 when conference is missing","mod_muc_jigasi_invite","Tue Aug 18 14:30:18 UTC 2026","passed","Tue Aug 18 14:30:18 UTC 2026","","parameter validation","",""
"","0","encode then verify returns original payload","luajwtjitsi","Tue Aug 18 14:27:52 UTC 2026","passed","Tue Aug 18 14:27:52 UTC 2026","HS384","verify","",""
"","0","ignores a jibri IQ with no action attribute","mod_jibri_session","Tue Aug 18 14:27:52 UTC 2026","passed","Tue Aug 18 14:27:52 UTC 2026","","non-matching stanzas pass through unchanged","",""
