"DESCRIPTION","DURATION IN MS","NAME","PARENT SUITE","START TIME","STATUS","STOP TIME","SUB SUITE","SUITE","TEST CLASS","TEST METHOD"
"","2137","message with empty <room_metadata> body is ignored","mod_room_metadata_component","Thu Sep 24 19:04:05 UTC 2026","passed","Thu Sep 24 19:04:07 UTC 2026","","invalid payloads","",""
"","134","accepts MUC join when the regex room claim uses an uppercase class","mod_auth_token (ASAP / RS256)","Thu Sep 24 19:00:58 UTC 2026","passed","Thu Sep 24 19:00:59 UTC 2026","","","",""
"","1139","moderator cannot set blocked key ""allownersEnabled""","mod_room_metadata_component","Thu Sep 24 19:03:37 UTC 2026","passed","Thu Sep 24 19:03:38 UTC 2026","","blocked keys","",""
"","0","sends not-allowed when session is not an occupant","mod_short_lived_token","Thu Sep 24 19:00:08 UTC 2026","passed","Thu Sep 24 19:00:08 UTC 2026","","external_service/credentials handler","",""
"","124","strips a client-supplied <identity> when session has no context.user","mod_presence_identity","Thu Sep 24 19:03:32 UTC 2026","passed","Thu Sep 24 19:03:32 UTC 2026","","spoofing prevention","",""
"","477","participant count decreases after a client leaves","mod_muc_size","Thu Sep 24 19:03:19 UTC 2026","passed","Thu Sep 24 19:03:19 UTC 2026","","GET /room-size","",""
"","0","falls through so the room relays and archives it","mod_muc_message_moderation","Thu Sep 24 19:00:07 UTC 2026","passed","Thu Sep 24 19:00:07 UTC 2026","","correction by the author","",""
"","293","body-less private message is delivered even when privateChatRestricted is true","mod_filter_messages private messages","Thu Sep 24 19:01:57 UTC 2026","passed","Thu Sep 24 19:01:57 UTC 2026","","","",""
"","0","encodes three-byte form for 256","jwk.lib","Thu Sep 24 19:00:07 UTC 2026","passed","Thu Sep 24 19:00:07 UTC 2026","encode_length","ASN1","",""
"","0","converts a minimal RSA JWK (no 0x00 padding) to PEM","jwk.lib","Thu Sep 24 19:00:07 UTC 2026","passed","Thu Sep 24 19:00:07 UTC 2026","","jwk_to_pem","",""
"","0","returns JID unchanged when node lacks [sub] prefix","util.lib","Thu Sep 24 19:00:08 UTC 2026","passed","Thu Sep 24 19:00:08 UTC 2026","","internal_room_jid_match_rewrite","",""
"","0","tampered payload fails verification","luajwtjitsi","Thu Sep 24 19:00:07 UTC 2026","passed","Thu Sep 24 19:00:07 UTC 2026","HS256","verify","",""
"","228","a duplicate pollId is rejected with an error","mod_polls_component","Thu Sep 24 19:03:21 UTC 2026","passed","Thu Sep 24 19:03:21 UTC 2026","","poll creation","",""
"","26","resumes session with same username when previd matches SM token","mod_auth_jitsi-anonymous","Thu Sep 24 19:00:58 UTC 2026","passed","Thu Sep 24 19:00:58 UTC 2026","","","",""
"","21","sets session.jitsi_web_query_prefix from ?prefix query param","mod_jitsi_session","Thu Sep 24 19:02:01 UTC 2026","passed","Thu Sep 24 19:02:01 UTC 2026","","","",""
"","0","encodes two-byte form for 255","jwk.lib","Thu Sep 24 19:00:07 UTC 2026","passed","Thu Sep 24 19:00:07 UTC 2026","encode_length","ASN1","",""
"","18","rejects connection with wrong secret","mod_auth_jitsi-shared-secret","Thu Sep 24 19:00:58 UTC 2026","passed","Thu Sep 24 19:00:58 UTC 2026","","","",""
"","488","update payload contains the main room and the new breakout room","mod_muc_breakout_rooms","Thu Sep 24 19:02:10 UTC 2026","passed","Thu Sep 24 19:02:10 UTC 2026","","create breakout room","",""
"","1","returns 400 when query string is missing","mod_muc_size","Thu Sep 24 19:03:19 UTC 2026","passed","Thu Sep 24 19:03:19 UTC 2026","","GET /room","",""
"","219","delivers to multiple recipients","mod_system_chat_message","Thu Sep 24 19:04:13 UTC 2026","passed","Thu Sep 24 19:04:13 UTC 2026","","message delivery","",""
"","12","does not crash on connect with invalid Lua regex room claim","mod_auth_token (ASAP / RS256)","Thu Sep 24 19:00:58 UTC 2026","passed","Thu Sep 24 19:00:58 UTC 2026","","","",""
"","0","sub is jitsi_web_query_prefix when non-empty","mod_short_lived_token","Thu Sep 24 19:00:08 UTC 2026","passed","Thu Sep 24 19:00:08 UTC 2026","","generateToken payload","",""
"","9","user without a token is allowed (ban check is a no-op)","mod_muc_auth_ban","Thu Sep 24 19:02:03 UTC 2026","passed","Thu Sep 24 19:02:03 UTC 2026","","","",""
"","152","includes displayName in the payload when provided","mod_system_chat_message","Thu Sep 24 19:04:12 UTC 2026","passed","Thu Sep 24 19:04:13 UTC 2026","","message delivery","",""
"","602","rejects a language longer than 20 characters","mod_audio_translation_component","Thu Sep 24 19:00:36 UTC 2026","passed","Thu Sep 24 19:00:37 UTC 2026","","validation (whole-stanza atomicity)","",""
"","222","restores the token features when owner changes to admin","mod_jitsi_permissions","Thu Sep 24 19:01:59 UTC 2026","passed","Thu Sep 24 19:01:59 UTC 2026","","affiliation grant and revoke","",""
"","1177","invalid JSON is ignored cleanly","mod_polls_component","Thu Sep 24 19:03:28 UTC 2026","passed","Thu Sep 24 19:03:29 UTC 2026","","validation","",""
"","0","non-string token returns error","luajwtjitsi","Thu Sep 24 19:00:07 UTC 2026","passed","Thu Sep 24 19:00:07 UTC 2026","argument validation","verify","",""
"","131","does not inject permissions when token already contains features","mod_jitsi_permissions","Thu Sep 24 19:01:57 UTC 2026","passed","Thu Sep 24 19:01:57 UTC 2026","","moderator token with features","",""
"","1185","joiner receives nothing when no files have been shared","mod_filesharing_component","Thu Sep 24 19:01:20 UTC 2026","passed","Thu Sep 24 19:01:21 UTC 2026","","new joiner receives file list","",""
"","0","ignores an ordinary message from main","mod_muc_message_moderation","Thu Sep 24 19:00:07 UTC 2026","passed","Thu Sep 24 19:00:07 UTC 2026","","visitor node history","",""
"","136","rejects MUC join when the regex room claim has too many quantifiers","mod_auth_token (ASAP / RS256)","Thu Sep 24 19:00:59 UTC 2026","passed","Thu Sep 24 19:00:59 UTC 2026","","","",""
"","121","does not inject <identity> when token has no context.user","mod_presence_identity","Thu Sep 24 19:03:32 UTC 2026","passed","Thu Sep 24 19:03:32 UTC 2026","","identity injection","",""
"","1143","moderator cannot set blocked key ""participantsSoftLimit""","mod_room_metadata_component","Thu Sep 24 19:03:44 UTC 2026","passed","Thu Sep 24 19:03:45 UTC 2026","","blocked keys","",""
"","0","refuses a visitor retraction of a message they did not author","mod_muc_message_moderation","Thu Sep 24 19:00:08 UTC 2026","passed","Thu Sep 24 19:00:08 UTC 2026","","visitor node history","",""
"","439","blocks START (recording_mode=FILE) when features.recording = false","mod_filter_iq_jibri (feature-based authorization)","Thu Sep 24 19:01:41 UTC 2026","passed","Thu Sep 24 19:01:42 UTC 2026","","attribute case normalisation","",""
"","4","rejects connection when ?token is present but invalid","mod_jitsi_session","Thu Sep 24 19:02:01 UTC 2026","passed","Thu Sep 24 19:02:01 UTC 2026","","","",""
"","435","passes stop IQ when features.recording = true","mod_filter_iq_jibri (feature-based authorization)","Thu Sep 24 19:01:32 UTC 2026","passed","Thu Sep 24 19:01:32 UTC 2026","","recording (recording_mode=file)","",""
"","197","correctly assigns different roles to moderator and non-moderator in same room","mod_token_affiliation","Thu Sep 24 19:04:28 UTC 2026","passed","Thu Sep 24 19:04:28 UTC 2026","","","",""
"","497","denies a non-moderator without the live-translation feature","mod_audio_translation_component","Thu Sep 24 19:00:49 UTC 2026","passed","Thu Sep 24 19:00:50 UTC 2026","","enable-flag write gating (live-translation)","",""
"","248","a revoke item after a benign first item is also rejected","mod_muc_allowners","Thu Sep 24 19:02:02 UTC 2026","passed","Thu Sep 24 19:02:02 UTC 2026","","non-moderated room","",""
"","0","healthcheck room — no affiliation set","mod_token_affiliation","Thu Sep 24 19:00:08 UTC 2026","passed","Thu Sep 24 19:00:08 UTC 2026","","skip conditions in muc-occupant-pre-join","",""
"","140","non-occupant disco#info to an existing room succeeds","mod_muc_hide_all","Thu Sep 24 19:02:43 UTC 2026","passed","Thu Sep 24 19:02:43 UTC 2026","","when module is disabled","",""
"","1647","participant can join breakout room after smacks session resume","mod_muc_breakout_rooms","Thu Sep 24 19:02:13 UTC 2026","passed","Thu Sep 24 19:02:15 UTC 2026","","smacks session resume","",""
"","138","guest is admitted when a JWT host has already joined","mod_muc_wait_for_host","Thu Sep 24 19:03:20 UTC 2026","passed","Thu Sep 24 19:03:20 UTC 2026","","host present","",""
"","0","ignores a plain body message","mod_muc_message_moderation","Thu Sep 24 19:00:07 UTC 2026","passed","Thu Sep 24 19:00:07 UTC 2026","","parse_moderation_request","",""
"","685","tracks the limit independently per receiver","mod_audio_translation_component","Thu Sep 24 19:00:44 UTC 2026","passed","Thu Sep 24 19:00:45 UTC 2026","","per-receiver limit (3)","",""
"","0","returns false for nil","util.lib","Thu Sep 24 19:00:08 UTC 2026","passed","Thu Sep 24 19:00:08 UTC 2026","","is_healthcheck_room","",""
"","0","returns JID unchanged when host is not the MUC domain","util.lib","Thu Sep 24 19:00:08 UTC 2026","passed","Thu Sep 24 19:00:08 UTC 2026","","internal_room_jid_match_rewrite","",""
"","0","bare word focus without slash returns false","util.lib","Thu Sep 24 19:00:08 UTC 2026","passed","Thu Sep 24 19:00:08 UTC 2026","","is_focus","",""
"","0","tombstones the local entry for a moderation from main","mod_muc_message_moderation","Thu Sep 24 19:00:07 UTC 2026","passed","Thu Sep 24 19:00:07 UTC 2026","","visitor node history","",""
"","435","blocks start IQ when features.recording = false","mod_filter_iq_jibri (feature-based authorization)","Thu Sep 24 19:01:31 UTC 2026","passed","Thu Sep 24 19:01:31 UTC 2026","","recording (recording_mode=file)","",""
"","0","returns nil for nil table","util.lib","Thu Sep 24 19:00:08 UTC 2026","passed","Thu Sep 24 19:00:08 UTC 2026","table_find","table helpers","",""
"","0","splits a simple comma-delimited string","util.lib","Thu Sep 24 19:00:08 UTC 2026","passed","Thu Sep 24 19:00:08 UTC 2026","","split_string","",""
"","0","authenticated non-moderator sets member affiliation, role unchanged","mod_token_affiliation","Thu Sep 24 19:00:08 UTC 2026","passed","Thu Sep 24 19:00:08 UTC 2026","","affiliation assignment","",""
"","755","rejects the whole stanza when one of several entries is invalid","mod_audio_translation_component","Thu Sep 24 19:00:37 UTC 2026","passed","Thu Sep 24 19:00:38 UTC 2026","","validation (whole-stanza atomicity)","",""
"","143","non-moderator token holder is blocked by lobby","mod_muc_lobby_rooms","Thu Sep 24 19:02:50 UTC 2026","passed","Thu Sep 24 19:02:50 UTC 2026","","token_affiliation interaction","",""
"","75","JWT authenticated user receives owner affiliation on join","mod_muc_wait_for_host","Thu Sep 24 19:03:20 UTC 2026","passed","Thu Sep 24 19:03:20 UTC 2026","","","",""
"","0","increments count between calls producing distinct filenames","mod_debug_traceback","Thu Sep 24 19:00:07 UTC 2026","passed","Thu Sep 24 19:00:07 UTC 2026","","dump_traceback()","",""
"","0","unsupported algorithm returns error","luajwtjitsi","Thu Sep 24 19:00:07 UTC 2026","passed","Thu Sep 24 19:00:07 UTC 2026","argument validation","encode","",""
"","0","returns true when string starts with prefix","util.lib","Thu Sep 24 19:00:08 UTC 2026","passed","Thu Sep 24 19:00:08 UTC 2026","","starts_with","",""
"","0","loads cleanly with all required options present","mod_short_lived_token","Thu Sep 24 19:00:08 UTC 2026","passed","Thu Sep 24 19:00:08 UTC 2026","","config validation","",""
"","170","non-owner with no token features receives forbidden error","mod_filesharing_component","Thu Sep 24 19:01:23 UTC 2026","passed","Thu Sep 24 19:01:23 UTC 2026","","authorization","",""
"","0","tampered signature fails verification","luajwtjitsi","Thu Sep 24 19:00:07 UTC 2026","passed","Thu Sep 24 19:00:07 UTC 2026","RS256","verify","",""
"","183","allows a presence update that keeps the same resource","mod_muc_resource_validate","Thu Sep 24 19:03:18 UTC 2026","passed","Thu Sep 24 19:03:19 UTC 2026","","","",""
"","4051","all 5 simultaneous joins complete despite rate=1/s","mod_muc_rate_limit","Thu Sep 24 19:02:58 UTC 2026","passed","Thu Sep 24 19:03:02 UTC 2026","","join rate limiting","",""
"","498","authenticated sender lifts the cap permanently","mod_muc_limit_messages","Thu Sep 24 19:02:47 UTC 2026","passed","Thu Sep 24 19:02:47 UTC 2026","","","",""
"","64","GET returns 403 when token is invalid","mod_muc_password_check","Thu Sep 24 19:02:57 UTC 2026","passed","Thu Sep 24 19:02:57 UTC 2026","","authentication","",""
"","240","restores the token features of the recipient when owner is revoked","mod_jitsi_permissions","Thu Sep 24 19:01:58 UTC 2026","passed","Thu Sep 24 19:01:58 UTC 2026","","affiliation grant and revoke","",""
"","331","first message over cap is rejected with <not-allowed/>","mod_muc_limit_messages","Thu Sep 24 19:02:45 UTC 2026","passed","Thu Sep 24 19:02:45 UTC 2026","","","",""
"","748","does not throttle outbound-call dials","mod_filter_iq_rayo (feature-based authorization)","Thu Sep 24 19:01:49 UTC 2026","passed","Thu Sep 24 19:01:50 UTC 2026","","transcription per-room throttle","",""
"","138","moderator token user who bypasses lobby with room password gets moderator role","mod_muc_lobby_rooms","Thu Sep 24 19:02:50 UTC 2026","passed","Thu Sep 24 19:02:50 UTC 2026","","token_affiliation interaction","",""
"","252","history message contains <display-name> injected from token name","mod_muc_displayname — message display-name handling","Thu Sep 24 19:02:35 UTC 2026","passed","Thu Sep 24 19:02:35 UTC 2026","","","",""
"","263","adds flip_device tag to the kicked occupant unavailable presence","mod_muc_flip","Thu Sep 24 19:02:41 UTC 2026","passed","Thu Sep 24 19:02:42 UTC 2026","","flip","",""
"","434","blocks stop IQ when context.features present but recording key absent","mod_filter_iq_jibri (feature-based authorization)","Thu Sep 24 19:01:33 UTC 2026","passed","Thu Sep 24 19:01:33 UTC 2026","","recording (recording_mode=file)","",""
"","435","blocks START (recording_mode=FILE) when only features.livestreaming = true (cross-feature)","mod_filter_iq_jibri (feature-based authorization)","Thu Sep 24 19:01:42 UTC 2026","passed","Thu Sep 24 19:01:42 UTC 2026","","attribute case normalisation","",""
"","440","plain message without <end_conference/> element is ignored","mod_end_conference","Thu Sep 24 19:01:14 UTC 2026","passed","Thu Sep 24 19:01:15 UTC 2026","","","",""
"","504","replaces the language when switching the same sender","mod_audio_translation_component","Thu Sep 24 19:00:40 UTC 2026","passed","Thu Sep 24 19:00:40 UTC 2026","","delta semantics","",""
"","2","GET /turn-credentials returns 200 with a JSON array","mod_turncredentials_http","Thu Sep 24 19:04:31 UTC 2026","passed","Thu Sep 24 19:04:31 UTC 2026","","","",""
"","448","passes START (recording_mode=file) when features.recording = true","mod_filter_iq_jibri (feature-based authorization)","Thu Sep 24 19:01:41 UTC 2026","passed","Thu Sep 24 19:01:41 UTC 2026","","attribute case normalisation","",""
"","0","returns truthy for recorder@ prefixed JID string","util.lib","Thu Sep 24 19:00:08 UTC 2026","passed","Thu Sep 24 19:00:08 UTC 2026","","is_jibri","",""
"","0","treats empty-string subdomain as no subdomain","util.lib","Thu Sep 24 19:00:08 UTC 2026","passed","Thu Sep 24 19:00:08 UTC 2026","","build_room_address","",""
"","0","resolves a roomless IQ stored by room_jid_match_rewrite","util.lib","Thu Sep 24 19:00:08 UTC 2026","passed","Thu Sep 24 19:00:08 UTC 2026","","internal_room_jid_match_rewrite","",""
"","22","sets session.jitsi_meet_context_features from token context","mod_auth_token (ASAP / RS256)","Thu Sep 24 19:00:58 UTC 2026","passed","Thu Sep 24 19:00:58 UTC 2026","","","",""
"","448","omits JvbRoomPassword in forwarded IQ when not provided by client","mod_filter_iq_rayo (feature-based authorization)","Thu Sep 24 19:01:51 UTC 2026","passed","Thu Sep 24 19:01:51 UTC 2026","","JvbRoomPassword header","",""
"","643","clears listeners when disabled and restores them when re-enabled","mod_audio_translation_component","Thu Sep 24 19:00:57 UTC 2026","passed","Thu Sep 24 19:00:58 UTC 2026","","directed listeners push (translation-listeners)","",""
"","0","sub defaults to module.host when jitsi_web_query_prefix is empty string","mod_short_lived_token","Thu Sep 24 19:00:08 UTC 2026","passed","Thu Sep 24 19:00:08 UTC 2026","","generateToken payload","",""
"","1126","moderator cannot set blocked key ""visitorsEnabled""","mod_room_metadata_component","Thu Sep 24 19:03:48 UTC 2026","passed","Thu Sep 24 19:03:50 UTC 2026","","blocked keys","",""
"","0","does not log when error type is not 'cancel'","mod_muc_domain_mapper","Thu Sep 24 19:00:07 UTC 2026","passed","Thu Sep 24 19:00:07 UTC 2026","log_not_allowed_errors","filter_stanza","",""
"","160","returns 200 with silent-reconnect=true and destroys the room","mod_muc_end_meeting","Thu Sep 24 19:02:38 UTC 2026","passed","Thu Sep 24 19:02:38 UTC 2026","","room termination","",""
"","0","stores an ordinary message","mod_muc_message_moderation","Thu Sep 24 19:00:08 UTC 2026","passed","Thu Sep 24 19:00:08 UTC 2026","","skip_history","",""
"","0","accepted issuer passes","luajwtjitsi","Thu Sep 24 19:00:07 UTC 2026","passed","Thu Sep 24 19:00:07 UTC 2026","issuer","verify","",""
"","0","logs an error when the file cannot be opened","mod_debug_traceback","Thu Sep 24 19:00:07 UTC 2026","passed","Thu Sep 24 19:00:07 UTC 2026","","dump_traceback()","",""
"","72","returns 401 when a login token is used instead of a system token","mod_muc_jigasi_invite","Thu Sep 24 19:02:43 UTC 2026","passed","Thu Sep 24 19:02:43 UTC 2026","","authentication","",""
"","0","returns nil when n is missing","jwk.lib","Thu Sep 24 19:00:07 UTC 2026","passed","Thu Sep 24 19:00:07 UTC 2026","","jwk_to_pem","",""
"","76","focus can join a room","mod_muc_meeting_id","Thu Sep 24 19:02:54 UTC 2026","passed","Thu Sep 24 19:02:54 UTC 2026","","jicofo lock","",""
"","577","does not remove focus before authorizing the affiliation change","mod_muc_lobby_rooms","Thu Sep 24 19:02:51 UTC 2026","passed","Thu Sep 24 19:02:52 UTC 2026","","admin-set nick reservation","",""
"","313","sender with send-groupchat=true is allowed when groupChatRestricted is true","mod_filter_messages","Thu Sep 24 19:01:53 UTC 2026","passed","Thu Sep 24 19:01:53 UTC 2026","","","",""
"","0","returns true for focus@auth.example.com","util.lib","Thu Sep 24 19:00:08 UTC 2026","passed","Thu Sep 24 19:00:08 UTC 2026","","is_focus_jid","",""
"","260","blocks join when room is at the limit","mod_muc_max_occupants","Thu Sep 24 19:02:52 UTC 2026","passed","Thu Sep 24 19:02:52 UTC 2026","","","",""
"","0","preserves pre-existing file_recording_metadata fields","mod_jibri_session","Thu Sep 24 19:00:07 UTC 2026","passed","Thu Sep 24 19:00:07 UTC 2026","","client-to-jicofo pass (no room attr on jibri element)","",""
"","440","passes through a clean user-id unchanged (control)","mod_filter_iq_rayo — CRLF escaping in re-serialized headers","Thu Sep 24 19:03:34 UTC 2026","passed","Thu Sep 24 19:03:34 UTC 2026","","","",""
"","61","allows a client from a whitelisted domain to join","mod_muc_filter_access","Thu Sep 24 19:02:38 UTC 2026","passed","Thu Sep 24 19:02:38 UTC 2026","","","",""
"","0","finds an entry by message id","mod_muc_message_moderation","Thu Sep 24 19:00:07 UTC 2026","passed","Thu Sep 24 19:00:07 UTC 2026","","find_history_entry","",""
"","0","moderates when the room has no history at all","mod_muc_message_moderation","Thu Sep 24 19:00:07 UTC 2026","passed","Thu Sep 24 19:00:07 UTC 2026","","moderation role checks","",""
"","0","never broadcasts, which would reach the remote occupants","mod_muc_message_moderation","Thu Sep 24 19:00:08 UTC 2026","passed","Thu Sep 24 19:00:08 UTC 2026","","visitor node history","",""
"","0","restricted is true","mod_short_lived_token","Thu Sep 24 19:00:08 UTC 2026","passed","Thu Sep 24 19:00:08 UTC 2026","valid request service entry","external_service/credentials handler","",""
"","0","returns true for a room whose tenant starts with vpaas-magic-cookie-","util.lib","Thu Sep 24 19:00:08 UTC 2026","passed","Thu Sep 24 19:00:08 UTC 2026","","is_vpaas","",""
"","7","query contains release identity","mod_jiconop","Thu Sep 24 19:01:57 UTC 2026","passed","Thu Sep 24 19:01:57 UTC 2026","","","",""
"","296","sender with send-groupchat=false is blocked when groupChatRestricted is true","mod_filter_messages","Thu Sep 24 19:01:52 UTC 2026","passed","Thu Sep 24 19:01:52 UTC 2026","","","",""
"","1141","message with missing ""data"" field is ignored","mod_room_metadata_component","Thu Sep 24 19:04:09 UTC 2026","passed","Thu Sep 24 19:04:11 UTC 2026","","invalid payloads","",""
"","0","advertises the room info field either way","mod_muc_message_moderation","Thu Sep 24 19:00:08 UTC 2026","passed","Thu Sep 24 19:00:08 UTC 2026","","registration on the main prosody","",""
"","0","recognises a jicofo health-check room","util.lib","Thu Sep 24 19:00:08 UTC 2026","passed","Thu Sep 24 19:00:08 UTC 2026","","is_healthcheck_room","",""
"","4","PUT returns 400 when body is empty","mod_muc_password_check","Thu Sep 24 19:02:57 UTC 2026","passed","Thu Sep 24 19:02:57 UTC 2026","","parameter validation","",""
"","6","assigns a new username when previd does not match any session","mod_auth_jitsi-anonymous","Thu Sep 24 19:00:58 UTC 2026","passed","Thu Sep 24 19:00:58 UTC 2026","","","",""
"","0","rejects a request with no occupant on the event","mod_muc_message_moderation","Thu Sep 24 19:00:07 UTC 2026","passed","Thu Sep 24 19:00:07 UTC 2026","","moderation role checks","",""
"","12","sets session.jitsi_web_query_prefix to empty string when query string present but ?prefix absent","mod_jitsi_session","Thu Sep 24 19:02:01 UTC 2026","passed","Thu Sep 24 19:02:01 UTC 2026","","","",""
"","0","customer_id uses extracted subdomain customer_id when present","mod_short_lived_token","Thu Sep 24 19:00:08 UTC 2026","passed","Thu Sep 24 19:00:08 UTC 2026","","generateToken payload","",""
"","435","passes status IQ regardless of features (only start/stop are gated)","mod_filter_iq_jibri (feature-based authorization)","Thu Sep 24 19:01:38 UTC 2026","passed","Thu Sep 24 19:01:38 UTC 2026","","livestreaming (recording_mode=stream)","",""
"","1391","allows a valid alphanumeric resource","mod_muc_resource_validate","Thu Sep 24 19:03:15 UTC 2026","passed","Thu Sep 24 19:03:16 UTC 2026","","","",""
"","0","moderator=false sets member affiliation","mod_token_affiliation","Thu Sep 24 19:00:08 UTC 2026","passed","Thu Sep 24 19:00:08 UTC 2026","","affiliation assignment","",""
"","611","denies a receiver whose token sets live-translation-subscribe to false","mod_audio_translation_component","Thu Sep 24 19:00:34 UTC 2026","passed","Thu Sep 24 19:00:34 UTC 2026","","subscribe authorization (live-translation-subscribe)","",""
"","1135","message with invalid JSON is ignored","mod_room_metadata_component","Thu Sep 24 19:04:07 UTC 2026","passed","Thu Sep 24 19:04:08 UTC 2026","","invalid payloads","",""
"","149","returns 200 and delivers the message to the recipient","mod_system_chat_message","Thu Sep 24 19:04:12 UTC 2026","passed","Thu Sep 24 19:04:12 UTC 2026","","message delivery","",""
"","138","sets default permissions on session for moderator without token features","mod_jitsi_permissions","Thu Sep 24 19:02:01 UTC 2026","passed","Thu Sep 24 19:02:01 UTC 2026","","session features (via HTTP)","",""
"","0","appends all values from t2 onto t1","util.lib","Thu Sep 24 19:00:08 UTC 2026","passed","Thu Sep 24 19:00:08 UTC 2026","table_add","table helpers","",""
"","0","removes the local entry for a retraction from main","mod_muc_message_moderation","Thu Sep 24 19:00:07 UTC 2026","passed","Thu Sep 24 19:00:07 UTC 2026","","visitor node history","",""
"","0","returns the target id and the new body","mod_muc_message_moderation","Thu Sep 24 19:00:07 UTC 2026","passed","Thu Sep 24 19:00:07 UTC 2026","","parse_correction","",""
"","790","ignores an empty <audio-translation> body","mod_audio_translation_component","Thu Sep 24 19:00:29 UTC 2026","passed","Thu Sep 24 19:00:30 UTC 2026","","routing and parsing","",""
"","1122","directs the push only to the translated sender","mod_audio_translation_component","Thu Sep 24 19:00:53 UTC 2026","passed","Thu Sep 24 19:00:54 UTC 2026","","directed listeners push (translation-listeners)","",""
"","121","non-focus is blocked even when focus is already in the room","mod_muc_meeting_id","Thu Sep 24 19:02:57 UTC 2026","passed","Thu Sep 24 19:02:57 UTC 2026","","health check rooms","",""
"","351","allows a receiver whose token sets the feature to true","mod_audio_translation_component","Thu Sep 24 19:00:35 UTC 2026","passed","Thu Sep 24 19:00:35 UTC 2026","","subscribe authorization (live-translation-subscribe)","",""
"","0","ignores a stanza from a local occupant","mod_muc_message_moderation","Thu Sep 24 19:00:07 UTC 2026","passed","Thu Sep 24 19:00:07 UTC 2026","","visitor node history","",""
"","0","breaks base64 into 64-character lines","jwk.lib","Thu Sep 24 19:00:07 UTC 2026","passed","Thu Sep 24 19:00:07 UTC 2026","der_to_pem","ASN1","",""
"","0","hooks nothing beyond the groupchat handler on a visitor node","mod_muc_message_moderation","Thu Sep 24 19:00:07 UTC 2026","passed","Thu Sep 24 19:00:07 UTC 2026","","registration","",""
"","0","ignores a replace element with no id","mod_muc_message_moderation","Thu Sep 24 19:00:07 UTC 2026","passed","Thu Sep 24 19:00:07 UTC 2026","","parse_correction","",""
"","80","returns 401 when Authorization header is absent","mod_muc_jigasi_invite","Thu Sep 24 19:02:43 UTC 2026","passed","Thu Sep 24 19:02:43 UTC 2026","","authentication","",""
"","81","returns 401 when token is expired","mod_muc_jigasi_invite","Thu Sep 24 19:02:43 UTC 2026","passed","Thu Sep 24 19:02:44 UTC 2026","","authentication","",""
"","73","returns 401 when Authorization header is absent","mod_system_chat_message","Thu Sep 24 19:04:12 UTC 2026","passed","Thu Sep 24 19:04:12 UTC 2026","","authentication","",""
"","71","returns lobbyEnabled: true when lobby is enabled","mod_muc_password_check","Thu Sep 24 19:02:57 UTC 2026","passed","Thu Sep 24 19:02:58 UTC 2026","","GET room info","",""
"","5","returns 400 when conference is missing","mod_muc_jigasi_invite","Thu Sep 24 19:02:44 UTC 2026","passed","Thu Sep 24 19:02:44 UTC 2026","","parameter validation","",""
"","466","accepts subscriptions up to the limit","mod_audio_translation_component","Thu Sep 24 19:00:41 UTC 2026","passed","Thu Sep 24 19:00:41 UTC 2026","","per-receiver limit (3)","",""
"","196","created_timestamp does not change when further occupants join","mod_conference_duration","Thu Sep 24 19:01:13 UTC 2026","passed","Thu Sep 24 19:01:13 UTC 2026","","","",""
"","0","returns is_moderator when features table is absent","util.lib","Thu Sep 24 19:00:08 UTC 2026","passed","Thu Sep 24 19:00:08 UTC 2026","","is_feature_allowed","",""
"","138","injects <identity><user> from JWT context.user into MUC presence","mod_presence_identity","Thu Sep 24 19:03:31 UTC 2026","passed","Thu Sep 24 19:03:31 UTC 2026","","identity injection","",""
"","2538","refreshes the claims unverified when no module answers the verification event","mod_auth_token (claims on XEP-0198 resumption)","Thu Sep 24 19:01:09 UTC 2026","passed","Thu Sep 24 19:01:11 UTC 2026","","","",""
"","0","hooks muc-occupant-groupchat","mod_muc_message_moderation","Thu Sep 24 19:00:07 UTC 2026","passed","Thu Sep 24 19:00:07 UTC 2026","","registration","",""
"","0","accepted audience passes","luajwtjitsi","Thu Sep 24 19:00:07 UTC 2026","passed","Thu Sep 24 19:00:07 UTC 2026","audience","verify","",""
"","0","returns false for a nick that contains focus but is not exactly focus","util.lib","Thu Sep 24 19:00:08 UTC 2026","passed","Thu Sep 24 19:00:08 UTC 2026","","is_focus_nick","",""
"","0","type is short-lived-token","mod_short_lived_token","Thu Sep 24 19:00:08 UTC 2026","passed","Thu Sep 24 19:00:08 UTC 2026","valid request service entry","external_service/credentials handler","",""
"","0","announces it even when the message is not in the local history","mod_muc_message_moderation","Thu Sep 24 19:00:08 UTC 2026","passed","Thu Sep 24 19:00:08 UTC 2026","","visitor node history","",""
"","0","returns nil subdomain and the node itself when no brackets","util.lib","Thu Sep 24 19:00:08 UTC 2026","passed","Thu Sep 24 19:00:08 UTC 2026","","extract_subdomain","",""
"","70","focus can join a subdomain room","mod_muc_domain_mapper","Thu Sep 24 19:02:36 UTC 2026","passed","Thu Sep 24 19:02:36 UTC 2026","","subdomain room join","",""
"","425","blocks stop IQ when token has no context.features (non-moderator fallback)","mod_filter_iq_jibri (feature-based authorization)","Thu Sep 24 19:01:33 UTC 2026","passed","Thu Sep 24 19:01:34 UTC 2026","","recording (recording_mode=file)","",""
"","10","rejects connection when token is missing the sub claim","mod_token_verification","Thu Sep 24 19:04:29 UTC 2026","passed","Thu Sep 24 19:04:29 UTC 2026","","join access control","",""
"","136","blocks join for member token scoped to a different room","mod_token_verification","Thu Sep 24 19:04:30 UTC 2026","passed","Thu Sep 24 19:04:30 UTC 2026","","join access control","",""
"","684","does not resend for a language switch that leaves the listener set unchanged","mod_audio_translation_component","Thu Sep 24 19:00:56 UTC 2026","passed","Thu Sep 24 19:00:57 UTC 2026","","directed listeners push (translation-listeners)","",""
"","0","returns false for a room whose tenant does not start with vpaas-magic-cookie-","util.lib","Thu Sep 24 19:00:08 UTC 2026","passed","Thu Sep 24 19:00:08 UTC 2026","","is_vpaas","",""
"","77","returns passcodeProtected: false and lobbyEnabled: false for a plain room","mod_muc_password_check","Thu Sep 24 19:02:57 UTC 2026","passed","Thu Sep 24 19:02:57 UTC 2026","","GET room info","",""
"","174","non-moderator with transcription feature can set both recording fields simultaneously","mod_room_metadata_component","Thu Sep 24 19:03:55 UTC 2026","passed","Thu Sep 24 19:03:55 UTC 2026","","allow-moderation hook (mod_filter_iq_rayo interop)","",""
"","0","non-matching value returns false","luajwtjitsi","Thu Sep 24 19:00:07 UTC 2026","passed","Thu Sep 24 19:00:07 UTC 2026","verify_claim","internals","",""
"","0","returns false for nil","util.lib","Thu Sep 24 19:00:08 UTC 2026","passed","Thu Sep 24 19:00:08 UTC 2026","","is_transcriber","",""
"","0","logs error and does not register hook when main_muc is absent","mod_short_lived_token","Thu Sep 24 19:00:08 UTC 2026","passed","Thu Sep 24 19:00:08 UTC 2026","","config validation","",""
"","0","uses the configured muc_domain_prefix (conference)","util.lib","Thu Sep 24 19:00:08 UTC 2026","passed","Thu Sep 24 19:00:08 UTC 2026","","build_room_address","",""
"","0","leaves a correction to be replayed rather than rewriting history","mod_muc_message_moderation","Thu Sep 24 19:00:08 UTC 2026","passed","Thu Sep 24 19:00:08 UTC 2026","","visitor node history","",""
"","242","client with file-upload feature can add file","mod_filesharing_component","Thu Sep 24 19:01:23 UTC 2026","passed","Thu Sep 24 19:01:24 UTC 2026","","authorization","",""
"","0","does not log for non-error presence","mod_muc_domain_mapper","Thu Sep 24 19:00:07 UTC 2026","passed","Thu Sep 24 19:00:07 UTC 2026","log_not_allowed_errors","filter_stanza","",""
"","0","encode then verify returns original payload","luajwtjitsi","Thu Sep 24 19:00:07 UTC 2026","passed","Thu Sep 24 19:00:07 UTC 2026","HS384","verify","",""
"","0","returns the JID unchanged when there is no subdomain","util.lib","Thu Sep 24 19:00:08 UTC 2026","passed","Thu Sep 24 19:00:08 UTC 2026","","room_jid_match_rewrite","",""
"","1142","non-moderator with transcription feature cannot set unrelated metadata keys","mod_room_metadata_component","Thu Sep 24 19:03:59 UTC 2026","passed","Thu Sep 24 19:04:00 UTC 2026","","allow-moderation hook (mod_filter_iq_rayo interop)","",""
"","0","rejects a retraction with no occupant on the event","mod_muc_message_moderation","Thu Sep 24 19:00:07 UTC 2026","passed","Thu Sep 24 19:00:07 UTC 2026","","retraction","",""
"","0","returns nil for unrecognised email","util.lib","Thu Sep 24 19:00:08 UTC 2026","passed","Thu Sep 24 19:00:08 UTC 2026","","get_sip_jibri_email_prefix","",""
"","438","blocks start IQ when features.livestreaming = false","mod_filter_iq_jibri (feature-based authorization)","Thu Sep 24 19:01:35 UTC 2026","passed","Thu Sep 24 19:01:35 UTC 2026","","livestreaming (recording_mode=stream)","",""
"","0","returns false when only one argument is nil","util.lib","Thu Sep 24 19:00:08 UTC 2026","passed","Thu Sep 24 19:00:08 UTC 2026","table_equals","table helpers","",""
"","0","does not deep-copy nested tables","util.lib","Thu Sep 24 19:00:08 UTC 2026","passed","Thu Sep 24 19:00:08 UTC 2026","table_shallow_copy","table helpers","",""
"","246","joining client receives current metadata","mod_room_metadata_component","Thu Sep 24 19:03:52 UTC 2026","passed","Thu Sep 24 19:03:52 UTC 2026","","initial metadata delivery","",""
"","0","uses custom label when provided","jwk.lib","Thu Sep 24 19:00:07 UTC 2026","passed","Thu Sep 24 19:00:07 UTC 2026","der_to_pem","ASN1","",""
"","0","returns false when feature is present but set to false","util.lib","Thu Sep 24 19:00:08 UTC 2026","passed","Thu Sep 24 19:00:08 UTC 2026","","is_feature_allowed","",""
"","2190","does not start timer when focus (admin) leaves","mod_muc_cleanup_backend_services","Thu Sep 24 19:02:29 UTC 2026","passed","Thu Sep 24 19:02:31 UTC 2026","","","",""
"","202","moderator token user admitted from lobby joins directly without password prompt","mod_muc_lobby_rooms","Thu Sep 24 19:02:50 UTC 2026","passed","Thu Sep 24 19:02:50 UTC 2026","","token_affiliation interaction","",""
"","130","rejects a resource containing a hyphen","mod_muc_resource_validate","Thu Sep 24 19:03:18 UTC 2026","passed","Thu Sep 24 19:03:18 UTC 2026","","","",""
"","189","non-moderator with transcription feature can set recording.isTranscribingEnabled","mod_room_metadata_component","Thu Sep 24 19:03:55 UTC 2026","passed","Thu Sep 24 19:03:55 UTC 2026","","allow-moderation hook (mod_filter_iq_rayo interop)","",""
"","1141","moderator with transcription=false is denied despite moderator role","mod_room_metadata_component","Thu Sep 24 19:03:58 UTC 2026","passed","Thu Sep 24 19:03:59 UTC 2026","","allow-moderation hook (mod_filter_iq_rayo interop)","",""
"","549","all non-admin occupants of the main room receive the update broadcast","mod_muc_breakout_rooms","Thu Sep 24 19:02:10 UTC 2026","passed","Thu Sep 24 19:02:11 UTC 2026","","create breakout room","",""
"","1083","blocks a client from a non-whitelisted domain","mod_muc_filter_access","Thu Sep 24 19:02:38 UTC 2026","passed","Thu Sep 24 19:02:40 UTC 2026","","","",""
"","0","returns false for a non-recorder JID string","util.lib","Thu Sep 24 19:00:08 UTC 2026","passed","Thu Sep 24 19:00:08 UTC 2026","","is_jibri","",""
"","615","allows a language switch at the limit (count unchanged)","mod_audio_translation_component","Thu Sep 24 19:00:42 UTC 2026","passed","Thu Sep 24 19:00:43 UTC 2026","","per-receiver limit (3)","",""
"","144","regular user receives available self-presence with subdomain from-JID","mod_muc_domain_mapper","Thu Sep 24 19:02:36 UTC 2026","passed","Thu Sep 24 19:02:36 UTC 2026","","subdomain room join","",""
"","280","non-moderator recipient receives identity-stripped presence","mod_muc_displayname — hideDisplayNameForGuests","Thu Sep 24 19:02:34 UTC 2026","passed","Thu Sep 24 19:02:34 UTC 2026","","","",""
"","141","includes the lobby room JID in the 407 error","mod_muc_lobby_rooms","Thu Sep 24 19:02:49 UTC 2026","passed","Thu Sep 24 19:02:49 UTC 2026","","non-member join gate","",""
"","240","a private message to an occupant of the room is delivered","mod_filter_direct_messages","Thu Sep 24 19:01:30 UTC 2026","passed","Thu Sep 24 19:01:30 UTC 2026","","","",""
"","144","returns 404 when no SIP-capable Jigasi is in the brewery","mod_muc_jigasi_invite","Thu Sep 24 19:02:44 UTC 2026","passed","Thu Sep 24 19:02:44 UTC 2026","","jigasi invite","",""
"","205","strips flip_device tag when the user is not already in the room","mod_muc_flip","Thu Sep 24 19:02:41 UTC 2026","passed","Thu Sep 24 19:02:41 UTC 2026","","flip_device tag stripping","",""
"","0","unsupported algorithm returns error","luajwtjitsi","Thu Sep 24 19:00:07 UTC 2026","passed","Thu Sep 24 19:00:07 UTC 2026","argument validation","verify","",""
"","121","occupant objects have jid, email, display_name fields","mod_muc_size","Thu Sep 24 19:03:20 UTC 2026","passed","Thu Sep 24 19:03:20 UTC 2026","","GET /room","",""
"","77","muc-room-pre-create event is fired when room is created","mod_muc_hide_all","Thu Sep 24 19:02:43 UTC 2026","passed","Thu Sep 24 19:02:43 UTC 2026","","when module is enabled","",""
"","0","relays the correction untouched","mod_muc_message_moderation","Thu Sep 24 19:00:07 UTC 2026","passed","Thu Sep 24 19:00:07 UTC 2026","","correction by the author","",""
"","0","returns the target id with no reason","mod_muc_message_moderation","Thu Sep 24 19:00:07 UTC 2026","passed","Thu Sep 24 19:00:07 UTC 2026","","parse_moderation_request","",""
"","0","resumes accumulating after returning from silence","SpeakerStats","Thu Sep 24 19:00:08 UTC 2026","passed","Thu Sep 24 19:00:08 UTC 2026","","setDominantSpeaker","",""
"","0","wildcard matches any value","luajwtjitsi","Thu Sep 24 19:00:07 UTC 2026","passed","Thu Sep 24 19:00:07 UTC 2026","audience","verify","",""
"","351","processes requests when audioTranslation is absent (enabled by default)","mod_audio_translation_component","Thu Sep 24 19:00:33 UTC 2026","passed","Thu Sep 24 19:00:33 UTC 2026","","enabled flag","",""
"","0","returns true and room name for a moderated room (no subdomain)","util.lib","Thu Sep 24 19:00:08 UTC 2026","passed","Thu Sep 24 19:00:08 UTC 2026","","is_moderated","",""
"","0","returns truthy for transcriberb@ JID","util.lib","Thu Sep 24 19:00:08 UTC 2026","passed","Thu Sep 24 19:00:08 UTC 2026","","is_transcriber","",""
"","0","wrong key fails verification","luajwtjitsi","Thu Sep 24 19:00:07 UTC 2026","passed","Thu Sep 24 19:00:07 UTC 2026","HS256","verify","",""
"","0","returns true when feature value is boolean true","util.lib","Thu Sep 24 19:00:08 UTC 2026","passed","Thu Sep 24 19:00:08 UTC 2026","","is_feature_allowed","",""
"","3","GET returns 400 when room query param is missing","mod_muc_password_check","Thu Sep 24 19:02:57 UTC 2026","passed","Thu Sep 24 19:02:57 UTC 2026","","parameter validation","",""
"","0","parses a valid HS256 token into header, body, and signature","luajwtjitsi","Thu Sep 24 19:00:07 UTC 2026","passed","Thu Sep 24 19:00:07 UTC 2026","parse_token","internals","",""
"","2198","does not start timer when jibri leaves and a regular user is still present","mod_muc_cleanup_backend_services","Thu Sep 24 19:02:27 UTC 2026","passed","Thu Sep 24 19:02:29 UTC 2026","","","",""
"","7","query contains region identity","mod_jiconop","Thu Sep 24 19:01:57 UTC 2026","passed","Thu Sep 24 19:01:57 UTC 2026","","","",""
"","0","returns false when no prefix in Set matches","util.lib","Thu Sep 24 19:00:08 UTC 2026","passed","Thu Sep 24 19:00:08 UTC 2026","","starts_with_one_of","",""
"","0","password is empty string when jwt.encode fails","mod_short_lived_token","Thu Sep 24 19:00:08 UTC 2026","passed","Thu Sep 24 19:00:08 UTC 2026","","generateToken payload","",""
"","80","returns passcodeProtected: true when room has a password set","mod_muc_password_check","Thu Sep 24 19:02:57 UTC 2026","passed","Thu Sep 24 19:02:57 UTC 2026","","GET room info","",""
"","259","rejects connection with wrong private key","mod_auth_token (ASAP / RS256)","Thu Sep 24 19:00:58 UTC 2026","passed","Thu Sep 24 19:00:58 UTC 2026","","","",""
"","19","rejects connection with not-yet-valid token (nbf in the future)","mod_auth_token (ASAP / RS256)","Thu Sep 24 19:00:58 UTC 2026","passed","Thu Sep 24 19:00:58 UTC 2026","","","",""
"","2254","does not destroy room when a second regular user is still present","mod_muc_cleanup_backend_services","Thu Sep 24 19:02:22 UTC 2026","passed","Thu Sep 24 19:02:24 UTC 2026","","","",""
"","126","blocks unauthenticated user from sending owner config IQ","mod_token_verification","Thu Sep 24 19:04:30 UTC 2026","passed","Thu Sep 24 19:04:30 UTC 2026","","token_verification_require_token_for_moderation","",""
"","1289","keeps the claims it verified when the session resumes on an anonymous host","mod_auth_token (claims on XEP-0198 resumption)","Thu Sep 24 19:01:11 UTC 2026","passed","Thu Sep 24 19:01:12 UTC 2026","","","",""
"","0","no token — no affiliation set","mod_token_affiliation","Thu Sep 24 19:00:08 UTC 2026","passed","Thu Sep 24 19:00:08 UTC 2026","","skip conditions in muc-occupant-pre-join","",""
"","143","returns 200 with occupant array for an existing room","mod_muc_size","Thu Sep 24 19:03:19 UTC 2026","passed","Thu Sep 24 19:03:20 UTC 2026","","GET /room","",""
"","4","returns 200 with a room_census array","mod_muc_census","Thu Sep 24 19:02:17 UTC 2026","passed","Thu Sep 24 19:02:17 UTC 2026","","","",""
"","0","exp is approximately now + ttl_seconds","mod_short_lived_token","Thu Sep 24 19:00:08 UTC 2026","passed","Thu Sep 24 19:00:08 UTC 2026","","generateToken payload","",""
"","0","missing aud claim when acceptedAudiences provided is rejected","luajwtjitsi","Thu Sep 24 19:00:07 UTC 2026","passed","Thu Sep 24 19:00:07 UTC 2026","audience","verify","",""
"","437","blocks IQ when token has no context.features (non-owner fallback)","mod_filter_iq_rayo (feature-based authorization)","Thu Sep 24 19:01:45 UTC 2026","passed","Thu Sep 24 19:01:46 UTC 2026","","transcription (dial to jitsi_meet_transcribe)","",""
"","0","removes only the targeted entry","mod_muc_message_moderation","Thu Sep 24 19:00:07 UTC 2026","passed","Thu Sep 24 19:00:07 UTC 2026","","retraction","",""
"","79","conference field equals the full room JID","mod_muc_password_check","Thu Sep 24 19:02:58 UTC 2026","passed","Thu Sep 24 19:02:58 UTC 2026","","GET room info","",""
"","0","logs error and skips hook when issuer is absent","mod_short_lived_token","Thu Sep 24 19:00:08 UTC 2026","passed","Thu Sep 24 19:00:08 UTC 2026","","config validation","",""
"","0","rejects a correction from a moderator who is not the author","mod_muc_message_moderation","Thu Sep 24 19:00:07 UTC 2026","passed","Thu Sep 24 19:00:07 UTC 2026","","correction author checks","",""
"","427","blocks start IQ when context.features present but recording key absent","mod_filter_iq_jibri (feature-based authorization)","Thu Sep 24 19:01:31 UTC 2026","passed","Thu Sep 24 19:01:31 UTC 2026","","recording (recording_mode=file)","",""
"","139","admin operations targeting a non-focus occupant are not blocked by this hook","mod_muc_meeting_id","Thu Sep 24 19:02:55 UTC 2026","passed","Thu Sep 24 19:02:55 UTC 2026","","set admin filtering","",""
"","0","recognises sipjibriouta@ prefix","util.lib","Thu Sep 24 19:00:08 UTC 2026","passed","Thu Sep 24 19:00:08 UTC 2026","","get_sip_jibri_email_prefix","",""
"","0","transport is https","mod_short_lived_token","Thu Sep 24 19:00:08 UTC 2026","passed","Thu Sep 24 19:00:08 UTC 2026","valid request service entry","external_service/credentials handler","",""
"","0","handles multi-character delimiter","util.lib","Thu Sep 24 19:00:08 UTC 2026","passed","Thu Sep 24 19:00:08 UTC 2026","","split_string","",""
"","0","granted_from set from session.granted_jitsi_meet_context_user_id","mod_short_lived_token","Thu Sep 24 19:00:08 UTC 2026","passed","Thu Sep 24 19:00:08 UTC 2026","","generateToken payload","",""
"","486","drops a language when its sole referencer switches away","mod_audio_translation_component","Thu Sep 24 19:00:47 UTC 2026","passed","Thu Sep 24 19:00:47 UTC 2026","","aggregation across receivers","",""
"","436","blocks IQ when JvbRoomName header does not match room JID","mod_filter_iq_rayo (feature-based authorization)","Thu Sep 24 19:01:46 UTC 2026","passed","Thu Sep 24 19:01:47 UTC 2026","","JvbRoomName header validation","",""
"","0","returns truthy for transcribera@ JID","util.lib","Thu Sep 24 19:00:08 UTC 2026","passed","Thu Sep 24 19:00:08 UTC 2026","","is_transcriber","",""
"","0","accumulates time when dominant speaker stops","SpeakerStats","Thu Sep 24 19:00:08 UTC 2026","passed","Thu Sep 24 19:00:08 UTC 2026","","setDominantSpeaker","",""
"","0","returns false for a full MUC JID (slash-qualified)","util.lib","Thu Sep 24 19:00:08 UTC 2026","passed","Thu Sep 24 19:00:08 UTC 2026","","is_focus_nick","",""
"","153","sends a Rayo dial IQ to the Jigasi and returns 200","mod_muc_jigasi_invite","Thu Sep 24 19:02:44 UTC 2026","passed","Thu Sep 24 19:02:44 UTC 2026","","jigasi invite","",""
"","559","removes an entry with an empty-string language","mod_audio_translation_component","Thu Sep 24 19:00:39 UTC 2026","passed","Thu Sep 24 19:00:39 UTC 2026","","delta semantics","",""
"","0","does not modify app_data when origin (session) is nil","mod_jibri_session","Thu Sep 24 19:00:07 UTC 2026","passed","Thu Sep 24 19:00:07 UTC 2026","","client-to-jicofo pass (no room attr on jibri element)","",""
"","0","prefers s2s_connect_overrides — s2sout_override hosts are ignored","mod_certs_s2soutinjection","Thu Sep 24 19:00:07 UTC 2026","passed","Thu Sep 24 19:00:07 UTC 2026","","attach()","",""
"","0","produces empty strings at boundaries","util.lib","Thu Sep 24 19:00:08 UTC 2026","passed","Thu Sep 24 19:00:08 UTC 2026","","split_string","",""
"","1141","moderator cannot set blocked key ""transcription""","mod_room_metadata_component","Thu Sep 24 19:03:47 UTC 2026","passed","Thu Sep 24 19:03:48 UTC 2026","","blocked keys","",""
"","0","wildcard matches any value","luajwtjitsi","Thu Sep 24 19:00:07 UTC 2026","passed","Thu Sep 24 19:00:07 UTC 2026","issuer","verify","",""
"","171","message is delivered when groupChatRestricted is not set","mod_filter_messages","Thu Sep 24 19:01:51 UTC 2026","passed","Thu Sep 24 19:01:52 UTC 2026","","","",""
"","321","unauthenticated sender is still capped when check_token is enabled","mod_muc_limit_messages","Thu Sep 24 19:02:47 UTC 2026","passed","Thu Sep 24 19:02:48 UTC 2026","","","",""
"","0","returns true for two identical tables","util.lib","Thu Sep 24 19:00:08 UTC 2026","passed","Thu Sep 24 19:00:08 UTC 2026","table_equals","table helpers","",""
"","0","encodes three-byte form for 65535","jwk.lib","Thu Sep 24 19:00:07 UTC 2026","passed","Thu Sep 24 19:00:07 UTC 2026","encode_length","ASN1","",""
"","0","affiliation='teacher' sets owner","mod_token_affiliation","Thu Sep 24 19:00:08 UTC 2026","passed","Thu Sep 24 19:00:08 UTC 2026","","affiliation assignment","",""
"","0","returns falsy and does not error when no overrides configured","mod_certs_s2soutinjection","Thu Sep 24 19:00:07 UTC 2026","passed","Thu Sep 24 19:00:07 UTC 2026","","attach()","",""
"","0","relays a correction of a message that has aged out of history","mod_muc_message_moderation","Thu Sep 24 19:00:07 UTC 2026","passed","Thu Sep 24 19:00:07 UTC 2026","","correction author checks","",""
"","1013","blocks a non-whitelisted client even when it creates the room","mod_muc_filter_access","Thu Sep 24 19:02:40 UTC 2026","passed","Thu Sep 24 19:02:41 UTC 2026","","","",""
"","336","body-less groupchat (no json) counts toward the cap and is blocked","mod_muc_limit_messages","Thu Sep 24 19:02:46 UTC 2026","passed","Thu Sep 24 19:02:46 UTC 2026","","","",""
"","0","broadcasts an apply-to referencing the moderated message","mod_muc_message_moderation","Thu Sep 24 19:00:07 UTC 2026","passed","Thu Sep 24 19:00:07 UTC 2026","","moderation by a moderator","",""
"","124","focus can still create the room after a rejected creation attempt","mod_muc_meeting_id","Thu Sep 24 19:02:54 UTC 2026","passed","Thu Sep 24 19:02:54 UTC 2026","","jicofo lock","",""
"","370","per-room limit higher than global allows more occupants","mod_muc_max_occupants","Thu Sep 24 19:02:53 UTC 2026","passed","Thu Sep 24 19:02:53 UTC 2026","","per-room limit","",""
"","4","returns 400 when Content-Type is not application/json","mod_muc_kick_participant","Thu Sep 24 19:02:44 UTC 2026","passed","Thu Sep 24 19:02:44 UTC 2026","","parameter validation","",""
"","0","does not push service when credential key is not in accepted map","mod_short_lived_token","Thu Sep 24 19:00:08 UTC 2026","passed","Thu Sep 24 19:00:08 UTC 2026","","external_service/credentials handler","",""
"","1183","a message to the full JID of another client is rejected","mod_filter_direct_messages","Thu Sep 24 19:01:27 UTC 2026","passed","Thu Sep 24 19:01:28 UTC 2026","","","",""
"","136","sends a time_restricted json-message to an occupant as soon as they join","mod_time_restricted","Thu Sep 24 19:04:13 UTC 2026","passed","Thu Sep 24 19:04:13 UTC 2026","","","",""
"","0","logs a not-allowed presence error once per session","mod_muc_domain_mapper","Thu Sep 24 19:00:07 UTC 2026","passed","Thu Sep 24 19:00:07 UTC 2026","log_not_allowed_errors","filter_stanza","",""
"","1075","a connected non-occupant cannot create a poll","mod_polls_component","Thu Sep 24 19:03:30 UTC 2026","passed","Thu Sep 24 19:03:31 UTC 2026","","sender authorization","",""
"","0","wraps content with SEQUENCE tag 0x30","jwk.lib","Thu Sep 24 19:00:07 UTC 2026","passed","Thu Sep 24 19:00:07 UTC 2026","encode_sequence","ASN1","",""
"","125","guest is blocked with registration-required","mod_muc_wait_for_host","Thu Sep 24 19:03:20 UTC 2026","passed","Thu Sep 24 19:03:20 UTC 2026","","no host present","",""
"","182","rejects a nick change to a different resource","mod_muc_resource_validate","Thu Sep 24 19:03:18 UTC 2026","passed","Thu Sep 24 19:03:18 UTC 2026","","","",""
"","118","anonymous participants are not promoted","mod_muc_allowners","Thu Sep 24 19:02:02 UTC 2026","passed","Thu Sep 24 19:02:02 UTC 2026","","moderated room","",""
"","122","whitelisted domain bypasses lobby without affiliation","mod_muc_lobby_rooms","Thu Sep 24 19:02:49 UTC 2026","passed","Thu Sep 24 19:02:49 UTC 2026","","bypass paths","",""
"","341","tells a sender which receiver is translating it","mod_audio_translation_component","Thu Sep 24 19:00:53 UTC 2026","passed","Thu Sep 24 19:00:53 UTC 2026","","directed listeners push (translation-listeners)","",""
"","1704","ignores create requests from non-moderator participants","mod_muc_breakout_rooms","Thu Sep 24 19:02:15 UTC 2026","passed","Thu Sep 24 19:02:17 UTC 2026","","access control","",""
"","487","blocks a client from setting audioTranslationRequests via metadata","mod_audio_translation_component","Thu Sep 24 19:00:49 UTC 2026","passed","Thu Sep 24 19:00:49 UTC 2026","","aggregation across receivers","",""
"","857","moderator can rename a breakout room and receives an update with the new name","mod_muc_breakout_rooms","Thu Sep 24 19:02:13 UTC 2026","passed","Thu Sep 24 19:02:13 UTC 2026","","rename breakout room","",""
"","209","clears granted features for a participant without a token","mod_jitsi_permissions","Thu Sep 24 19:01:58 UTC 2026","passed","Thu Sep 24 19:01:58 UTC 2026","","affiliation grant and revoke","",""
"","0","passes stanza through unchanged for s2sout sessions","mod_muc_domain_mapper","Thu Sep 24 19:00:07 UTC 2026","passed","Thu Sep 24 19:00:07 UTC 2026","skipped stanzas","filter_stanza","",""
"","0","does not count time when starting dominant+silent","SpeakerStats","Thu Sep 24 19:00:08 UTC 2026","passed","Thu Sep 24 19:00:08 UTC 2026","","setDominantSpeaker","",""
"","121","a role demotion (role=participant) targeting certain participant is rejected","mod_muc_meeting_id","Thu Sep 24 19:02:55 UTC 2026","passed","Thu Sep 24 19:02:55 UTC 2026","","set admin filtering","",""
"","0","hooks muc-add-history","mod_muc_message_moderation","Thu Sep 24 19:00:07 UTC 2026","passed","Thu Sep 24 19:00:07 UTC 2026","","registration","",""
"","0","rewrites 'to' and 'from'","mod_muc_domain_mapper","Thu Sep 24 19:00:07 UTC 2026","passed","Thu Sep 24 19:00:07 UTC 2026","presence stanzas","filter_stanza","",""
"","908","silently ignores requests when audioTranslation.enabled is false","mod_audio_translation_component","Thu Sep 24 19:00:32 UTC 2026","passed","Thu Sep 24 19:00:33 UTC 2026","","enabled flag","",""
"","0","empty string returns false","util.lib","Thu Sep 24 19:00:08 UTC 2026","passed","Thu Sep 24 19:00:08 UTC 2026","","is_focus","",""
"","435","blocks IQ when token has no context.features (non-owner fallback)","mod_filter_iq_rayo (feature-based authorization)","Thu Sep 24 19:01:43 UTC 2026","passed","Thu Sep 24 19:01:44 UTC 2026","","outbound-call (dial to non-transcribe address)","",""
"","0","does not double-count when stopped twice in a row","SpeakerStats","Thu Sep 24 19:00:08 UTC 2026","passed","Thu Sep 24 19:00:08 UTC 2026","","setDominantSpeaker","",""
"","6","message is addressed to the client full JID","mod_jiconop","Thu Sep 24 19:01:57 UTC 2026","passed","Thu Sep 24 19:01:57 UTC 2026","","","",""
"","139","allows join with wildcard (*) room claim","mod_token_verification","Thu Sep 24 19:04:30 UTC 2026","passed","Thu Sep 24 19:04:30 UTC 2026","","join access control","",""
"","70","returns 404 when participant is not in the room","mod_muc_kick_participant","Thu Sep 24 19:02:44 UTC 2026","passed","Thu Sep 24 19:02:44 UTC 2026","","kick behaviour","",""
"","1","returns 404 when room does not exist","mod_muc_size","Thu Sep 24 19:03:19 UTC 2026","passed","Thu Sep 24 19:03:19 UTC 2026","","GET /room-size","",""
"","0","fires debug_traceback/triggered event with a traceback string","mod_debug_traceback","Thu Sep 24 19:00:07 UTC 2026","passed","Thu Sep 24 19:00:07 UTC 2026","","dump_traceback()","",""
"","0","leaves t1 unchanged when t2 is empty","util.lib","Thu Sep 24 19:00:08 UTC 2026","passed","Thu Sep 24 19:00:08 UTC 2026","table_add","table helpers","",""
"","3168","room destroyed while joins are queued does not crash the module","mod_muc_rate_limit","Thu Sep 24 19:03:12 UTC 2026","passed","Thu Sep 24 19:03:15 UTC 2026","","room destruction","",""
"","0","handles multi-byte integer without high bit","jwk.lib","Thu Sep 24 19:00:07 UTC 2026","passed","Thu Sep 24 19:00:07 UTC 2026","encode_integer","ASN1","",""
"","1180","new-poll with an empty answers array is ignored","mod_polls_component","Thu Sep 24 19:03:24 UTC 2026","passed","Thu Sep 24 19:03:25 UTC 2026","","validation","",""
"","0","preserves pre-existing top-level app_data keys","mod_jibri_session","Thu Sep 24 19:00:07 UTC 2026","passed","Thu Sep 24 19:00:07 UTC 2026","","jicofo-to-jibri pass (room attr present on jibri element)","",""
"","1149","non-occupant message is silently ignored","mod_filesharing_component","Thu Sep 24 19:01:21 UTC 2026","passed","Thu Sep 24 19:01:22 UTC 2026","","authorization","",""
"","434","passes status IQ regardless of features (only start/stop are gated)","mod_filter_iq_jibri (feature-based authorization)","Thu Sep 24 19:01:34 UTC 2026","passed","Thu Sep 24 19:01:34 UTC 2026","","recording (recording_mode=file)","",""
"","178","per-room limit lower than global restricts the room further","mod_muc_max_occupants","Thu Sep 24 19:02:53 UTC 2026","passed","Thu Sep 24 19:02:54 UTC 2026","","per-room limit","",""
"","15","allows connection without token when allow_empty_token is true","mod_auth_token (ASAP / RS256)","Thu Sep 24 19:00:58 UTC 2026","passed","Thu Sep 24 19:00:58 UTC 2026","","","",""
"","0","port is 443","mod_short_lived_token","Thu Sep 24 19:00:08 UTC 2026","passed","Thu Sep 24 19:00:08 UTC 2026","valid request service entry","external_service/credentials handler","",""
"","0","extracts node, host, resource and subdomain from a multidomain JID","util.lib","Thu Sep 24 19:00:08 UTC 2026","passed","Thu Sep 24 19:00:08 UTC 2026","","room_jid_split_subdomain","",""
"","0","returns false for nil room","util.lib","Thu Sep 24 19:00:08 UTC 2026","passed","Thu Sep 24 19:00:08 UTC 2026","","is_vpaas","",""
"","692","keeps a language referenced by another receiver after a switch","mod_audio_translation_component","Thu Sep 24 19:00:46 UTC 2026","passed","Thu Sep 24 19:00:47 UTC 2026","","aggregation across receivers","",""
"","0","ignores a replace element with no body","mod_muc_message_moderation","Thu Sep 24 19:00:07 UTC 2026","passed","Thu Sep 24 19:00:07 UTC 2026","","parse_correction","",""
"","0","prepends 0x00 when high bit is set to indicate positive number","jwk.lib","Thu Sep 24 19:00:07 UTC 2026","passed","Thu Sep 24 19:00:07 UTC 2026","encode_integer","ASN1","",""
"","139","blocks join for moderator token scoped to a different room","mod_token_verification","Thu Sep 24 19:04:29 UTC 2026","passed","Thu Sep 24 19:04:30 UTC 2026","","join access control","",""
"","15","sets session.jitsi_meet_room from room claim","mod_auth_token (ASAP / RS256)","Thu Sep 24 19:00:58 UTC 2026","passed","Thu Sep 24 19:00:58 UTC 2026","","","",""
"","0","handles multiple hosts in override map independently","mod_certs_s2soutinjection","Thu Sep 24 19:00:07 UTC 2026","passed","Thu Sep 24 19:00:07 UTC 2026","","attach()","",""
"","0","uses custom signal name in info log message","mod_debug_traceback","Thu Sep 24 19:00:07 UTC 2026","passed","Thu Sep 24 19:00:07 UTC 2026","","dump_traceback()","",""
"","149","returns 200 and destroys the room","mod_muc_end_meeting","Thu Sep 24 19:02:38 UTC 2026","passed","Thu Sep 24 19:02:38 UTC 2026","","room termination","",""
"","0","skips a moderation broadcast","mod_muc_message_moderation","Thu Sep 24 19:00:08 UTC 2026","passed","Thu Sep 24 19:00:08 UTC 2026","","skip_history","",""
"","59","non-admin cannot create rooms on the breakout component (restrict_room_creation)","mod_muc_breakout_rooms","Thu Sep 24 19:02:15 UTC 2026","passed","Thu Sep 24 19:02:15 UTC 2026","","access control","",""
"","511","prunes a departed sender from every receiver","mod_audio_translation_component","Thu Sep 24 19:00:51 UTC 2026","passed","Thu Sep 24 19:00:51 UTC 2026","","MUC-leave pruning","",""
"","444","passes JvbRoomPassword through when provided","mod_filter_iq_rayo (feature-based authorization)","Thu Sep 24 19:01:50 UTC 2026","passed","Thu Sep 24 19:01:51 UTC 2026","","JvbRoomPassword header","",""
"","1194","remove without fileId attribute is dropped silently","mod_filesharing_component","Thu Sep 24 19:01:25 UTC 2026","passed","Thu Sep 24 19:01:26 UTC 2026","","invalid payloads","",""
"","0","preserves the resource in the rewritten JID","util.lib","Thu Sep 24 19:00:08 UTC 2026","passed","Thu Sep 24 19:00:08 UTC 2026","","room_jid_match_rewrite","",""
"","0","multiple audiences produce one service entry each","mod_short_lived_token","Thu Sep 24 19:00:08 UTC 2026","passed","Thu Sep 24 19:00:08 UTC 2026","","external_service/credentials handler","",""
"","4","returns 400 when body is empty","mod_system_chat_message","Thu Sep 24 19:04:12 UTC 2026","passed","Thu Sep 24 19:04:12 UTC 2026","","parameter validation","",""
"","0","admin occupant — no affiliation set","mod_token_affiliation","Thu Sep 24 19:00:08 UTC 2026","passed","Thu Sep 24 19:00:08 UTC 2026","","skip conditions in muc-occupant-pre-join","",""
"","0","encodes two-byte form for 128","jwk.lib","Thu Sep 24 19:00:07 UTC 2026","passed","Thu Sep 24 19:00:07 UTC 2026","encode_length","ASN1","",""
"","79","returns 404 when the Jigasi brewery room does not exist","mod_muc_jigasi_invite","Thu Sep 24 19:02:44 UTC 2026","passed","Thu Sep 24 19:02:44 UTC 2026","","brewery room","",""
"","119","regular user can join after focus has joined","mod_muc_meeting_id","Thu Sep 24 19:02:54 UTC 2026","passed","Thu Sep 24 19:02:54 UTC 2026","","jicofo lock","",""
"","0","does not call rewrites when 'to' and 'from' are absent","mod_muc_domain_mapper","Thu Sep 24 19:00:07 UTC 2026","passed","Thu Sep 24 19:00:07 UTC 2026","message stanzas","filter_stanza","",""
"","183","moderator can update metadata","mod_room_metadata_component","Thu Sep 24 19:03:34 UTC 2026","passed","Thu Sep 24 19:03:35 UTC 2026","","authorization","",""
"","142","rejects MUC join with invalid Lua regex room claim","mod_auth_token (ASAP / RS256)","Thu Sep 24 19:00:58 UTC 2026","passed","Thu Sep 24 19:00:58 UTC 2026","","","",""
"","0","returns false when values differ","util.lib","Thu Sep 24 19:00:08 UTC 2026","passed","Thu Sep 24 19:00:08 UTC 2026","table_equals","table helpers","",""
"","436","blocks stop IQ when features.livestreaming = false","mod_filter_iq_jibri (feature-based authorization)","Thu Sep 24 19:01:36 UTC 2026","passed","Thu Sep 24 19:01:37 UTC 2026","","livestreaming (recording_mode=stream)","",""
"","174","moderator without features can set recording.isTranscribingEnabled","mod_room_metadata_component","Thu Sep 24 19:03:55 UTC 2026","passed","Thu Sep 24 19:03:56 UTC 2026","","allow-moderation hook (mod_filter_iq_rayo interop)","",""
"","248","all occupants receive the broadcast","mod_room_metadata_component","Thu Sep 24 19:03:51 UTC 2026","passed","Thu Sep 24 19:03:51 UTC 2026","","broadcast delivery","",""
"","194","non-moderator receives full presence when hideDisplayNameForGuests is false","mod_muc_displayname — hideDisplayNameForGuests","Thu Sep 24 19:02:35 UTC 2026","passed","Thu Sep 24 19:02:35 UTC 2026","","","",""
"","2621","non-JSON 200 does not produce a Lua error in the HTTP callback","mod_muc_auth_ban","Thu Sep 24 19:02:07 UTC 2026","passed","Thu Sep 24 19:02:09 UTC 2026","","","",""
"","0","non-string algorithm returns error","luajwtjitsi","Thu Sep 24 19:00:07 UTC 2026","passed","Thu Sep 24 19:00:07 UTC 2026","argument validation","verify","",""
"","0","returns two elements for two segments","luajwtjitsi","Thu Sep 24 19:00:07 UTC 2026","passed","Thu Sep 24 19:00:07 UTC 2026","split_token","internals","",""
"","0","returns no customer_id for non-vpaas subdomain","util.lib","Thu Sep 24 19:00:08 UTC 2026","passed","Thu Sep 24 19:00:08 UTC 2026","","extract_subdomain","",""
"","300","joiner receives list of existing files","mod_filesharing_component","Thu Sep 24 19:01:19 UTC 2026","passed","Thu Sep 24 19:01:20 UTC 2026","","new joiner receives file list","",""
"","444","XML attribute CRLF is normalised to spaces by expat before reaching Lua","mod_filter_iq_rayo — CRLF escaping in re-serialized headers","Thu Sep 24 19:03:34 UTC 2026","passed","Thu Sep 24 19:03:34 UTC 2026","","","",""
"","138","returns 404 when brewery occupant has no stats element","mod_muc_jigasi_invite","Thu Sep 24 19:02:44 UTC 2026","passed","Thu Sep 24 19:02:44 UTC 2026","","jigasi invite","",""
"","171","relayed answers contain only names — extra fields are stripped","mod_polls_component","Thu Sep 24 19:03:21 UTC 2026","passed","Thu Sep 24 19:03:21 UTC 2026","","poll creation","",""
"","5","returns 400 when Content-Type is not application/json","mod_system_chat_message","Thu Sep 24 19:04:12 UTC 2026","passed","Thu Sep 24 19:04:12 UTC 2026","","parameter validation","",""
"","505","non-moderator participant cannot end the conference","mod_end_conference","Thu Sep 24 19:01:13 UTC 2026","passed","Thu Sep 24 19:01:14 UTC 2026","","","",""
"","142","non-whitelisted client joins with correct password","mod_muc_password_whitelist","Thu Sep 24 19:02:58 UTC 2026","passed","Thu Sep 24 19:02:58 UTC 2026","","","",""
"","242","never delivers a private json-message under a forged room from","mod_time_restricted","Thu Sep 24 19:04:27 UTC 2026","passed","Thu Sep 24 19:04:28 UTC 2026","","spoofing by an occupant","",""
"","0","returns true for empty suffix","util.lib","Thu Sep 24 19:00:08 UTC 2026","passed","Thu Sep 24 19:00:08 UTC 2026","","ends_with","",""
"","0","affiliation='owner' sets owner","mod_token_affiliation","Thu Sep 24 19:00:08 UTC 2026","passed","Thu Sep 24 19:00:08 UTC 2026","","affiliation assignment","",""
"","0","accumulates across multiple dominant speaker episodes","SpeakerStats","Thu Sep 24 19:00:08 UTC 2026","passed","Thu Sep 24 19:00:08 UTC 2026","","setDominantSpeaker","",""
"","6","rejects connection with not-yet-valid token (nbf in the future)","mod_auth_token (HS256 shared secret)","Thu Sep 24 19:00:59 UTC 2026","passed","Thu Sep 24 19:00:59 UTC 2026","","","",""
"","0","does not start timer when becoming dominant while silent","SpeakerStats","Thu Sep 24 19:00:08 UTC 2026","passed","Thu Sep 24 19:00:08 UTC 2026","","setDominantSpeaker","",""
"","123","allows anonymous join when allow_empty_token = true","mod_token_verification","Thu Sep 24 19:04:29 UTC 2026","passed","Thu Sep 24 19:04:29 UTC 2026","","join access control","",""
"","3393","ignores features from a token issued for a different room","mod_auth_token (claims on XEP-0198 resumption)","Thu Sep 24 19:00:59 UTC 2026","passed","Thu Sep 24 19:01:03 UTC 2026","","","",""
"","240","a client joining after a poll was created receives it via old-polls","mod_polls_component","Thu Sep 24 19:03:23 UTC 2026","passed","Thu Sep 24 19:03:23 UTC 2026","","history delivery","",""
"","338","does not touch the features of a session that is not in this room","mod_jitsi_permissions","Thu Sep 24 19:02:00 UTC 2026","passed","Thu Sep 24 19:02:01 UTC 2026","","affiliation grant and revoke","",""
"","72","GET returns 403 when Authorization header is absent","mod_muc_password_check","Thu Sep 24 19:02:57 UTC 2026","passed","Thu Sep 24 19:02:57 UTC 2026","","authentication","",""
"","86","returns 401 when token is expired","mod_system_chat_message","Thu Sep 24 19:04:12 UTC 2026","passed","Thu Sep 24 19:04:12 UTC 2026","","authentication","",""
"","371","answer-poll json-message passes through even after cap is reached","mod_muc_limit_messages","Thu Sep 24 19:02:46 UTC 2026","passed","Thu Sep 24 19:02:47 UTC 2026","","","",""
"","137","allows join with token whose room claim matches the room","mod_token_verification","Thu Sep 24 19:04:29 UTC 2026","passed","Thu Sep 24 19:04:29 UTC 2026","","join access control","",""
"","290","broadcasts remove event to other occupants","mod_filesharing_component","Thu Sep 24 19:01:18 UTC 2026","passed","Thu Sep 24 19:01:18 UTC 2026","","remove file","",""
"","0","rewrites 'to' and 'from'","mod_muc_domain_mapper","Thu Sep 24 19:00:07 UTC 2026","passed","Thu Sep 24 19:00:07 UTC 2026","iq stanzas","filter_stanza","",""
"","1348","removed file is not delivered to subsequent joiners","mod_filesharing_component","Thu Sep 24 19:01:18 UTC 2026","passed","Thu Sep 24 19:01:19 UTC 2026","","remove file","",""
"","0","relays a correction when the room has no history at all","mod_muc_message_moderation","Thu Sep 24 19:00:07 UTC 2026","passed","Thu Sep 24 19:00:07 UTC 2026","","correction author checks","",""
"","1127","an answer for an unknown poll is ignored","mod_polls_component","Thu Sep 24 19:03:22 UTC 2026","passed","Thu Sep 24 19:03:23 UTC 2026","","poll answering","",""
"","0","returns error for token with invalid JSON body","luajwtjitsi","Thu Sep 24 19:00:07 UTC 2026","passed","Thu Sep 24 19:00:07 UTC 2026","parse_token","internals","",""
"","0","rewrites 'from' via internal_room_jid_match_rewrite","mod_muc_domain_mapper","Thu Sep 24 19:00:07 UTC 2026","passed","Thu Sep 24 19:00:07 UTC 2026","message stanzas","filter_stanza","",""
"","1137","non-moderator startmuted presence is ignored","mod_room_metadata_component","Thu Sep 24 19:03:54 UTC 2026","passed","Thu Sep 24 19:03:55 UTC 2026","","startMuted presence shim","",""
"","214","strips nick when name-readonly=true and token has no name","mod_muc_displayname — name-readonly","Thu Sep 24 19:02:34 UTC 2026","passed","Thu Sep 24 19:02:34 UTC 2026","","","",""
"","122","a kick (role=none by nick) targeting certain participant is rejected","mod_muc_meeting_id","Thu Sep 24 19:02:54 UTC 2026","passed","Thu Sep 24 19:02:54 UTC 2026","","set admin filtering","",""
"","1196","add without fileId in JSON body is dropped silently","mod_filesharing_component","Thu Sep 24 19:01:24 UTC 2026","passed","Thu Sep 24 19:01:25 UTC 2026","","invalid payloads","",""
"","0","returns true when string ends with suffix","util.lib","Thu Sep 24 19:00:08 UTC 2026","passed","Thu Sep 24 19:00:08 UTC 2026","","ends_with","",""
"","448","blocks IQ when JvbRoomName header is missing","mod_filter_iq_rayo (feature-based authorization)","Thu Sep 24 19:01:46 UTC 2026","passed","Thu Sep 24 19:01:46 UTC 2026","","JvbRoomName header validation","",""
"","0","updates isDominantSpeaker state","SpeakerStats","Thu Sep 24 19:00:08 UTC 2026","passed","Thu Sep 24 19:00:08 UTC 2026","","setDominantSpeaker","",""
"","426","sanitises bare LF in JWT user-id","mod_filter_iq_rayo — CRLF escaping in re-serialized headers","Thu Sep 24 19:03:33 UTC 2026","passed","Thu Sep 24 19:03:33 UTC 2026","","","",""
"","0","recognises sipjibriina@ prefix","util.lib","Thu Sep 24 19:00:08 UTC 2026","passed","Thu Sep 24 19:00:08 UTC 2026","","get_sip_jibri_email_prefix","",""
"","24","sets session.jitsi_meet_context_group from token context","mod_auth_token (ASAP / RS256)","Thu Sep 24 19:00:58 UTC 2026","passed","Thu Sep 24 19:00:58 UTC 2026","","","",""
"","0","announces the same stanza that was broadcast","mod_muc_message_moderation","Thu Sep 24 19:00:07 UTC 2026","passed","Thu Sep 24 19:00:07 UTC 2026","","moderation by a moderator","",""
"","135","grants member affiliation when moderator=false","mod_token_affiliation","Thu Sep 24 19:04:28 UTC 2026","passed","Thu Sep 24 19:04:28 UTC 2026","","","",""
"","0","context.group falls back to granted_jitsi_meet_context_group_id","mod_short_lived_token","Thu Sep 24 19:00:08 UTC 2026","passed","Thu Sep 24 19:00:08 UTC 2026","","generateToken payload","",""
"","0","handles empty content","jwk.lib","Thu Sep 24 19:00:07 UTC 2026","passed","Thu Sep 24 19:00:07 UTC 2026","encode_sequence","ASN1","",""
"","0","sets conference_details.session_id from room meetingId","mod_jibri_session","Thu Sep 24 19:00:07 UTC 2026","passed","Thu Sep 24 19:00:07 UTC 2026","","jicofo-to-jibri pass (room attr present on jibri element)","",""
"","0","sets initiator.id from jitsi_meet_context_user.id","mod_jibri_session","Thu Sep 24 19:00:07 UTC 2026","passed","Thu Sep 24 19:00:07 UTC 2026","","client-to-jicofo pass (no room attr on jibri element)","",""
"","0","returns false when no prefix in table matches","util.lib","Thu Sep 24 19:00:08 UTC 2026","passed","Thu Sep 24 19:00:08 UTC 2026","","starts_with_one_of","",""
"","0","does not modify app_data when room is not found","mod_jibri_session","Thu Sep 24 19:00:07 UTC 2026","passed","Thu Sep 24 19:00:07 UTC 2026","","jicofo-to-jibri pass (room attr present on jibri element)","",""
"","0","encode then verify returns original payload","luajwtjitsi","Thu Sep 24 19:00:07 UTC 2026","passed","Thu Sep 24 19:00:07 UTC 2026","HS256","verify","",""
"","657","drops a receiver's subscriptions when it leaves","mod_audio_translation_component","Thu Sep 24 19:00:50 UTC 2026","passed","Thu Sep 24 19:00:51 UTC 2026","","MUC-leave pruning","",""
"","0","returns false for a regular nick","util.lib","Thu Sep 24 19:00:08 UTC 2026","passed","Thu Sep 24 19:00:08 UTC 2026","","is_focus_nick","",""
"","0","does not nest a second marker when moderated twice","mod_muc_message_moderation","Thu Sep 24 19:00:07 UTC 2026","passed","Thu Sep 24 19:00:07 UTC 2026","","moderation attribution","",""
"","0","recognises the bare prefix itself","util.lib","Thu Sep 24 19:00:08 UTC 2026","passed","Thu Sep 24 19:00:08 UTC 2026","","is_healthcheck_room","",""
"","162","returns 401 when a login token is used instead of a system token","mod_muc_end_meeting","Thu Sep 24 19:02:38 UTC 2026","passed","Thu Sep 24 19:02:38 UTC 2026","","authentication","",""
"","1039","VPaaS user is rejected when access manager returns access=false","mod_muc_auth_ban","Thu Sep 24 19:02:03 UTC 2026","passed","Thu Sep 24 19:02:04 UTC 2026","","","",""
"","373","whitelisted occupants do not count against the limit for non-whitelisted users","mod_muc_max_occupants","Thu Sep 24 19:02:53 UTC 2026","passed","Thu Sep 24 19:02:53 UTC 2026","","whitelist","",""
"","1173","new-poll with a missing question is ignored","mod_polls_component","Thu Sep 24 19:03:25 UTC 2026","passed","Thu Sep 24 19:03:27 UTC 2026","","validation","",""
"","0","prepends [subdomain] when subdomain is given","util.lib","Thu Sep 24 19:00:08 UTC 2026","passed","Thu Sep 24 19:00:08 UTC 2026","","build_room_address","",""
"","61","focus can join a health check room","mod_muc_meeting_id","Thu Sep 24 19:02:57 UTC 2026","passed","Thu Sep 24 19:02:57 UTC 2026","","health check rooms","",""
"","183","allows a non-moderator whose token grants live-translation","mod_audio_translation_component","Thu Sep 24 19:00:50 UTC 2026","passed","Thu Sep 24 19:00:50 UTC 2026","","enable-flag write gating (live-translation)","",""
"","29","non-VPaaS user with a valid token is allowed without an HTTP check","mod_muc_auth_ban","Thu Sep 24 19:02:03 UTC 2026","passed","Thu Sep 24 19:02:03 UTC 2026","","","",""
"","302","moderator with empty features in token is blocked when groupChatRestricted is true","mod_filter_messages","Thu Sep 24 19:01:53 UTC 2026","passed","Thu Sep 24 19:01:53 UTC 2026","","","",""
"","288","moderator with no features in token is allowed when privateChatRestricted is true","mod_filter_messages private messages","Thu Sep 24 19:01:56 UTC 2026","passed","Thu Sep 24 19:01:56 UTC 2026","","","",""
"","0","malformed token (two segments) returns error","luajwtjitsi","Thu Sep 24 19:00:07 UTC 2026","passed","Thu Sep 24 19:00:07 UTC 2026","argument validation","verify","",""
"","4","returns 400 when both participantId and number are provided","mod_muc_kick_participant","Thu Sep 24 19:02:44 UTC 2026","passed","Thu Sep 24 19:02:44 UTC 2026","","parameter validation","",""
"","836","session survives a transcription-result with an empty transcript array","mod_muc_meeting_id","Thu Sep 24 19:02:55 UTC 2026","passed","Thu Sep 24 19:02:56 UTC 2026","","transcription filter robustness","",""
"","1261","two clients in different subdomain rooms do not see each other","mod_muc_domain_mapper","Thu Sep 24 19:02:36 UTC 2026","passed","Thu Sep 24 19:02:37 UTC 2026","","occupant presence exchange","",""
"","193","requires first device to be in main room for flip to proceed","mod_muc_flip","Thu Sep 24 19:02:42 UTC 2026","passed","Thu Sep 24 19:02:42 UTC 2026","","lobby interactions","",""
"","0","preserves resource in the rewritten JID","util.lib","Thu Sep 24 19:00:08 UTC 2026","passed","Thu Sep 24 19:00:08 UTC 2026","","internal_room_jid_match_rewrite","",""
"","487","moderator receives an update broadcast after creating a breakout room","mod_muc_breakout_rooms","Thu Sep 24 19:02:09 UTC 2026","passed","Thu Sep 24 19:02:10 UTC 2026","","create breakout room","",""
"","0","escapes a CRLF-injected header value to &#13;&#10;","Rayo dial IQ header CRLF escaping [in-file reference serializer]","Thu Sep 24 19:00:08 UTC 2026","passed","Thu Sep 24 19:00:08 UTC 2026","","","",""
"","0","returns false for an unmoderated room without a subdomain","util.lib","Thu Sep 24 19:00:08 UTC 2026","passed","Thu Sep 24 19:00:08 UTC 2026","","is_moderated","",""
"","136","moderator=true (boolean)","mod_token_affiliation","Thu Sep 24 19:04:28 UTC 2026","passed","Thu Sep 24 19:04:28 UTC 2026","","moderator claim variants that grant owner/moderator","",""
"","0","preserves the room name text around the escaped CRLF","Rayo dial IQ header CRLF escaping [in-file reference serializer]","Thu Sep 24 19:00:08 UTC 2026","passed","Thu Sep 24 19:00:08 UTC 2026","","","",""
"","306","sender with no send-groupchat key in features is blocked when groupChatRestricted is true","mod_filter_messages","Thu Sep 24 19:01:52 UTC 2026","passed","Thu Sep 24 19:01:52 UTC 2026","","","",""
"","0","matches against a Set of prefixes","util.lib","Thu Sep 24 19:00:08 UTC 2026","passed","Thu Sep 24 19:00:08 UTC 2026","","starts_with_one_of","",""
"","0","stamps the retraction in the tombstone","mod_muc_message_moderation","Thu Sep 24 19:00:07 UTC 2026","passed","Thu Sep 24 19:00:07 UTC 2026","","moderation by a moderator","",""
"","0","keeps the attribution stamped by the main prosody","mod_muc_message_moderation","Thu Sep 24 19:00:07 UTC 2026","passed","Thu Sep 24 19:00:07 UTC 2026","","visitor node history","",""
"","0","returns nil subdomain for empty brackets (pattern requires >=1 char)","util.lib","Thu Sep 24 19:00:08 UTC 2026","passed","Thu Sep 24 19:00:08 UTC 2026","","extract_subdomain","",""
"","126","a ban (affiliation=outcast by jid) targeting certain participant is rejected","mod_muc_meeting_id","Thu Sep 24 19:02:54 UTC 2026","passed","Thu Sep 24 19:02:54 UTC 2026","","set admin filtering","",""
"","1142","non-moderator with transcription=false cannot set recording.isTranscribingEnabled","mod_room_metadata_component","Thu Sep 24 19:03:57 UTC 2026","passed","Thu Sep 24 19:03:58 UTC 2026","","allow-moderation hook (mod_filter_iq_rayo interop)","",""
"","0","accepts an occupant object and inspects its .jid field","util.lib","Thu Sep 24 19:00:08 UTC 2026","passed","Thu Sep 24 19:00:08 UTC 2026","","is_jibri","",""
"","362","blocks Jibri and Rayo requests from a recipient whose owner affiliation was revoked","mod_jitsi_permissions","Thu Sep 24 19:01:59 UTC 2026","passed","Thu Sep 24 19:01:59 UTC 2026","","affiliation grant and revoke","",""
"","68","returns 400 when connectionJIDs is missing","mod_system_chat_message","Thu Sep 24 19:04:12 UTC 2026","passed","Thu Sep 24 19:04:12 UTC 2026","","parameter validation","",""
"","143","disco#info to a subdomain room JID returns a result","mod_muc_domain_mapper","Thu Sep 24 19:02:37 UTC 2026","passed","Thu Sep 24 19:02:38 UTC 2026","","IQ routing","",""
"","0","strips the body from the history entry","mod_muc_message_moderation","Thu Sep 24 19:00:07 UTC 2026","passed","Thu Sep 24 19:00:07 UTC 2026","","moderation by a moderator","",""
"","0","password is non-empty string","mod_short_lived_token","Thu Sep 24 19:00:08 UTC 2026","passed","Thu Sep 24 19:00:08 UTC 2026","valid request service entry","external_service/credentials handler","",""
"","324","rejoining client receives fresh metadata","mod_room_metadata_component","Thu Sep 24 19:03:52 UTC 2026","passed","Thu Sep 24 19:03:52 UTC 2026","","initial metadata delivery","",""
"","0","create and export span","otel","Thu Sep 24 19:00:08 UTC 2026","passed","Thu Sep 24 19:00:08 UTC 2026","","span","",""
"","0","plain /focus string returns true","util.lib","Thu Sep 24 19:00:08 UTC 2026","passed","Thu Sep 24 19:00:08 UTC 2026","","is_focus","",""
"","380","leaves a conference-modify IQ without traceparent unmodified and exports nothing","mod_trace","Thu Sep 24 19:04:30 UTC 2026","passed","Thu Sep 24 19:04:31 UTC 2026","","when otlp_endpoint is set","",""
"","0","returns nil for a nil message id","mod_muc_message_moderation","Thu Sep 24 19:00:07 UTC 2026","passed","Thu Sep 24 19:00:07 UTC 2026","","find_history_entry","",""
"","3","PUT returns 400 when body is valid JSON but passcode key is missing","mod_muc_password_check","Thu Sep 24 19:02:57 UTC 2026","passed","Thu Sep 24 19:02:57 UTC 2026","","parameter validation","",""
"","1297","anonymous sender is blocked when privateChatRestricted is true","mod_filter_messages private messages","Thu Sep 24 19:01:54 UTC 2026","passed","Thu Sep 24 19:01:55 UTC 2026","","","",""
"","0","ignores a message with no replace element","mod_muc_message_moderation","Thu Sep 24 19:00:07 UTC 2026","passed","Thu Sep 24 19:00:07 UTC 2026","","parse_correction","",""
"","253","all occupants receive an unavailable presence with a destroy reason","mod_end_conference","Thu Sep 24 19:01:13 UTC 2026","passed","Thu Sep 24 19:01:13 UTC 2026","","","",""
"","0","logs error and skips hook when ttl_seconds is absent","mod_short_lived_token","Thu Sep 24 19:00:08 UTC 2026","passed","Thu Sep 24 19:00:08 UTC 2026","","config validation","",""
"","135","accepts MUC join when the regex room claim is at the quantifier limit","mod_auth_token (ASAP / RS256)","Thu Sep 24 19:00:59 UTC 2026","passed","Thu Sep 24 19:00:59 UTC 2026","","","",""
"","0","registers handler on s2s-check-certificate event","mod_certs_s2soutinjection","Thu Sep 24 19:00:07 UTC 2026","passed","Thu Sep 24 19:00:07 UTC 2026","","event wrapping","",""
"","0","announces the moderation for the visitor nodes","mod_muc_message_moderation","Thu Sep 24 19:00:07 UTC 2026","passed","Thu Sep 24 19:00:07 UTC 2026","","moderation by a moderator","",""
"","1132","message without jitsi_web_query_room is silently ignored","mod_filesharing_component","Thu Sep 24 19:01:22 UTC 2026","passed","Thu Sep 24 19:01:23 UTC 2026","","authorization","",""
"","0","context.group uses jitsi_meet_context_group when present","mod_short_lived_token","Thu Sep 24 19:00:08 UTC 2026","passed","Thu Sep 24 19:00:08 UTC 2026","","generateToken payload","",""
"","1126","moderator cannot set blocked key ""asyncTranscription""","mod_room_metadata_component","Thu Sep 24 19:03:38 UTC 2026","passed","Thu Sep 24 19:03:39 UTC 2026","","blocked keys","",""
"","0","sub defaults to module.host when jitsi_web_query_prefix is nil","mod_short_lived_token","Thu Sep 24 19:00:08 UTC 2026","passed","Thu Sep 24 19:00:08 UTC 2026","","generateToken payload","",""
"","0","logs error and skips hook when key_id is absent","mod_short_lived_token","Thu Sep 24 19:00:08 UTC 2026","passed","Thu Sep 24 19:00:08 UTC 2026","","config validation","",""
"","0","extracts subdomain from vpaas magic cookie node","util.lib","Thu Sep 24 19:00:08 UTC 2026","passed","Thu Sep 24 19:00:08 UTC 2026","","extract_subdomain","",""
"","5175","all 5 simultaneous leaves complete and observer receives all unavailable presences","mod_muc_rate_limit","Thu Sep 24 19:03:06 UTC 2026","passed","Thu Sep 24 19:03:12 UTC 2026","","leave rate limiting","",""
"","0","marks the history entry as moderated by the sending occupant","mod_muc_message_moderation","Thu Sep 24 19:00:07 UTC 2026","passed","Thu Sep 24 19:00:07 UTC 2026","","moderation by a moderator","",""
"","137","injects all default permissions into self-presence on join","mod_jitsi_permissions","Thu Sep 24 19:01:57 UTC 2026","passed","Thu Sep 24 19:01:57 UTC 2026","","moderator token without features","",""
"","0","reports removed keys","util.lib","Thu Sep 24 19:00:08 UTC 2026","passed","Thu Sep 24 19:00:08 UTC 2026","table_compare","table helpers","",""
"","0","returns false for an unmoderated room with a subdomain","util.lib","Thu Sep 24 19:00:08 UTC 2026","passed","Thu Sep 24 19:00:08 UTC 2026","","is_moderated","",""
"","1143","moderator cannot set blocked key ""dialinEnabled""","mod_room_metadata_component","Thu Sep 24 19:03:40 UTC 2026","passed","Thu Sep 24 19:03:42 UTC 2026","","blocked keys","",""
"","131","non-member can join freely after lobby is disabled","mod_muc_lobby_rooms","Thu Sep 24 19:02:50 UTC 2026","passed","Thu Sep 24 19:02:50 UTC 2026","","lifecycle","",""
"","0","appends to a form that already has fields","mod_muc_message_moderation","Thu Sep 24 19:00:07 UTC 2026","passed","Thu Sep 24 19:00:07 UTC 2026","","capability advertisement","",""
"","129","does not block authenticated user from sending owner config IQ","mod_token_verification","Thu Sep 24 19:04:30 UTC 2026","passed","Thu Sep 24 19:04:30 UTC 2026","","token_verification_require_token_for_moderation","",""
"","814","session survives a Jibri start IQ targeting a non-existent room","mod_filter_iq_jibri (feature-based authorization)","Thu Sep 24 19:01:38 UTC 2026","passed","Thu Sep 24 19:01:39 UTC 2026","","robustness","",""
"","539","HTTP error from access manager does not ban the user (fail open)","mod_muc_auth_ban","Thu Sep 24 19:02:05 UTC 2026","passed","Thu Sep 24 19:02:06 UTC 2026","","","",""
"","242","overwrites author fields to prevent spoofing","mod_filesharing_component","Thu Sep 24 19:01:17 UTC 2026","passed","Thu Sep 24 19:01:18 UTC 2026","","add file","",""
"","0","returns nil when e is missing","jwk.lib","Thu Sep 24 19:00:07 UTC 2026","passed","Thu Sep 24 19:00:07 UTC 2026","","jwk_to_pem","",""
"","8","sets session.jitsi_web_query_room from ?room query param","mod_jitsi_session","Thu Sep 24 19:02:01 UTC 2026","passed","Thu Sep 24 19:02:01 UTC 2026","","","",""
"","124","allows resource matching UUID prefix","mod_muc_resource_validate","Thu Sep 24 19:03:18 UTC 2026","passed","Thu Sep 24 19:03:18 UTC 2026","","","",""
"","231","clears granted features when the token of the recipient has none","mod_jitsi_permissions","Thu Sep 24 19:01:58 UTC 2026","passed","Thu Sep 24 19:01:58 UTC 2026","","affiliation grant and revoke","",""
"","0","returns a distinct table (not the same reference)","util.lib","Thu Sep 24 19:00:08 UTC 2026","passed","Thu Sep 24 19:00:08 UTC 2026","table_shallow_copy","table helpers","",""
"","2211","destroys room when last regular user leaves and only jibri remains","mod_muc_cleanup_backend_services","Thu Sep 24 19:02:18 UTC 2026","passed","Thu Sep 24 19:02:20 UTC 2026","","","",""
"","0","rewrites <conference room> attribute when child is present","mod_muc_domain_mapper","Thu Sep 24 19:00:07 UTC 2026","passed","Thu Sep 24 19:00:07 UTC 2026","iq stanzas","filter_stanza","",""
"","0","returns nil and error for single-segment input","luajwtjitsi","Thu Sep 24 19:00:07 UTC 2026","passed","Thu Sep 24 19:00:07 UTC 2026","strip_signature","internals","",""
"","9","rejects connection with expired token","mod_auth_token (ASAP / RS256)","Thu Sep 24 19:00:58 UTC 2026","passed","Thu Sep 24 19:00:58 UTC 2026","","","",""
"","238","broadcast preserves previously set keys","mod_room_metadata_component","Thu Sep 24 19:03:51 UTC 2026","passed","Thu Sep 24 19:03:52 UTC 2026","","broadcast delivery","",""
"","258","strips flip_device tag when flip feature is disabled in JWT","mod_muc_flip","Thu Sep 24 19:02:41 UTC 2026","passed","Thu Sep 24 19:02:41 UTC 2026","","flip_device tag stripping","",""
"","0","handles JID with no node (bare host)","util.lib","Thu Sep 24 19:00:08 UTC 2026","passed","Thu Sep 24 19:00:08 UTC 2026","","room_jid_split_subdomain","",""
"","0","returns true and room/subdomain for a moderated subdomain","util.lib","Thu Sep 24 19:00:08 UTC 2026","passed","Thu Sep 24 19:00:08 UTC 2026","","is_moderated","",""
"","136","affiliation='moderator'","mod_token_affiliation","Thu Sep 24 19:04:29 UTC 2026","passed","Thu Sep 24 19:04:29 UTC 2026","","moderator claim variants that grant owner/moderator","",""
"","9","connects successfully with a valid token","mod_auth_token (HS256 shared secret)","Thu Sep 24 19:00:59 UTC 2026","passed","Thu Sep 24 19:00:59 UTC 2026","","","",""
"","195","room.has_host is cached: guest is admitted after the host leaves","mod_muc_wait_for_host","Thu Sep 24 19:03:20 UTC 2026","passed","Thu Sep 24 19:03:21 UTC 2026","","host present","",""
"","1695","adopts the claims of a rotated token for the main room while the session sits in a breakout room","mod_auth_token (claims on XEP-0198 resumption)","Thu Sep 24 19:01:07 UTC 2026","passed","Thu Sep 24 19:01:09 UTC 2026","","","",""
"","839","roomCounter increments with each created breakout room","mod_muc_breakout_rooms","Thu Sep 24 19:02:11 UTC 2026","passed","Thu Sep 24 19:02:12 UTC 2026","","create breakout room","",""
"","642","does not remove an occupant before authorizing the affiliation change","mod_muc_lobby_rooms","Thu Sep 24 19:02:50 UTC 2026","passed","Thu Sep 24 19:02:51 UTC 2026","","admin-set nick reservation","",""
"","0","returns truthy for jibria@ prefixed JID string","util.lib","Thu Sep 24 19:00:08 UTC 2026","passed","Thu Sep 24 19:00:08 UTC 2026","","is_jibri","",""
"","5","returns 400 when phoneNo is missing","mod_muc_jigasi_invite","Thu Sep 24 19:02:44 UTC 2026","passed","Thu Sep 24 19:02:44 UTC 2026","","parameter validation","",""
"","137","moderator='true' (string)","mod_token_affiliation","Thu Sep 24 19:04:28 UTC 2026","passed","Thu Sep 24 19:04:29 UTC 2026","","moderator claim variants that grant owner/moderator","",""
"","0","returns nil when value is not present","util.lib","Thu Sep 24 19:00:08 UTC 2026","passed","Thu Sep 24 19:00:08 UTC 2026","table_find","table helpers","",""
"","232","broadcasts add event to other occupants","mod_filesharing_component","Thu Sep 24 19:01:15 UTC 2026","passed","Thu Sep 24 19:01:15 UTC 2026","","add file","",""
"","431","blocks IQ when context.features present but outbound-call key absent","mod_filter_iq_rayo (feature-based authorization)","Thu Sep 24 19:01:43 UTC 2026","passed","Thu Sep 24 19:01:43 UTC 2026","","outbound-call (dial to non-transcribe address)","",""
"","8","sets session.customusername from ?customusername query param","mod_jitsi_session","Thu Sep 24 19:02:01 UTC 2026","passed","Thu Sep 24 19:02:01 UTC 2026","","","",""
"","85","returns 403 when token is expired","mod_muc_kick_participant","Thu Sep 24 19:02:44 UTC 2026","passed","Thu Sep 24 19:02:44 UTC 2026","","authentication","",""
"","0","returns truthy for transcriber@ JID","util.lib","Thu Sep 24 19:00:08 UTC 2026","passed","Thu Sep 24 19:00:08 UTC 2026","","is_transcriber","",""
"","0","does not log a second time on the same session","mod_muc_domain_mapper","Thu Sep 24 19:00:07 UTC 2026","passed","Thu Sep 24 19:00:07 UTC 2026","log_not_allowed_errors","filter_stanza","",""
"","453","clears a sender when its listener leaves the room","mod_audio_translation_component","Thu Sep 24 19:00:55 UTC 2026","passed","Thu Sep 24 19:00:56 UTC 2026","","directed listeners push (translation-listeners)","",""
"","324","transfers moderator role to flip device and tags the kicked occupant presence","mod_muc_flip","Thu Sep 24 19:02:42 UTC 2026","passed","Thu Sep 24 19:02:42 UTC 2026","","flip","",""
"","434","passes IQ when features.transcription = true","mod_filter_iq_rayo (feature-based authorization)","Thu Sep 24 19:01:44 UTC 2026","passed","Thu Sep 24 19:01:44 UTC 2026","","transcription (dial to jitsi_meet_transcribe)","",""
"","0","rewrites both 'to' and 'from' when both are set","mod_muc_domain_mapper","Thu Sep 24 19:00:07 UTC 2026","passed","Thu Sep 24 19:00:07 UTC 2026","message stanzas","filter_stanza","",""
"","1189","does not broadcast when value is unchanged","mod_room_metadata_component","Thu Sep 24 19:03:50 UTC 2026","passed","Thu Sep 24 19:03:51 UTC 2026","","value deduplication","",""
"","129","blocks with 406 not-acceptable when display name is missing","mod_muc_lobby_rooms","Thu Sep 24 19:02:49 UTC 2026","passed","Thu Sep 24 19:02:49 UTC 2026","","non-member join gate","",""
"","0","has zero total speaking time","SpeakerStats","Thu Sep 24 19:00:08 UTC 2026","passed","Thu Sep 24 19:00:08 UTC 2026","","initial state","",""
"","89","returns 401 when a login token is used instead of a system token","mod_system_chat_message","Thu Sep 24 19:04:12 UTC 2026","passed","Thu Sep 24 19:04:12 UTC 2026","","authentication","",""
"","20","assigns a UUID-based JID on anonymous connect","mod_auth_jitsi-anonymous","Thu Sep 24 19:00:58 UTC 2026","passed","Thu Sep 24 19:00:58 UTC 2026","","","",""
"","3","PUT returns 400 when Content-Type is not application/json","mod_muc_password_check","Thu Sep 24 19:02:57 UTC 2026","passed","Thu Sep 24 19:02:57 UTC 2026","","parameter validation","",""
"","0","builds room JID with no subdomain","util.lib","Thu Sep 24 19:00:08 UTC 2026","passed","Thu Sep 24 19:00:08 UTC 2026","","build_room_address","",""
"","135","rejects MUC join when the room name is too long to match a regex claim","mod_auth_token (ASAP / RS256)","Thu Sep 24 19:00:59 UTC 2026","passed","Thu Sep 24 19:00:59 UTC 2026","","","",""
"","79","returns { valid: true } when submitted passcode matches","mod_muc_password_check","Thu Sep 24 19:02:58 UTC 2026","passed","Thu Sep 24 19:02:58 UTC 2026","","PUT passcode validation","",""
"","0","rejects a retraction from someone who is not the author","mod_muc_message_moderation","Thu Sep 24 19:00:07 UTC 2026","passed","Thu Sep 24 19:00:07 UTC 2026","","retraction","",""
"","0","moderator=true sets owner affiliation and moderator role","mod_token_affiliation","Thu Sep 24 19:00:08 UTC 2026","passed","Thu Sep 24 19:00:08 UTC 2026","","affiliation assignment","",""
"","434","ignores a message from a session without a room context","mod_audio_translation_component","Thu Sep 24 19:00:31 UTC 2026","passed","Thu Sep 24 19:00:31 UTC 2026","","routing and parsing","",""
"","20","query contains shard identity","mod_jiconop","Thu Sep 24 19:01:57 UTC 2026","passed","Thu Sep 24 19:01:57 UTC 2026","","","",""
"","695","does not resend when the listener set is unchanged","mod_audio_translation_component","Thu Sep 24 19:00:56 UTC 2026","passed","Thu Sep 24 19:00:56 UTC 2026","","directed listeners push (translation-listeners)","",""
"","120","focus joining does not satisfy the host requirement","mod_muc_wait_for_host","Thu Sep 24 19:03:20 UTC 2026","passed","Thu Sep 24 19:03:20 UTC 2026","","no host present","",""
"","0","moderator='true' sets owner affiliation","mod_token_affiliation","Thu Sep 24 19:00:08 UTC 2026","passed","Thu Sep 24 19:00:08 UTC 2026","","affiliation assignment","",""
"","2152","message with missing room attribute is ignored","mod_room_metadata_component","Thu Sep 24 19:04:03 UTC 2026","passed","Thu Sep 24 19:04:05 UTC 2026","","invalid payloads","",""
"","66","leaves a conference-modify IQ with traceparent unmodified and exports nothing","mod_trace","Thu Sep 24 19:04:30 UTC 2026","passed","Thu Sep 24 19:04:30 UTC 2026","","when otlp_endpoint is unset","",""
"","1390","allows a resource with underscore after the first character","mod_muc_resource_validate","Thu Sep 24 19:03:16 UTC 2026","passed","Thu Sep 24 19:03:18 UTC 2026","","","",""
"","1188","new-poll with a non-string answer name is ignored","mod_polls_component","Thu Sep 24 19:03:23 UTC 2026","passed","Thu Sep 24 19:03:24 UTC 2026","","validation","",""
"","68","non-focus participant is blocked from a health check room","mod_muc_meeting_id","Thu Sep 24 19:02:57 UTC 2026","passed","Thu Sep 24 19:02:57 UTC 2026","","health check rooms","",""
"","527","rejects a senderId that is not 8 hex digits","mod_audio_translation_component","Thu Sep 24 19:00:35 UTC 2026","passed","Thu Sep 24 19:00:36 UTC 2026","","validation (whole-stanza atomicity)","",""
"","0","returns false for empty string","util.lib","Thu Sep 24 19:00:08 UTC 2026","passed","Thu Sep 24 19:00:08 UTC 2026","","is_focus_nick","",""
"","0","falls back to granted_jitsi_meet_context_user_id when context_user is nil","mod_jibri_session","Thu Sep 24 19:00:07 UTC 2026","passed","Thu Sep 24 19:00:07 UTC 2026","","client-to-jicofo pass (no room attr on jibri element)","",""
"","301","sender with send-private-message=true is allowed when privateChatRestricted is true","mod_filter_messages private messages","Thu Sep 24 19:01:56 UTC 2026","passed","Thu Sep 24 19:01:56 UTC 2026","","","",""
"","15","returns 404 when room does not exist","mod_muc_kick_participant","Thu Sep 24 19:02:44 UTC 2026","passed","Thu Sep 24 19:02:44 UTC 2026","","kick behaviour","",""
"","440","removes the request map entirely once the last subscription is gone","mod_audio_translation_component","Thu Sep 24 19:00:51 UTC 2026","passed","Thu Sep 24 19:00:52 UTC 2026","","MUC-leave pruning","",""
"","0","regular nick returns false","util.lib","Thu Sep 24 19:00:08 UTC 2026","passed","Thu Sep 24 19:00:08 UTC 2026","","is_focus","",""
"","137","affiliation='owner'","mod_token_affiliation","Thu Sep 24 19:04:29 UTC 2026","passed","Thu Sep 24 19:04:29 UTC 2026","","moderator claim variants that grant owner/moderator","",""
"","0","ignores a retract with no id","mod_muc_message_moderation","Thu Sep 24 19:00:07 UTC 2026","passed","Thu Sep 24 19:00:07 UTC 2026","","parse_retraction","",""
"","296","body-less message is always delivered even when groupChatRestricted is true","mod_filter_messages","Thu Sep 24 19:01:53 UTC 2026","passed","Thu Sep 24 19:01:54 UTC 2026","","","",""
"","503","muc_limit_messages must not count messages already blocked by filter_messages","mod_muc_limit_messages","Thu Sep 24 19:02:48 UTC 2026","passed","Thu Sep 24 19:02:48 UTC 2026","","","",""
"","0","removes the signature segment","luajwtjitsi","Thu Sep 24 19:00:07 UTC 2026","passed","Thu Sep 24 19:00:07 UTC 2026","strip_signature","internals","",""
"","7","allows connection with correct shared secret","mod_auth_jitsi-shared-secret","Thu Sep 24 19:00:58 UTC 2026","passed","Thu Sep 24 19:00:58 UTC 2026","","","",""
"","442","blocks start IQ when context.features present but livestreaming key absent","mod_filter_iq_jibri (feature-based authorization)","Thu Sep 24 19:01:35 UTC 2026","passed","Thu Sep 24 19:01:35 UTC 2026","","livestreaming (recording_mode=stream)","",""
"","14","returns 400 when body is empty","mod_muc_jigasi_invite","Thu Sep 24 19:02:44 UTC 2026","passed","Thu Sep 24 19:02:44 UTC 2026","","parameter validation","",""
"","571","unions different languages requested for the same sender","mod_audio_translation_component","Thu Sep 24 19:00:45 UTC 2026","passed","Thu Sep 24 19:00:45 UTC 2026","","aggregation across receivers","",""
"","0","does not touch cert status for host not in overrides","mod_certs_s2soutinjection","Thu Sep 24 19:00:07 UTC 2026","passed","Thu Sep 24 19:00:07 UTC 2026","","attach()","",""
"","726","restores the token features of a recipient that is in a breakout room","mod_jitsi_permissions","Thu Sep 24 19:02:00 UTC 2026","passed","Thu Sep 24 19:02:00 UTC 2026","","affiliation grant and revoke","",""
"","214","enforces token name: observer sees token name even when sender sent a different nick","mod_muc_displayname — name-readonly","Thu Sep 24 19:02:33 UTC 2026","passed","Thu Sep 24 19:02:34 UTC 2026","","","",""
"","1138","non-moderator without features cannot set recording.isTranscribingEnabled","mod_room_metadata_component","Thu Sep 24 19:03:56 UTC 2026","passed","Thu Sep 24 19:03:57 UTC 2026","","allow-moderation hook (mod_filter_iq_rayo interop)","",""
"","0","returns the index of a found value","util.lib","Thu Sep 24 19:00:08 UTC 2026","passed","Thu Sep 24 19:00:08 UTC 2026","table_find","table helpers","",""
"","0","ignores moderated without a retract child","mod_muc_message_moderation","Thu Sep 24 19:00:07 UTC 2026","passed","Thu Sep 24 19:00:07 UTC 2026","","parse_moderation_request","",""
"","2197","does not start timer when breakout rooms are active","mod_muc_cleanup_backend_services","Thu Sep 24 19:02:31 UTC 2026","passed","Thu Sep 24 19:02:33 UTC 2026","","","",""
"","301","broadcasts an answer to all occupants","mod_polls_component","Thu Sep 24 19:03:21 UTC 2026","passed","Thu Sep 24 19:03:22 UTC 2026","","poll answering","",""
"","0","non-table data returns error","luajwtjitsi","Thu Sep 24 19:00:07 UTC 2026","passed","Thu Sep 24 19:00:07 UTC 2026","argument validation","encode","",""
"","0","returns true when feature value is the string 'true'","util.lib","Thu Sep 24 19:00:08 UTC 2026","passed","Thu Sep 24 19:00:08 UTC 2026","","is_feature_allowed","",""
"","0","encode with private key, verify with public key","luajwtjitsi","Thu Sep 24 19:00:07 UTC 2026","passed","Thu Sep 24 19:00:07 UTC 2026","RS256","verify","",""
"","0","passes the room JID through room_jid_match_rewrite before lookup","mod_jibri_session","Thu Sep 24 19:00:07 UTC 2026","passed","Thu Sep 24 19:00:07 UTC 2026","","jicofo-to-jibri pass (room attr present on jibri element)","",""
"","9","rejects connection with wrong issuer","mod_auth_token (ASAP / RS256)","Thu Sep 24 19:00:58 UTC 2026","passed","Thu Sep 24 19:00:58 UTC 2026","","","",""
"","1007","keeps a language when one of two referencers removes it","mod_audio_translation_component","Thu Sep 24 19:00:47 UTC 2026","passed","Thu Sep 24 19:00:48 UTC 2026","","aggregation across receivers","",""
"","0","rejects a request from a participant without the moderator role","mod_muc_message_moderation","Thu Sep 24 19:00:07 UTC 2026","passed","Thu Sep 24 19:00:07 UTC 2026","","moderation role checks","",""
"","0","combines subdomain with multi-part base domain","util.lib","Thu Sep 24 19:00:08 UTC 2026","passed","Thu Sep 24 19:00:08 UTC 2026","","build_room_address","",""
"","254","whitelisted user can join a room that is at the limit","mod_muc_max_occupants","Thu Sep 24 19:02:52 UTC 2026","passed","Thu Sep 24 19:02:53 UTC 2026","","whitelist","",""
"","0","returns false for nil string","util.lib","Thu Sep 24 19:00:08 UTC 2026","passed","Thu Sep 24 19:00:08 UTC 2026","","ends_with","",""
"","694","deduplicates the same language requested by two receivers","mod_audio_translation_component","Thu Sep 24 19:00:45 UTC 2026","passed","Thu Sep 24 19:00:46 UTC 2026","","aggregation across receivers","",""
"","0","falls back to s2sout_override when s2s_connect_overrides is absent","mod_certs_s2soutinjection","Thu Sep 24 19:00:07 UTC 2026","passed","Thu Sep 24 19:00:07 UTC 2026","","attach()","",""
"","137","allows join when room is empty","mod_muc_max_occupants","Thu Sep 24 19:02:52 UTC 2026","passed","Thu Sep 24 19:02:52 UTC 2026","","","",""
"","0","falls back to granted_jitsi_meet_context_group_id when context_group is nil","mod_jibri_session","Thu Sep 24 19:00:07 UTC 2026","passed","Thu Sep 24 19:00:07 UTC 2026","","client-to-jicofo pass (no room attr on jibri element)","",""
"","219","restores the token features when owner is revoked twice in a row","mod_jitsi_permissions","Thu Sep 24 19:01:58 UTC 2026","passed","Thu Sep 24 19:01:59 UTC 2026","","affiliation grant and revoke","",""
"","0","returns false when string does not end with suffix","util.lib","Thu Sep 24 19:00:08 UTC 2026","passed","Thu Sep 24 19:00:08 UTC 2026","","ends_with","",""
"","638","allows only one transcription dial when multiple are sent concurrently","mod_filter_iq_rayo (feature-based authorization)","Thu Sep 24 19:01:48 UTC 2026","passed","Thu Sep 24 19:01:48 UTC 2026","","transcription per-room throttle","",""
"","254","live broadcast strips <nick> and <display-name> from groupchat messages","mod_muc_displayname — message display-name handling","Thu Sep 24 19:02:35 UTC 2026","passed","Thu Sep 24 19:02:35 UTC 2026","","","",""
"","439","blocks Start (recording_mode=file) when features.recording = false","mod_filter_iq_jibri (feature-based authorization)","Thu Sep 24 19:01:40 UTC 2026","passed","Thu Sep 24 19:01:40 UTC 2026","","attribute case normalisation","",""
"","484","rejects a sender that is not an occupant of the room","mod_audio_translation_component","Thu Sep 24 19:00:31 UTC 2026","passed","Thu Sep 24 19:00:32 UTC 2026","","room and occupant resolution","",""
"","119","rejects a resource starting with an underscore","mod_muc_resource_validate","Thu Sep 24 19:03:18 UTC 2026","passed","Thu Sep 24 19:03:18 UTC 2026","","","",""
"","0","hooks muc-disco#info","mod_muc_message_moderation","Thu Sep 24 19:00:07 UTC 2026","passed","Thu Sep 24 19:00:07 UTC 2026","","registration","",""
"","0","backend_region taken from region_name config","mod_short_lived_token","Thu Sep 24 19:00:08 UTC 2026","passed","Thu Sep 24 19:00:08 UTC 2026","","generateToken payload","",""
"","0","wrapped handler delegates to attach and returns its result","mod_certs_s2soutinjection","Thu Sep 24 19:00:07 UTC 2026","passed","Thu Sep 24 19:00:07 UTC 2026","","event wrapping","",""
"","0","replaces the store hint so the retraction is not archived","mod_muc_message_moderation","Thu Sep 24 19:00:07 UTC 2026","passed","Thu Sep 24 19:00:07 UTC 2026","","retraction","",""
"","0","does not write a file when io.open fails","mod_debug_traceback","Thu Sep 24 19:00:07 UTC 2026","passed","Thu Sep 24 19:00:07 UTC 2026","","dump_traceback()","",""
"","15","sets session.jitsi_meet_room from room claim","mod_auth_token (HS256 shared secret)","Thu Sep 24 19:00:59 UTC 2026","passed","Thu Sep 24 19:00:59 UTC 2026","","","",""
"","270","restores the token features when the recipient revokes its own owner affiliation","mod_jitsi_permissions","Thu Sep 24 19:01:59 UTC 2026","passed","Thu Sep 24 19:01:59 UTC 2026","","affiliation grant and revoke","",""
"","1192","identical startmuted values do not trigger a second broadcast","mod_room_metadata_component","Thu Sep 24 19:03:52 UTC 2026","passed","Thu Sep 24 19:03:54 UTC 2026","","startMuted presence shim","",""
"","1196","message with no <room_metadata> child is ignored cleanly","mod_room_metadata_component","Thu Sep 24 19:04:02 UTC 2026","passed","Thu Sep 24 19:04:03 UTC 2026","","invalid payloads","",""
"","6","returns 400 when Content-Type is not application/json","mod_muc_jigasi_invite","Thu Sep 24 19:02:44 UTC 2026","passed","Thu Sep 24 19:02:44 UTC 2026","","parameter validation","",""
"","1131","moderator cannot set blocked key ""conferencePresetsServiceEnabled""","mod_room_metadata_component","Thu Sep 24 19:03:39 UTC 2026","passed","Thu Sep 24 19:03:40 UTC 2026","","blocked keys","",""
"","0","logs error and skips hook when accepted_audiences is absent","mod_short_lived_token","Thu Sep 24 19:00:08 UTC 2026","passed","Thu Sep 24 19:00:08 UTC 2026","","config validation","",""
"","0","takes by from the occupant, not from the payload","mod_muc_message_moderation","Thu Sep 24 19:00:07 UTC 2026","passed","Thu Sep 24 19:00:07 UTC 2026","","moderation attribution","",""
"","438","blocks stop IQ when token has no context.features (non-moderator fallback)","mod_filter_iq_jibri (feature-based authorization)","Thu Sep 24 19:01:37 UTC 2026","passed","Thu Sep 24 19:01:38 UTC 2026","","livestreaming (recording_mode=stream)","",""
"","0","logs error and skips hook when key_path is absent","mod_short_lived_token","Thu Sep 24 19:00:08 UTC 2026","passed","Thu Sep 24 19:00:08 UTC 2026","","config validation","",""
"","227","stamps an occupant nick on a json-message sent to the room","mod_time_restricted","Thu Sep 24 19:04:27 UTC 2026","passed","Thu Sep 24 19:04:27 UTC 2026","","spoofing by an occupant","",""
"","0","does not keep it out of history","mod_muc_message_moderation","Thu Sep 24 19:00:07 UTC 2026","passed","Thu Sep 24 19:00:07 UTC 2026","","correction by the author","",""
"","0","ignores a stanza that did not come from the main domain","mod_muc_message_moderation","Thu Sep 24 19:00:07 UTC 2026","passed","Thu Sep 24 19:00:07 UTC 2026","","visitor node history","",""
"","0","returns nil and error for two-segment input","luajwtjitsi","Thu Sep 24 19:00:07 UTC 2026","passed","Thu Sep 24 19:00:07 UTC 2026","strip_signature","internals","",""
"","0","returns true for focus@auth.example.com/resource","util.lib","Thu Sep 24 19:00:08 UTC 2026","passed","Thu Sep 24 19:00:08 UTC 2026","","is_focus_jid","",""
"","8","rejects connection when token has no room claim","mod_token_verification","Thu Sep 24 19:04:29 UTC 2026","passed","Thu Sep 24 19:04:29 UTC 2026","","join access control","",""
"","0","marks cert valid when host is in s2s_connect_overrides","mod_certs_s2soutinjection","Thu Sep 24 19:00:07 UTC 2026","passed","Thu Sep 24 19:00:07 UTC 2026","","attach()","",""
"","0","rejects a correction of a moderated message","mod_muc_message_moderation","Thu Sep 24 19:00:07 UTC 2026","passed","Thu Sep 24 19:00:07 UTC 2026","","correction author checks","",""
"","0","writes traceback content to file","mod_debug_traceback","Thu Sep 24 19:00:07 UTC 2026","passed","Thu Sep 24 19:00:07 UTC 2026","","dump_traceback()","",""
"","0","returns false for nil string","util.lib","Thu Sep 24 19:00:08 UTC 2026","passed","Thu Sep 24 19:00:08 UTC 2026","","starts_with_one_of","",""
"","121","does not inject permissions for anonymous participant","mod_jitsi_permissions","Thu Sep 24 19:01:58 UTC 2026","passed","Thu Sep 24 19:01:58 UTC 2026","","anonymous user (no token)","",""
"","875","does not apply the throttle across different rooms","mod_filter_iq_rayo (feature-based authorization)","Thu Sep 24 19:01:48 UTC 2026","passed","Thu Sep 24 19:01:49 UTC 2026","","transcription per-room throttle","",""
"","119","rejects resource not matching UUID prefix","mod_muc_resource_validate","Thu Sep 24 19:03:18 UTC 2026","passed","Thu Sep 24 19:03:18 UTC 2026","","","",""
"","66","PUT returns 403 when Authorization header is absent","mod_muc_password_check","Thu Sep 24 19:02:57 UTC 2026","passed","Thu Sep 24 19:02:57 UTC 2026","","authentication","",""
"","229","never delivers a groupchat json-message under a forged room from","mod_time_restricted","Thu Sep 24 19:04:27 UTC 2026","passed","Thu Sep 24 19:04:27 UTC 2026","","spoofing by an occupant","",""
"","0","records the reason in the tombstone","mod_muc_message_moderation","Thu Sep 24 19:00:07 UTC 2026","passed","Thu Sep 24 19:00:07 UTC 2026","","moderation by a moderator","",""
"","0","nil session — no affiliation set","mod_token_affiliation","Thu Sep 24 19:00:08 UTC 2026","passed","Thu Sep 24 19:00:08 UTC 2026","","skip conditions in muc-occupant-pre-join","",""
"","437","strips arbitrary client-supplied headers","mod_filter_iq_rayo (feature-based authorization)","Thu Sep 24 19:01:50 UTC 2026","passed","Thu Sep 24 19:01:50 UTC 2026","","header stripping","",""
"","0","accumulates time up to the moment of going silent","SpeakerStats","Thu Sep 24 19:00:08 UTC 2026","passed","Thu Sep 24 19:00:08 UTC 2026","","setDominantSpeaker","",""
"","437","blocks stop IQ when features.recording = false","mod_filter_iq_jibri (feature-based authorization)","Thu Sep 24 19:01:32 UTC 2026","passed","Thu Sep 24 19:01:33 UTC 2026","","recording (recording_mode=file)","",""
"","0","reports added keys","util.lib","Thu Sep 24 19:00:08 UTC 2026","passed","Thu Sep 24 19:00:08 UTC 2026","table_compare","table helpers","",""
"","1146","moderator cannot set blocked key ""transcriberType""","mod_room_metadata_component","Thu Sep 24 19:03:46 UTC 2026","passed","Thu Sep 24 19:03:47 UTC 2026","","blocked keys","",""
"","0","returns nil subdomain when only the suffix differs by a non-dot character","util.lib","Thu Sep 24 19:00:08 UTC 2026","passed","Thu Sep 24 19:00:08 UTC 2026","","room_jid_split_subdomain","",""
"","0","expires = now + ttl","mod_short_lived_token","Thu Sep 24 19:00:08 UTC 2026","passed","Thu Sep 24 19:00:08 UTC 2026","valid request service entry","external_service/credentials handler","",""
"","136","rejects MUC join when the room does not match the regex room claim","mod_auth_token (ASAP / RS256)","Thu Sep 24 19:00:59 UTC 2026","passed","Thu Sep 24 19:00:59 UTC 2026","","","",""
"","1140","moderator cannot set blocked key ""participants""","mod_room_metadata_component","Thu Sep 24 19:03:43 UTC 2026","passed","Thu Sep 24 19:03:44 UTC 2026","","blocked keys","",""
"","0","updates isSilent state","SpeakerStats","Thu Sep 24 19:00:08 UTC 2026","passed","Thu Sep 24 19:00:08 UTC 2026","","setDominantSpeaker","",""
"","471","only active rooms appear in census after a room is destroyed","mod_muc_census","Thu Sep 24 19:02:17 UTC 2026","passed","Thu Sep 24 19:02:17 UTC 2026","","","",""
"","5","rejects connection with wrong issuer","mod_auth_token (HS256 shared secret)","Thu Sep 24 19:00:59 UTC 2026","passed","Thu Sep 24 19:00:59 UTC 2026","","","",""
"","0","expired token is rejected","luajwtjitsi","Thu Sep 24 19:00:07 UTC 2026","passed","Thu Sep 24 19:00:07 UTC 2026","claims","verify","",""
"","0","encode then verify returns original payload","luajwtjitsi","Thu Sep 24 19:00:07 UTC 2026","passed","Thu Sep 24 19:00:07 UTC 2026","HS512","verify","",""
"","0","rewrites a multidomain JID to internal [sub]room@muc_domain form","util.lib","Thu Sep 24 19:00:08 UTC 2026","passed","Thu Sep 24 19:00:08 UTC 2026","","room_jid_match_rewrite","",""
"","840","moderator can remove a breakout room and receives an update","mod_muc_breakout_rooms","Thu Sep 24 19:02:12 UTC 2026","passed","Thu Sep 24 19:02:13 UTC 2026","","remove breakout room","",""
"","6","rejects connection with expired token","mod_auth_token (HS256 shared secret)","Thu Sep 24 19:00:59 UTC 2026","passed","Thu Sep 24 19:00:59 UTC 2026","","","",""
"","0","alg mismatch between header and expectedAlgo is rejected","luajwtjitsi","Thu Sep 24 19:00:07 UTC 2026","passed","Thu Sep 24 19:00:07 UTC 2026","claims","verify","",""
"","1072","cached banned token is rejected even when access manager is reset to allow","mod_muc_auth_ban","Thu Sep 24 19:02:04 UTC 2026","passed","Thu Sep 24 19:02:05 UTC 2026","","","",""
"","136","adds <group> inside <identity> when context.group is set","mod_presence_identity","Thu Sep 24 19:03:31 UTC 2026","passed","Thu Sep 24 19:03:32 UTC 2026","","identity injection","",""
"","0","still moderates a message that has aged out of history","mod_muc_message_moderation","Thu Sep 24 19:00:07 UTC 2026","passed","Thu Sep 24 19:00:07 UTC 2026","","moderation role checks","",""
"","186","moderator can end the conference — room is destroyed","mod_end_conference","Thu Sep 24 19:01:13 UTC 2026","passed","Thu Sep 24 19:01:13 UTC 2026","","","",""
"","70","health check room bypasses the occupant limit","mod_muc_max_occupants","Thu Sep 24 19:02:52 UTC 2026","passed","Thu Sep 24 19:02:52 UTC 2026","","","",""
"","132","pre-approved member with display name can join","mod_muc_lobby_rooms","Thu Sep 24 19:02:49 UTC 2026","passed","Thu Sep 24 19:02:49 UTC 2026","","bypass paths","",""
"","2","returns 400 when query string is missing","mod_muc_size","Thu Sep 24 19:03:19 UTC 2026","passed","Thu Sep 24 19:03:19 UTC 2026","","GET /room-size","",""
"","0","wraps bytes with OID tag 0x06","jwk.lib","Thu Sep 24 19:00:07 UTC 2026","passed","Thu Sep 24 19:00:07 UTC 2026","encode_oid","ASN1","",""
"","12","connects successfully with a valid RS256 token","mod_auth_token (ASAP / RS256)","Thu Sep 24 19:00:58 UTC 2026","passed","Thu Sep 24 19:00:58 UTC 2026","","","",""
"","3177","tells a late joiner how far into the meeting it already is","mod_time_restricted","Thu Sep 24 19:04:13 UTC 2026","passed","Thu Sep 24 19:04:16 UTC 2026","","","",""
"","0","preserves pre-existing top-level app_data keys","mod_jibri_session","Thu Sep 24 19:00:07 UTC 2026","passed","Thu Sep 24 19:00:07 UTC 2026","","client-to-jicofo pass (no room attr on jibri element)","",""
"","171","injects <identity> in presence updates (not only on join)","mod_presence_identity","Thu Sep 24 19:03:32 UTC 2026","passed","Thu Sep 24 19:03:32 UTC 2026","","identity injection","",""
"","0","nick containing focus but not ending in /focus returns false","util.lib","Thu Sep 24 19:00:08 UTC 2026","passed","Thu Sep 24 19:00:08 UTC 2026","","is_focus","",""
"","0","returns three empty lists for identical tables","util.lib","Thu Sep 24 19:00:08 UTC 2026","passed","Thu Sep 24 19:00:08 UTC 2026","table_compare","table helpers","",""
"","208","restores the token features when owner changes to outcast","mod_jitsi_permissions","Thu Sep 24 19:01:59 UTC 2026","passed","Thu Sep 24 19:02:00 UTC 2026","","affiliation grant and revoke","",""
"","0","default filename contains pid and starts with data path","mod_debug_traceback","Thu Sep 24 19:00:07 UTC 2026","passed","Thu Sep 24 19:00:07 UTC 2026","","dump_traceback()","",""
"","0","does not match the nested retract of a moderation request","mod_muc_message_moderation","Thu Sep 24 19:00:07 UTC 2026","passed","Thu Sep 24 19:00:07 UTC 2026","","parse_retraction","",""
"","0","returns the target id and reason","mod_muc_message_moderation","Thu Sep 24 19:00:07 UTC 2026","passed","Thu Sep 24 19:00:07 UTC 2026","","parse_moderation_request","",""
"","194","allows join when room has one occupant (under limit)","mod_muc_max_occupants","Thu Sep 24 19:02:52 UTC 2026","passed","Thu Sep 24 19:02:52 UTC 2026","","","",""
"","81","returns 200 when connectionJIDs contains a JID not in the room (no occupancy validation)","mod_system_chat_message","Thu Sep 24 19:04:13 UTC 2026","passed","Thu Sep 24 19:04:13 UTC 2026","","message delivery","",""
"","22","serves entries from external_services config (port 3479)","mod_turncredentials_http","Thu Sep 24 19:04:31 UTC 2026","passed","Thu Sep 24 19:04:31 UTC 2026","","extdisco IQ (via external_services)","",""
"","0","returns true when string equals prefix exactly","util.lib","Thu Sep 24 19:00:08 UTC 2026","passed","Thu Sep 24 19:00:08 UTC 2026","","starts_with","",""
"","0","reports modified values","util.lib","Thu Sep 24 19:00:08 UTC 2026","passed","Thu Sep 24 19:00:08 UTC 2026","table_compare","table helpers","",""
"","0","nbf in the future is rejected","luajwtjitsi","Thu Sep 24 19:00:07 UTC 2026","passed","Thu Sep 24 19:00:07 UTC 2026","claims","verify","",""
"","437","passes IQ when features.outbound-call = true","mod_filter_iq_rayo (feature-based authorization)","Thu Sep 24 19:01:42 UTC 2026","passed","Thu Sep 24 19:01:43 UTC 2026","","outbound-call (dial to non-transcribe address)","",""
"","120","survives context.user keys that contain XML-special characters","mod_presence_identity","Thu Sep 24 19:03:32 UTC 2026","passed","Thu Sep 24 19:03:32 UTC 2026","","malformed JWT context.user keys","",""
"","185","moderator can set a non-blocked key","mod_room_metadata_component","Thu Sep 24 19:03:50 UTC 2026","passed","Thu Sep 24 19:03:50 UTC 2026","","blocked keys","",""
"","0","exact match returns true","luajwtjitsi","Thu Sep 24 19:00:07 UTC 2026","passed","Thu Sep 24 19:00:07 UTC 2026","verify_claim","internals","",""
"","0","missing iss claim when acceptedIssuers provided is rejected","luajwtjitsi","Thu Sep 24 19:00:07 UTC 2026","passed","Thu Sep 24 19:00:07 UTC 2026","issuer","verify","",""
"","438","allows the first transcription dial in a room","mod_filter_iq_rayo (feature-based authorization)","Thu Sep 24 19:01:47 UTC 2026","passed","Thu Sep 24 19:01:47 UTC 2026","","transcription per-room throttle","",""
"","0","wraps with BIT STRING tag (0x03) and prepends unused-bits byte (0x00)","jwk.lib","Thu Sep 24 19:00:07 UTC 2026","passed","Thu Sep 24 19:00:07 UTC 2026","encode_bit_string","ASN1","",""
"","0","tags with 0x02 and does not pad when high bit is clear","jwk.lib","Thu Sep 24 19:00:07 UTC 2026","passed","Thu Sep 24 19:00:07 UTC 2026","encode_integer","ASN1","",""
"","0","silently ignores invalid JSON in app_data (cjson.safe: returns nil, no throw)","mod_jibri_session","Thu Sep 24 19:00:07 UTC 2026","passed","Thu Sep 24 19:00:07 UTC 2026","","malformed app_data","",""
"","73","returns 403 when a login token is used instead of a system token","mod_muc_kick_participant","Thu Sep 24 19:02:44 UTC 2026","passed","Thu Sep 24 19:02:44 UTC 2026","","authentication","",""
"","0","passes stanza through unchanged when skipMapping is true","mod_muc_domain_mapper","Thu Sep 24 19:00:07 UTC 2026","passed","Thu Sep 24 19:00:07 UTC 2026","skipped stanzas","filter_stanza","",""
"","181","two clients in the same subdomain room receive each other's presence","mod_muc_domain_mapper","Thu Sep 24 19:02:36 UTC 2026","passed","Thu Sep 24 19:02:36 UTC 2026","","occupant presence exchange","",""
"","0","returns truthy for jibrib@ prefixed JID string","util.lib","Thu Sep 24 19:00:08 UTC 2026","passed","Thu Sep 24 19:00:08 UTC 2026","","is_jibri","",""
"","0","returns NULL tag (0x05) with zero length","jwk.lib","Thu Sep 24 19:00:07 UTC 2026","passed","Thu Sep 24 19:00:07 UTC 2026","encode_null","ASN1","",""
"","71","returns 403 when Authorization header is absent","mod_muc_kick_participant","Thu Sep 24 19:02:44 UTC 2026","passed","Thu Sep 24 19:02:44 UTC 2026","","authentication","",""
"","435","blocks stop IQ when context.features present but livestreaming key absent","mod_filter_iq_jibri (feature-based authorization)","Thu Sep 24 19:01:37 UTC 2026","passed","Thu Sep 24 19:01:37 UTC 2026","","livestreaming (recording_mode=stream)","",""
"","0","returns nil for an unknown id","mod_muc_message_moderation","Thu Sep 24 19:00:07 UTC 2026","passed","Thu Sep 24 19:00:07 UTC 2026","","find_history_entry","",""
"","526","VPaaS user is allowed when access manager returns access=true","mod_muc_auth_ban","Thu Sep 24 19:02:03 UTC 2026","passed","Thu Sep 24 19:02:03 UTC 2026","","","",""
"","0","returns false when feature is absent from table","util.lib","Thu Sep 24 19:00:08 UTC 2026","passed","Thu Sep 24 19:00:08 UTC 2026","","is_feature_allowed","",""
"","437","blocks start IQ when token has no context.features (non-moderator fallback)","mod_filter_iq_jibri (feature-based authorization)","Thu Sep 24 19:01:31 UTC 2026","passed","Thu Sep 24 19:01:32 UTC 2026","","recording (recording_mode=file)","",""
"","0","returns nil subdomain for a hyphenated-prefix host (regression: unescaped dot)","util.lib","Thu Sep 24 19:00:08 UTC 2026","passed","Thu Sep 24 19:00:08 UTC 2026","","room_jid_split_subdomain","",""
"","1140","moderator cannot set blocked key ""moderators""","mod_room_metadata_component","Thu Sep 24 19:03:42 UTC 2026","passed","Thu Sep 24 19:03:43 UTC 2026","","blocked keys","",""
"","135","non-whitelisted client is rejected when joining without password","mod_muc_password_whitelist","Thu Sep 24 19:02:58 UTC 2026","passed","Thu Sep 24 19:02:58 UTC 2026","","","",""
"","0","does not rewrite a JID whose host uses a hyphen after the prefix (regression)","util.lib","Thu Sep 24 19:00:08 UTC 2026","passed","Thu Sep 24 19:00:08 UTC 2026","","room_jid_match_rewrite","",""
"","0","sets initiator.group from jitsi_meet_context_group","mod_jibri_session","Thu Sep 24 19:00:07 UTC 2026","passed","Thu Sep 24 19:00:07 UTC 2026","","client-to-jicofo pass (no room attr on jibri element)","",""
"","0","rewrites an internal [sub]room JID back to pretty conference.sub.base/room form","util.lib","Thu Sep 24 19:00:08 UTC 2026","passed","Thu Sep 24 19:00:08 UTC 2026","","internal_room_jid_match_rewrite","",""
"","0","removes the entry for a retraction forwarded from main","mod_muc_message_moderation","Thu Sep 24 19:00:08 UTC 2026","passed","Thu Sep 24 19:00:08 UTC 2026","","visitor node history","",""
"","10593","destroys the room with a friendly time-limit reason and blocks re-creation","mod_time_restricted","Thu Sep 24 19:04:16 UTC 2026","passed","Thu Sep 24 19:04:27 UTC 2026","","","",""
"","1248","does not send broadcast back to sender","mod_filesharing_component","Thu Sep 24 19:01:15 UTC 2026","passed","Thu Sep 24 19:01:16 UTC 2026","","add file","",""
"","0","returns nil when searching for nil","util.lib","Thu Sep 24 19:00:08 UTC 2026","passed","Thu Sep 24 19:00:08 UTC 2026","table_find","table helpers","",""
"","0","rejects a correction from someone who is not the author","mod_muc_message_moderation","Thu Sep 24 19:00:07 UTC 2026","passed","Thu Sep 24 19:00:07 UTC 2026","","correction author checks","",""
"","0","recognises inbound-sip-jibri@ prefix","util.lib","Thu Sep 24 19:00:08 UTC 2026","passed","Thu Sep 24 19:00:08 UTC 2026","","get_sip_jibri_email_prefix","",""
"","195","revoking an affiliation is rejected with forbidden","mod_muc_allowners","Thu Sep 24 19:02:02 UTC 2026","passed","Thu Sep 24 19:02:02 UTC 2026","","non-moderated room","",""
"","0","returns false for nil","util.lib","Thu Sep 24 19:00:08 UTC 2026","passed","Thu Sep 24 19:00:08 UTC 2026","","is_focus_jid","",""
"","0","registers the checking handler","mod_muc_message_moderation","Thu Sep 24 19:00:08 UTC 2026","passed","Thu Sep 24 19:00:08 UTC 2026","","registration on the main prosody","",""
"","0","host is audience value","mod_short_lived_token","Thu Sep 24 19:00:08 UTC 2026","passed","Thu Sep 24 19:00:08 UTC 2026","valid request service entry","external_service/credentials handler","",""
"","441","sanitises CRLF in JWT user-id when building the initiator header","mod_filter_iq_rayo — CRLF escaping in re-serialized headers","Thu Sep 24 19:03:32 UTC 2026","passed","Thu Sep 24 19:03:33 UTC 2026","","","",""
"","8","sends an unsolicited message with a disco#info query on connect","mod_jiconop","Thu Sep 24 19:01:57 UTC 2026","passed","Thu Sep 24 19:01:57 UTC 2026","","","",""
"","216","advertises an audio-translation component identity on the main host","mod_audio_translation_component","Thu Sep 24 19:00:28 UTC 2026","passed","Thu Sep 24 19:00:28 UTC 2026","","disco identity","",""
"","0","relays a retraction when the room has no history at all","mod_muc_message_moderation","Thu Sep 24 19:00:07 UTC 2026","passed","Thu Sep 24 19:00:07 UTC 2026","","retraction","",""
"","309","sender with send-private-message=false is blocked when privateChatRestricted is true","mod_filter_messages private messages","Thu Sep 24 19:01:55 UTC 2026","passed","Thu Sep 24 19:01:56 UTC 2026","","","",""
"","0","username is token","mod_short_lived_token","Thu Sep 24 19:00:08 UTC 2026","passed","Thu Sep 24 19:00:08 UTC 2026","valid request service entry","external_service/credentials handler","",""
"","139","moderator token holder is blocked by lobby, not bypassed by affiliation grant","mod_muc_lobby_rooms","Thu Sep 24 19:02:50 UTC 2026","passed","Thu Sep 24 19:02:50 UTC 2026","","token_affiliation interaction","",""
"","0","iss is set to configured issuer","mod_short_lived_token","Thu Sep 24 19:00:08 UTC 2026","passed","Thu Sep 24 19:00:08 UTC 2026","","generateToken payload","",""
"","0","meeting_id taken from room._data.meetingId","mod_short_lived_token","Thu Sep 24 19:00:08 UTC 2026","passed","Thu Sep 24 19:00:08 UTC 2026","","generateToken payload","",""
"","0","aud is set to requested audience","mod_short_lived_token","Thu Sep 24 19:00:08 UTC 2026","passed","Thu Sep 24 19:00:08 UTC 2026","","generateToken payload","",""
"","657","clears the map (stops translation) when disabled, and restores it when re-enabled","mod_audio_translation_component","Thu Sep 24 19:00:33 UTC 2026","passed","Thu Sep 24 19:00:34 UTC 2026","","enabled flag","",""
"","1128","does not send broadcast to admin (focus)","mod_filesharing_component","Thu Sep 24 19:01:16 UTC 2026","passed","Thu Sep 24 19:01:17 UTC 2026","","add file","",""
"","639","a ban by jid is rejected even when a mismatched nick is also present","mod_muc_meeting_id","Thu Sep 24 19:02:54 UTC 2026","passed","Thu Sep 24 19:02:55 UTC 2026","","set admin filtering","",""
"","0","empty list returns false","luajwtjitsi","Thu Sep 24 19:00:07 UTC 2026","passed","Thu Sep 24 19:00:07 UTC 2026","verify_claim","internals","",""
"","137","returns 401 when Authorization header is absent","mod_muc_end_meeting","Thu Sep 24 19:02:38 UTC 2026","passed","Thu Sep 24 19:02:38 UTC 2026","","authentication","",""
"","0","does not route to occupants belonging to another node","mod_muc_message_moderation","Thu Sep 24 19:00:07 UTC 2026","passed","Thu Sep 24 19:00:07 UTC 2026","","visitor node history","",""
"","0","returns false for a room on the wrong MUC domain","util.lib","Thu Sep 24 19:00:08 UTC 2026","passed","Thu Sep 24 19:00:08 UTC 2026","","is_vpaas","",""
"","0","does not touch stanzas with no <conference> child","mod_muc_domain_mapper","Thu Sep 24 19:00:07 UTC 2026","passed","Thu Sep 24 19:00:07 UTC 2026","iq stanzas","filter_stanza","",""
"","188","strips flip_device tag from guest (no JWT context)","mod_muc_flip","Thu Sep 24 19:02:41 UTC 2026","passed","Thu Sep 24 19:02:41 UTC 2026","","flip_device tag stripping","",""
"","0","recognises outbound-sip-jibri@ prefix","util.lib","Thu Sep 24 19:00:08 UTC 2026","passed","Thu Sep 24 19:00:08 UTC 2026","","get_sip_jibri_email_prefix","",""
"","181","message with non-string key does not corrupt room state","mod_room_metadata_component","Thu Sep 24 19:04:12 UTC 2026","passed","Thu Sep 24 19:04:12 UTC 2026","","invalid payloads","",""
"","0","returns nil subdomain for a non-multidomain MUC JID","util.lib","Thu Sep 24 19:00:08 UTC 2026","passed","Thu Sep 24 19:00:08 UTC 2026","","room_jid_split_subdomain","",""
"","0","wrong audience is rejected","luajwtjitsi","Thu Sep 24 19:00:07 UTC 2026","passed","Thu Sep 24 19:00:07 UTC 2026","audience","verify","",""
"","56","a regular user cannot create a room by joining first","mod_muc_meeting_id","Thu Sep 24 19:02:54 UTC 2026","passed","Thu Sep 24 19:02:54 UTC 2026","","jicofo lock","",""
"","187","moderator startmuted presence updates metadata and broadcasts","mod_room_metadata_component","Thu Sep 24 19:03:52 UTC 2026","passed","Thu Sep 24 19:03:52 UTC 2026","","startMuted presence shim","",""
"","827","ignores a message with no <audio-translation> child","mod_audio_translation_component","Thu Sep 24 19:00:28 UTC 2026","passed","Thu Sep 24 19:00:29 UTC 2026","","routing and parsing","",""
"","0","marks the broadcast no-store so it never enters history","mod_muc_message_moderation","Thu Sep 24 19:00:07 UTC 2026","passed","Thu Sep 24 19:00:07 UTC 2026","","moderation by a moderator","",""
"","11","session count increases when a client connects","mod_muc_size","Thu Sep 24 19:03:20 UTC 2026","passed","Thu Sep 24 19:03:20 UTC 2026","","GET /sessions","",""
"","0","removes the history entry for the author","mod_muc_message_moderation","Thu Sep 24 19:00:07 UTC 2026","passed","Thu Sep 24 19:00:07 UTC 2026","","retraction","",""
"","1130","moderator cannot set blocked key ""services""","mod_room_metadata_component","Thu Sep 24 19:03:45 UTC 2026","passed","Thu Sep 24 19:03:46 UTC 2026","","blocked keys","",""
"","0","handles host-only JID (no node) — stores id in roomless_iqs and rewrites host","util.lib","Thu Sep 24 19:00:08 UTC 2026","passed","Thu Sep 24 19:00:08 UTC 2026","","room_jid_match_rewrite","",""
"","696","does not broadcast when the resulting aggregate is unchanged","mod_audio_translation_component","Thu Sep 24 19:00:40 UTC 2026","passed","Thu Sep 24 19:00:41 UTC 2026","","delta semantics","",""
"","75","anonymous guest creates the room and is admitted despite no host present","mod_muc_wait_for_host","Thu Sep 24 19:03:20 UTC 2026","passed","Thu Sep 24 19:03:20 UTC 2026","","room does not exist yet","",""
"","0","default filename embeds count (starting at 0)","mod_debug_traceback","Thu Sep 24 19:00:07 UTC 2026","passed","Thu Sep 24 19:00:07 UTC 2026","","dump_traceback()","",""
"","435","blocks IQ when features.outbound-call = false","mod_filter_iq_rayo (feature-based authorization)","Thu Sep 24 19:01:43 UTC 2026","passed","Thu Sep 24 19:01:43 UTC 2026","","outbound-call (dial to non-transcribe address)","",""
"","926","rejects a new subscription that would exceed the limit","mod_audio_translation_component","Thu Sep 24 19:00:41 UTC 2026","passed","Thu Sep 24 19:00:42 UTC 2026","","per-receiver limit (3)","",""
"","0","passes non-message/iq/presence stanzas through unchanged","mod_muc_domain_mapper","Thu Sep 24 19:00:07 UTC 2026","passed","Thu Sep 24 19:00:07 UTC 2026","skipped stanzas","filter_stanza","",""
"","0","wraps DER bytes in PEM format with default PUBLIC KEY label","jwk.lib","Thu Sep 24 19:00:07 UTC 2026","passed","Thu Sep 24 19:00:07 UTC 2026","der_to_pem","ASN1","",""
"","120","non-subdomain room still works after mapper is loaded","mod_muc_domain_mapper","Thu Sep 24 19:02:36 UTC 2026","passed","Thu Sep 24 19:02:36 UTC 2026","","subdomain room join","",""
"","426","blocks STOP (recording_mode=file) when features.recording = false","mod_filter_iq_jibri (feature-based authorization)","Thu Sep 24 19:01:39 UTC 2026","passed","Thu Sep 24 19:01:40 UTC 2026","","attribute case normalisation","",""
"","344","groupChatRestricted alone does not block a private message","mod_filter_messages private messages","Thu Sep 24 19:01:56 UTC 2026","passed","Thu Sep 24 19:01:57 UTC 2026","","","",""
"","0","hooks muc-config-form","mod_muc_message_moderation","Thu Sep 24 19:00:07 UTC 2026","passed","Thu Sep 24 19:00:07 UTC 2026","","registration","",""
"","0","keeps the original id and author on the tombstone","mod_muc_message_moderation","Thu Sep 24 19:00:07 UTC 2026","passed","Thu Sep 24 19:00:07 UTC 2026","","moderation by a moderator","",""
"","659","messages blocked by filter_messages do not count toward the cap","mod_muc_limit_messages","Thu Sep 24 19:02:48 UTC 2026","passed","Thu Sep 24 19:02:49 UTC 2026","","","",""
"","234","broadcasts when value changes","mod_room_metadata_component","Thu Sep 24 19:03:51 UTC 2026","passed","Thu Sep 24 19:03:51 UTC 2026","","value deduplication","",""
"","140","accepts the same regex room claim on a host where patterns are enabled","mod_auth_token (ASAP / RS256)","Thu Sep 24 19:00:59 UTC 2026","passed","Thu Sep 24 19:00:59 UTC 2026","","","",""
"","532","rejects a request whose target sender is not a current occupant","mod_audio_translation_component","Thu Sep 24 19:00:37 UTC 2026","passed","Thu Sep 24 19:00:37 UTC 2026","","validation (whole-stanza atomicity)","",""
"","1125","error-type message is ignored without triggering a reply","mod_filesharing_component","Thu Sep 24 19:01:26 UTC 2026","passed","Thu Sep 24 19:01:27 UTC 2026","","invalid payloads","",""
"","0","matches against a plain table of prefixes","util.lib","Thu Sep 24 19:00:08 UTC 2026","passed","Thu Sep 24 19:00:08 UTC 2026","","starts_with_one_of","",""
"","1255","recording with only unrecognized fields falls through to the default moderator check","mod_room_metadata_component","Thu Sep 24 19:04:00 UTC 2026","passed","Thu Sep 24 19:04:02 UTC 2026","","allow-moderation hook (mod_filter_iq_rayo interop)","",""
"","350","exposes the request map to jicofo but not to regular clients","mod_audio_translation_component","Thu Sep 24 19:00:48 UTC 2026","passed","Thu Sep 24 19:00:49 UTC 2026","","aggregation across receivers","",""
"","370","rewrites the traceparent parent_id and exports a span for a conference-modify IQ","mod_trace","Thu Sep 24 19:04:31 UTC 2026","passed","Thu Sep 24 19:04:31 UTC 2026","","when otlp_endpoint is set","",""
"","71","returns { valid: false } when submitted passcode does not match","mod_muc_password_check","Thu Sep 24 19:02:58 UTC 2026","passed","Thu Sep 24 19:02:58 UTC 2026","","PUT passcode validation","",""
"","0","registers only the visitor node hook, above mod_fmuc","mod_muc_message_moderation","Thu Sep 24 19:00:07 UTC 2026","passed","Thu Sep 24 19:00:07 UTC 2026","","registration","",""
"","2249","cancels the destroy timer when a regular user joins after timer starts","mod_muc_cleanup_backend_services","Thu Sep 24 19:02:24 UTC 2026","passed","Thu Sep 24 19:02:27 UTC 2026","","","",""
"","0","does not rewrite a JID whose host uses an arbitrary non-dot separator after the prefix","util.lib","Thu Sep 24 19:00:08 UTC 2026","passed","Thu Sep 24 19:00:08 UTC 2026","","room_jid_match_rewrite","",""
"","295","moderator recipient receives full presence with identity intact","mod_muc_displayname — hideDisplayNameForGuests","Thu Sep 24 19:02:34 UTC 2026","passed","Thu Sep 24 19:02:35 UTC 2026","","","",""
"","0","ignores apply-to without a moderated child","mod_muc_message_moderation","Thu Sep 24 19:00:07 UTC 2026","passed","Thu Sep 24 19:00:07 UTC 2026","","parse_moderation_request","",""
"","188","lets a moderator enable the feature","mod_audio_translation_component","Thu Sep 24 19:00:49 UTC 2026","passed","Thu Sep 24 19:00:49 UTC 2026","","enable-flag write gating (live-translation)","",""
"","0","leaks no raw CR or LF bytes in the serialized stanza","Rayo dial IQ header CRLF escaping [in-file reference serializer]","Thu Sep 24 19:00:08 UTC 2026","passed","Thu Sep 24 19:00:08 UTC 2026","","","",""
"","0","returns false for a host-only JID (no node)","util.lib","Thu Sep 24 19:00:08 UTC 2026","passed","Thu Sep 24 19:00:08 UTC 2026","","is_focus_jid","",""
"","0","ignores a non-groupchat stanza","mod_muc_message_moderation","Thu Sep 24 19:00:07 UTC 2026","passed","Thu Sep 24 19:00:07 UTC 2026","","visitor node history","",""
"","0","non-string key returns error","luajwtjitsi","Thu Sep 24 19:00:07 UTC 2026","passed","Thu Sep 24 19:00:07 UTC 2026","argument validation","encode","",""
"","135","affiliation='teacher'","mod_token_affiliation","Thu Sep 24 19:04:29 UTC 2026","passed","Thu Sep 24 19:04:29 UTC 2026","","moderator claim variants that grant owner/moderator","",""
"","68","lobby room JID is advertised in room disco info after enable","mod_muc_lobby_rooms","Thu Sep 24 19:02:49 UTC 2026","passed","Thu Sep 24 19:02:50 UTC 2026","","lifecycle","",""
"","427","blocks start IQ when token has no context.features (non-moderator fallback)","mod_filter_iq_jibri (feature-based authorization)","Thu Sep 24 19:01:35 UTC 2026","passed","Thu Sep 24 19:01:36 UTC 2026","","livestreaming (recording_mode=stream)","",""
"","180","a group chat message to the room is delivered","mod_filter_direct_messages","Thu Sep 24 19:01:29 UTC 2026","passed","Thu Sep 24 19:01:30 UTC 2026","","","",""
"","4053","queued joins arrive in order (each after the previous)","mod_muc_rate_limit","Thu Sep 24 19:03:02 UTC 2026","passed","Thu Sep 24 19:03:06 UTC 2026","","join rate limiting","",""
"","1127","message with null ""data"" is ignored","mod_room_metadata_component","Thu Sep 24 19:04:11 UTC 2026","passed","Thu Sep 24 19:04:12 UTC 2026","","invalid payloads","",""
"","0","copies all key-value pairs","util.lib","Thu Sep 24 19:00:08 UTC 2026","passed","Thu Sep 24 19:00:08 UTC 2026","table_shallow_copy","table helpers","",""
"","0","nbf is approximately now","mod_short_lived_token","Thu Sep 24 19:00:08 UTC 2026","passed","Thu Sep 24 19:00:08 UTC 2026","","generateToken payload","",""
"","122","blocks a non-member with 407 registration-required","mod_muc_lobby_rooms","Thu Sep 24 19:02:49 UTC 2026","passed","Thu Sep 24 19:02:49 UTC 2026","","non-member join gate","",""
"","1080","a message to the bare JID of another client is rejected","mod_filter_direct_messages","Thu Sep 24 19:01:28 UTC 2026","passed","Thu Sep 24 19:01:29 UTC 2026","","","",""
"","604","rejects a non-alphabetical language","mod_audio_translation_component","Thu Sep 24 19:00:36 UTC 2026","passed","Thu Sep 24 19:00:36 UTC 2026","","validation (whole-stanza atomicity)","",""
"","0","does not register the visitor node handler","mod_muc_message_moderation","Thu Sep 24 19:00:08 UTC 2026","passed","Thu Sep 24 19:00:08 UTC 2026","","registration on the main prosody","",""
"","131","rejects MUC join with a regex room claim when patterns are disabled","mod_auth_token (ASAP / RS256)","Thu Sep 24 19:00:59 UTC 2026","passed","Thu Sep 24 19:00:59 UTC 2026","","","",""
"","198","granting owner is allowed","mod_muc_allowners","Thu Sep 24 19:02:02 UTC 2026","passed","Thu Sep 24 19:02:02 UTC 2026","","non-moderated room","",""
"","310","moderator with no features in token is allowed when groupChatRestricted is true","mod_filter_messages","Thu Sep 24 19:01:52 UTC 2026","passed","Thu Sep 24 19:01:53 UTC 2026","","","",""
"","0","wildcard in mixed list still matches","luajwtjitsi","Thu Sep 24 19:00:07 UTC 2026","passed","Thu Sep 24 19:00:07 UTC 2026","verify_claim","internals","",""
"","0","sends no error","mod_muc_message_moderation","Thu Sep 24 19:00:07 UTC 2026","passed","Thu Sep 24 19:00:07 UTC 2026","","moderation by a moderator","",""
"","0","stores a correction","mod_muc_message_moderation","Thu Sep 24 19:00:08 UTC 2026","passed","Thu Sep 24 19:00:08 UTC 2026","","skip_history","",""
"","0","relays a retraction of a message that has aged out of history","mod_muc_message_moderation","Thu Sep 24 19:00:07 UTC 2026","passed","Thu Sep 24 19:00:07 UTC 2026","","retraction","",""
"","342","allows a receiver with no token features","mod_audio_translation_component","Thu Sep 24 19:00:34 UTC 2026","passed","Thu Sep 24 19:00:35 UTC 2026","","subscribe authorization (live-translation-subscribe)","",""
"","237","broadcasts a new poll to all occupants","mod_polls_component","Thu Sep 24 19:03:21 UTC 2026","passed","Thu Sep 24 19:03:21 UTC 2026","","poll creation","",""
"","21","sets session.jitsi_meet_context_features from token context","mod_auth_token (HS256 shared secret)","Thu Sep 24 19:00:59 UTC 2026","passed","Thu Sep 24 19:00:59 UTC 2026","","","",""
"","280","messages within the cap are delivered","mod_muc_limit_messages","Thu Sep 24 19:02:45 UTC 2026","passed","Thu Sep 24 19:02:45 UTC 2026","","","",""
"","125","whitelisted domain joins password-protected room without providing password","mod_muc_password_whitelist","Thu Sep 24 19:02:58 UTC 2026","passed","Thu Sep 24 19:02:58 UTC 2026","","","",""
"","137","does not inject permissions for member participant","mod_jitsi_permissions","Thu Sep 24 19:01:57 UTC 2026","passed","Thu Sep 24 19:01:57 UTC 2026","","non-moderator token","",""
"","0","returns false for occupant object with non-recorder JID","util.lib","Thu Sep 24 19:00:08 UTC 2026","passed","Thu Sep 24 19:00:08 UTC 2026","","is_jibri","",""
"","0","adds the room info field to the room config form","mod_muc_message_moderation","Thu Sep 24 19:00:07 UTC 2026","passed","Thu Sep 24 19:00:07 UTC 2026","","capability advertisement","",""
"","73","returns item-not-found error reply for Jibri IQ targeting a non-existent room","mod_filter_iq_jibri (feature-based authorization)","Thu Sep 24 19:01:39 UTC 2026","passed","Thu Sep 24 19:01:39 UTC 2026","","robustness","",""
"","492","sends an empty JSON array when the last listener unsubscribes","mod_audio_translation_component","Thu Sep 24 19:00:55 UTC 2026","passed","Thu Sep 24 19:00:55 UTC 2026","","directed listeners push (translation-listeners)","",""
"","186","flip device bypasses lobby when first device is in main room","mod_muc_flip","Thu Sep 24 19:02:42 UTC 2026","passed","Thu Sep 24 19:02:42 UTC 2026","","lobby interactions","",""
"","191","non-moderator with transcription feature can set recording.isRecordingRequested","mod_room_metadata_component","Thu Sep 24 19:03:55 UTC 2026","passed","Thu Sep 24 19:03:55 UTC 2026","","allow-moderation hook (mod_filter_iq_rayo interop)","",""
"","0","rejects a retraction from a moderator who is not the author","mod_muc_message_moderation","Thu Sep 24 19:00:07 UTC 2026","passed","Thu Sep 24 19:00:07 UTC 2026","","retraction","",""
"","58","a message to a MUC on another server is not rejected by this module","mod_filter_direct_messages","Thu Sep 24 19:01:30 UTC 2026","passed","Thu Sep 24 19:01:30 UTC 2026","","","",""
"","208","JWT host is promoted and may revoke affiliations","mod_muc_allowners","Thu Sep 24 19:02:02 UTC 2026","passed","Thu Sep 24 19:02:03 UTC 2026","","moderated room","",""
"","244","private message is delivered when privateChatRestricted is not set","mod_filter_messages private messages","Thu Sep 24 19:01:54 UTC 2026","passed","Thu Sep 24 19:01:54 UTC 2026","","","",""
"","0","returns the matched prefix value (table)","util.lib","Thu Sep 24 19:00:08 UTC 2026","passed","Thu Sep 24 19:00:08 UTC 2026","","starts_with_one_of","",""
"","994","rejects a delta whose net result exceeds the limit","mod_audio_translation_component","Thu Sep 24 19:00:43 UTC 2026","passed","Thu Sep 24 19:00:44 UTC 2026","","per-receiver limit (3)","",""
"","816","coalesces a burst of deltas into a single broadcast","mod_audio_translation_component","Thu Sep 24 19:00:52 UTC 2026","passed","Thu Sep 24 19:00:53 UTC 2026","","debounce","",""
"","0","ignores a plain body message","mod_muc_message_moderation","Thu Sep 24 19:00:07 UTC 2026","passed","Thu Sep 24 19:00:07 UTC 2026","","parse_retraction","",""
"","0","ignores apply-to without an id","mod_muc_message_moderation","Thu Sep 24 19:00:07 UTC 2026","passed","Thu Sep 24 19:00:07 UTC 2026","","parse_moderation_request","",""
"","133","created_timestamp is set once a second occupant joins","mod_conference_duration","Thu Sep 24 19:01:13 UTC 2026","passed","Thu Sep 24 19:01:13 UTC 2026","","","",""
"","1189","an oversized payload is rejected","mod_polls_component","Thu Sep 24 19:03:29 UTC 2026","passed","Thu Sep 24 19:03:30 UTC 2026","","validation","",""
"","132","blocks join when token room claim does not match the room","mod_token_verification","Thu Sep 24 19:04:29 UTC 2026","passed","Thu Sep 24 19:04:29 UTC 2026","","join access control","",""
"","0","converts a JWK with high-bit modulus (requires 0x00 padding) to PEM","jwk.lib","Thu Sep 24 19:00:07 UTC 2026","passed","Thu Sep 24 19:00:07 UTC 2026","","jwk_to_pem","",""
"","0","splits three segments correctly","luajwtjitsi","Thu Sep 24 19:00:07 UTC 2026","passed","Thu Sep 24 19:00:07 UTC 2026","split_token","internals","",""
"","125","sets no features on session for non-moderator without token features","mod_jitsi_permissions","Thu Sep 24 19:02:01 UTC 2026","passed","Thu Sep 24 19:02:01 UTC 2026","","session features (via HTTP)","",""
"","0","routes the moderation to the occupants of this node","mod_muc_message_moderation","Thu Sep 24 19:00:07 UTC 2026","passed","Thu Sep 24 19:00:07 UTC 2026","","visitor node history","",""
"","0","produces a single element when delimiter is absent","util.lib","Thu Sep 24 19:00:08 UTC 2026","passed","Thu Sep 24 19:00:08 UTC 2026","","split_string","",""
"","529","rejects a JSON payload that is not an object","mod_audio_translation_component","Thu Sep 24 19:00:30 UTC 2026","passed","Thu Sep 24 19:00:31 UTC 2026","","routing and parsing","",""
"","74","created_timestamp is absent before a second occupant joins","mod_conference_duration","Thu Sep 24 19:01:12 UTC 2026","passed","Thu Sep 24 19:01:13 UTC 2026","","","",""
"","0","returns error or throws for token with invalid base64 header","luajwtjitsi","Thu Sep 24 19:00:07 UTC 2026","passed","Thu Sep 24 19:00:07 UTC 2026","parse_token","internals","",""
"","0","nick ending in /focus returns true","util.lib","Thu Sep 24 19:00:08 UTC 2026","passed","Thu Sep 24 19:00:08 UTC 2026","","is_focus","",""
"","1175","answer-poll with non-boolean answers is ignored","mod_polls_component","Thu Sep 24 19:03:27 UTC 2026","passed","Thu Sep 24 19:03:28 UTC 2026","","validation","",""
"","438","blocks Stop (recording_mode=file) when features.recording = false","mod_filter_iq_jibri (feature-based authorization)","Thu Sep 24 19:01:40 UTC 2026","passed","Thu Sep 24 19:01:41 UTC 2026","","attribute case normalisation","",""
"","1651","ignores a token for another room while the session sits in a breakout room","mod_auth_token (claims on XEP-0198 resumption)","Thu Sep 24 19:01:05 UTC 2026","passed","Thu Sep 24 19:01:07 UTC 2026","","","",""
"","0","returns false for JID whose node contains but is not exactly focus","util.lib","Thu Sep 24 19:00:08 UTC 2026","passed","Thu Sep 24 19:00:08 UTC 2026","","is_focus_jid","",""
"","0","returns nil for nil email","util.lib","Thu Sep 24 19:00:08 UTC 2026","passed","Thu Sep 24 19:00:08 UTC 2026","","get_sip_jibri_email_prefix","",""
"","260","JWT host arriving after lobby is triggered opens the room for new guests","mod_muc_wait_for_host","Thu Sep 24 19:03:20 UTC 2026","passed","Thu Sep 24 19:03:20 UTC 2026","","","",""
"","0","returns nil when the room has no history","mod_muc_message_moderation","Thu Sep 24 19:00:07 UTC 2026","passed","Thu Sep 24 19:00:07 UTC 2026","","find_history_entry","",""
"","16","rejects connection with wrong secret","mod_auth_token (HS256 shared secret)","Thu Sep 24 19:00:59 UTC 2026","passed","Thu Sep 24 19:00:59 UTC 2026","","","",""
"","0","recognises sipjibrioutb@ prefix","util.lib","Thu Sep 24 19:00:08 UTC 2026","passed","Thu Sep 24 19:00:08 UTC 2026","","get_sip_jibri_email_prefix","",""
"","7","GET returns 404 when room does not exist","mod_muc_password_check","Thu Sep 24 19:02:57 UTC 2026","passed","Thu Sep 24 19:02:57 UTC 2026","","room lookup","",""
"","0","is not dominant speaker","SpeakerStats","Thu Sep 24 19:00:08 UTC 2026","passed","Thu Sep 24 19:00:08 UTC 2026","","initial state","",""
"","0","returns false for nil prefixes","util.lib","Thu Sep 24 19:00:08 UTC 2026","passed","Thu Sep 24 19:00:08 UTC 2026","","starts_with_one_of","",""
"","255","history message contains <display-name> from nick for anonymous sender","mod_muc_displayname — message display-name handling","Thu Sep 24 19:02:35 UTC 2026","passed","Thu Sep 24 19:02:36 UTC 2026","","","",""
"","0","returns false for a room without a tenant bracket prefix","util.lib","Thu Sep 24 19:00:08 UTC 2026","passed","Thu Sep 24 19:00:08 UTC 2026","","is_vpaas","",""
"","0","output begins and ends with correct PEM markers","jwk.lib","Thu Sep 24 19:00:07 UTC 2026","passed","Thu Sep 24 19:00:07 UTC 2026","","jwk_to_pem","",""
"","293","anonymous sender is blocked when groupChatRestricted is true","mod_filter_messages","Thu Sep 24 19:01:52 UTC 2026","passed","Thu Sep 24 19:01:52 UTC 2026","","","",""
"","0","fires event before attempting file write (even on io failure)","mod_debug_traceback","Thu Sep 24 19:00:07 UTC 2026","passed","Thu Sep 24 19:00:07 UTC 2026","","dump_traceback()","",""
"","0","key passed to jwt.encode is the key read from key_path","mod_short_lived_token","Thu Sep 24 19:00:08 UTC 2026","passed","Thu Sep 24 19:00:08 UTC 2026","","generateToken payload","",""
"","10","sets session.previd from ?previd query param","mod_jitsi_session","Thu Sep 24 19:02:01 UTC 2026","passed","Thu Sep 24 19:02:01 UTC 2026","","","",""
"","0","ignores an IQ with no jibri child","mod_jibri_session","Thu Sep 24 19:00:07 UTC 2026","passed","Thu Sep 24 19:00:07 UTC 2026","","non-matching stanzas pass through unchanged","",""
"","0","wildcard '*' matches any value","luajwtjitsi","Thu Sep 24 19:00:07 UTC 2026","passed","Thu Sep 24 19:00:07 UTC 2026","verify_claim","internals","",""
"","0","broadcasts the moderation from the room jid","mod_muc_message_moderation","Thu Sep 24 19:00:07 UTC 2026","passed","Thu Sep 24 19:00:07 UTC 2026","","moderation by a moderator","",""
"","2","returns 404 when room does not exist","mod_muc_size","Thu Sep 24 19:03:19 UTC 2026","passed","Thu Sep 24 19:03:19 UTC 2026","","GET /room","",""
"","0","ignores a jibri IQ with action 'stop'","mod_jibri_session","Thu Sep 24 19:00:07 UTC 2026","passed","Thu Sep 24 19:00:07 UTC 2026","","non-matching stanzas pass through unchanged","",""
"","451","passes start IQ when features.recording = true","mod_filter_iq_jibri (feature-based authorization)","Thu Sep 24 19:01:30 UTC 2026","passed","Thu Sep 24 19:01:31 UTC 2026","","recording (recording_mode=file)","",""
"","0","returns false for nil string","util.lib","Thu Sep 24 19:00:08 UTC 2026","passed","Thu Sep 24 19:00:08 UTC 2026","","starts_with","",""
"","0","returns true for empty prefix","util.lib","Thu Sep 24 19:00:08 UTC 2026","passed","Thu Sep 24 19:00:08 UTC 2026","","starts_with","",""
"","4","returns 400 when conference param is missing","mod_muc_end_meeting","Thu Sep 24 19:02:38 UTC 2026","passed","Thu Sep 24 19:02:38 UTC 2026","","parameter validation","",""
"","0","wrong issuer is rejected","luajwtjitsi","Thu Sep 24 19:00:07 UTC 2026","passed","Thu Sep 24 19:00:07 UTC 2026","issuer","verify","",""
"","0","leaves the history entry for the original alone","mod_muc_message_moderation","Thu Sep 24 19:00:07 UTC 2026","passed","Thu Sep 24 19:00:07 UTC 2026","","correction by the author","",""
"","146","non-occupant disco#info returns <forbidden>","mod_muc_hide_all","Thu Sep 24 19:02:43 UTC 2026","passed","Thu Sep 24 19:02:43 UTC 2026","","when module is enabled","",""
"","0","returns false for a regular user JID","util.lib","Thu Sep 24 19:00:08 UTC 2026","passed","Thu Sep 24 19:00:08 UTC 2026","","is_transcriber","",""
"","12","sets session.jitsi_meet_context_user.id from top-level user_id when context is absent","mod_auth_token (ASAP / RS256)","Thu Sep 24 19:00:58 UTC 2026","passed","Thu Sep 24 19:00:58 UTC 2026","","","",""
"","0","affiliation='moderator' sets owner","mod_token_affiliation","Thu Sep 24 19:00:08 UTC 2026","passed","Thu Sep 24 19:00:08 UTC 2026","","affiliation assignment","",""
"","28","allows any username with the correct secret","mod_auth_jitsi-shared-secret","Thu Sep 24 19:00:58 UTC 2026","passed","Thu Sep 24 19:00:58 UTC 2026","","","",""
"","0","returns false for a regular user JID","util.lib","Thu Sep 24 19:00:08 UTC 2026","passed","Thu Sep 24 19:00:08 UTC 2026","","is_focus_jid","",""
"","0","ignores a jibri IQ with no action attribute","mod_jibri_session","Thu Sep 24 19:00:07 UTC 2026","passed","Thu Sep 24 19:00:07 UTC 2026","","non-matching stanzas pass through unchanged","",""
"","184","anonymous participants are promoted to owner on join","mod_muc_allowners","Thu Sep 24 19:02:01 UTC 2026","passed","Thu Sep 24 19:02:02 UTC 2026","","non-moderated room","",""
"","181","kicks the old device when the same user joins from a new device","mod_muc_flip","Thu Sep 24 19:02:41 UTC 2026","passed","Thu Sep 24 19:02:41 UTC 2026","","flip","",""
"","0","honours a second correction the same way","mod_muc_message_moderation","Thu Sep 24 19:00:07 UTC 2026","passed","Thu Sep 24 19:00:07 UTC 2026","","correction by the author","",""
"","0","context.user built from presence when jitsi_meet_context_user absent","mod_short_lived_token","Thu Sep 24 19:00:08 UTC 2026","passed","Thu Sep 24 19:00:08 UTC 2026","","generateToken payload","",""
"","741","drops a second transcription dial to the same room within 10 s","mod_filter_iq_rayo (feature-based authorization)","Thu Sep 24 19:01:47 UTC 2026","passed","Thu Sep 24 19:01:48 UTC 2026","","transcription per-room throttle","",""
"","136","sets token features on session for non-moderator with features","mod_jitsi_permissions","Thu Sep 24 19:02:01 UTC 2026","passed","Thu Sep 24 19:02:01 UTC 2026","","session features (via HTTP)","",""
"","0","returns the target id","mod_muc_message_moderation","Thu Sep 24 19:00:07 UTC 2026","passed","Thu Sep 24 19:00:07 UTC 2026","","parse_retraction","",""
"","2372","adopts the claims of a rotated token issued for the same room","mod_auth_token (claims on XEP-0198 resumption)","Thu Sep 24 19:01:03 UTC 2026","passed","Thu Sep 24 19:01:05 UTC 2026","","","",""
"","189","a message to a component is delivered","mod_filter_direct_messages","Thu Sep 24 19:01:30 UTC 2026","passed","Thu Sep 24 19:01:30 UTC 2026","","","",""
"","0","context.user taken from session when jitsi_meet_context_user present","mod_short_lived_token","Thu Sep 24 19:00:08 UTC 2026","passed","Thu Sep 24 19:00:08 UTC 2026","","generateToken payload","",""
"","389","lists every receiver translating a sender, sorted","mod_audio_translation_component","Thu Sep 24 19:00:54 UTC 2026","passed","Thu Sep 24 19:00:55 UTC 2026","","directed listeners push (translation-listeners)","",""
"","376","room broadcast is sent when cap is first hit","mod_muc_limit_messages","Thu Sep 24 19:02:45 UTC 2026","passed","Thu Sep 24 19:02:46 UTC 2026","","","",""
"","443","blocks IQ when features.transcription = false","mod_filter_iq_rayo (feature-based authorization)","Thu Sep 24 19:01:44 UTC 2026","passed","Thu Sep 24 19:01:45 UTC 2026","","transcription (dial to jitsi_meet_transcribe)","",""
"","191","extra fields in recording payload are stripped when set via transcription feature","mod_room_metadata_component","Thu Sep 24 19:04:00 UTC 2026","passed","Thu Sep 24 19:04:00 UTC 2026","","allow-moderation hook (mod_filter_iq_rayo interop)","",""
"","830","non-JSON 200 from access manager does not crash or ban the user (fail open)","mod_muc_auth_ban","Thu Sep 24 19:02:06 UTC 2026","passed","Thu Sep 24 19:02:07 UTC 2026","","","",""
"","25","sets session.jitsi_meet_context_user from token context","mod_auth_token (ASAP / RS256)","Thu Sep 24 19:00:58 UTC 2026","passed","Thu Sep 24 19:00:58 UTC 2026","","","",""
"","0","uses custom filename template from config","mod_debug_traceback","Thu Sep 24 19:00:07 UTC 2026","passed","Thu Sep 24 19:00:07 UTC 2026","","dump_traceback()","",""
"","6","returns 404 when conference does not exist","mod_muc_end_meeting","Thu Sep 24 19:02:38 UTC 2026","passed","Thu Sep 24 19:02:38 UTC 2026","","room termination","",""
"","462","non-occupant cannot end the conference","mod_end_conference","Thu Sep 24 19:01:14 UTC 2026","passed","Thu Sep 24 19:01:14 UTC 2026","","","",""
"","0","encodes single-byte length for 0","jwk.lib","Thu Sep 24 19:00:07 UTC 2026","passed","Thu Sep 24 19:00:07 UTC 2026","encode_length","ASN1","",""
"","435","blocks IQ when context.features present but transcription key absent","mod_filter_iq_rayo (feature-based authorization)","Thu Sep 24 19:01:45 UTC 2026","passed","Thu Sep 24 19:01:45 UTC 2026","","transcription (dial to jitsi_meet_transcribe)","",""
"","0","extracts subdomain and room name from [sub]room format","util.lib","Thu Sep 24 19:00:08 UTC 2026","passed","Thu Sep 24 19:00:08 UTC 2026","","extract_subdomain","",""
"","0","is not silent","SpeakerStats","Thu Sep 24 19:00:08 UTC 2026","passed","Thu Sep 24 19:00:08 UTC 2026","","initial state","",""
"","439","blocks START (recording_mode=file) when features.recording = false","mod_filter_iq_jibri (feature-based authorization)","Thu Sep 24 19:01:39 UTC 2026","passed","Thu Sep 24 19:01:39 UTC 2026","","attribute case normalisation","",""
"","14","assigns a different JID to each client","mod_auth_jitsi-anonymous","Thu Sep 24 19:00:58 UTC 2026","passed","Thu Sep 24 19:00:58 UTC 2026","","","",""
"","5","PUT returns 404 when room does not exist","mod_muc_password_check","Thu Sep 24 19:02:57 UTC 2026","passed","Thu Sep 24 19:02:57 UTC 2026","","room lookup","",""
"","0","returns one element when there are no dots","luajwtjitsi","Thu Sep 24 19:00:07 UTC 2026","passed","Thu Sep 24 19:00:07 UTC 2026","split_token","internals","",""
"","1","returns a parseable integer","mod_muc_size","Thu Sep 24 19:03:20 UTC 2026","passed","Thu Sep 24 19:03:20 UTC 2026","","GET /sessions","",""
"","190","returns 200 with participant count for an existing room","mod_muc_size","Thu Sep 24 19:03:19 UTC 2026","passed","Thu Sep 24 19:03:19 UTC 2026","","GET /room-size","",""
"","438","sanitises bare CR in JWT user-id","mod_filter_iq_rayo — CRLF escaping in re-serialized headers","Thu Sep 24 19:03:33 UTC 2026","passed","Thu Sep 24 19:03:34 UTC 2026","","","",""
"","0","never uses the sender real jid as by","mod_muc_message_moderation","Thu Sep 24 19:00:07 UTC 2026","passed","Thu Sep 24 19:00:07 UTC 2026","","moderation attribution","",""
"","0","returns false for a regular room","util.lib","Thu Sep 24 19:00:08 UTC 2026","passed","Thu Sep 24 19:00:08 UTC 2026","","is_healthcheck_room","",""
"","0","returns false when keys differ","util.lib","Thu Sep 24 19:00:08 UTC 2026","passed","Thu Sep 24 19:00:08 UTC 2026","table_equals","table helpers","",""
"","136","occupant disco#info succeeds","mod_muc_hide_all","Thu Sep 24 19:02:43 UTC 2026","passed","Thu Sep 24 19:02:43 UTC 2026","","when module is enabled","",""
"","2201","destroys room when last regular user leaves and only transcriber remains","mod_muc_cleanup_backend_services","Thu Sep 24 19:02:20 UTC 2026","passed","Thu Sep 24 19:02:22 UTC 2026","","","",""
"","534","rejects invalid JSON","mod_audio_translation_component","Thu Sep 24 19:00:30 UTC 2026","passed","Thu Sep 24 19:00:30 UTC 2026","","routing and parsing","",""
"","0","caches the result in room.is_vpaas","util.lib","Thu Sep 24 19:00:08 UTC 2026","passed","Thu Sep 24 19:00:08 UTC 2026","","is_vpaas","",""
"","197","passes nick unchanged when name-readonly is not set","mod_muc_displayname — name-readonly","Thu Sep 24 19:02:34 UTC 2026","passed","Thu Sep 24 19:02:34 UTC 2026","","","",""
"","0","adds the room info field to a disco#info form","mod_muc_message_moderation","Thu Sep 24 19:00:07 UTC 2026","passed","Thu Sep 24 19:00:07 UTC 2026","","capability advertisement","",""
"","0","returns false when string does not start with prefix","util.lib","Thu Sep 24 19:00:08 UTC 2026","passed","Thu Sep 24 19:00:08 UTC 2026","","starts_with","",""
"","84","lobby room JID is absent from disco info after disable","mod_muc_lobby_rooms","Thu Sep 24 19:02:50 UTC 2026","passed","Thu Sep 24 19:02:50 UTC 2026","","lifecycle","",""
"","124","new room is set to hidden","mod_muc_hide_all","Thu Sep 24 19:02:43 UTC 2026","passed","Thu Sep 24 19:02:43 UTC 2026","","when module is enabled","",""
"","138","sets token features on session for moderator with features","mod_jitsi_permissions","Thu Sep 24 19:02:01 UTC 2026","passed","Thu Sep 24 19:02:01 UTC 2026","","session features (via HTTP)","",""
"","136","does not inject permissions for member with features","mod_jitsi_permissions","Thu Sep 24 19:01:57 UTC 2026","passed","Thu Sep 24 19:01:57 UTC 2026","","non-moderator token","",""
"","3","returns 400 when neither participantId nor number is provided","mod_muc_kick_participant","Thu Sep 24 19:02:44 UTC 2026","passed","Thu Sep 24 19:02:44 UTC 2026","","parameter validation","",""
"","134","returns 200 and removes the participant","mod_muc_kick_participant","Thu Sep 24 19:02:44 UTC 2026","passed","Thu Sep 24 19:02:45 UTC 2026","","kick behaviour","",""
"","0","returns cached is_vpaas value when present","util.lib","Thu Sep 24 19:00:08 UTC 2026","passed","Thu Sep 24 19:00:08 UTC 2026","","is_vpaas","",""
"","0","prepends 0x00 when first byte is 0xFF","jwk.lib","Thu Sep 24 19:00:07 UTC 2026","passed","Thu Sep 24 19:00:07 UTC 2026","encode_integer","ASN1","",""
"","0","ignores a non-IQ stanza","mod_jibri_session","Thu Sep 24 19:00:07 UTC 2026","passed","Thu Sep 24 19:00:07 UTC 2026","","non-matching stanzas pass through unchanged","",""
"","0","customer_id falls back to group when extract_subdomain returns no customer_id","mod_short_lived_token","Thu Sep 24 19:00:08 UTC 2026","passed","Thu Sep 24 19:00:08 UTC 2026","","generateToken payload","",""
"","562","merges added entries and leaves earlier ones untouched","mod_audio_translation_component","Thu Sep 24 19:00:38 UTC 2026","passed","Thu Sep 24 19:00:39 UTC 2026","","delta semantics","",""
"","828","session survives a transcription-result with a missing participant field","mod_muc_meeting_id","Thu Sep 24 19:02:56 UTC 2026","passed","Thu Sep 24 19:02:57 UTC 2026","","transcription filter robustness","",""
"","0","surrounds traceback with header and footer lines","mod_debug_traceback","Thu Sep 24 19:00:07 UTC 2026","passed","Thu Sep 24 19:00:07 UTC 2026","","dump_traceback()","",""
"","0","returns true for the bare string 'focus'","util.lib","Thu Sep 24 19:00:08 UTC 2026","passed","Thu Sep 24 19:00:08 UTC 2026","","is_focus_nick","",""
"","0","returns true when both arguments are nil","util.lib","Thu Sep 24 19:00:08 UTC 2026","passed","Thu Sep 24 19:00:08 UTC 2026","table_equals","table helpers","",""
"","4","returns 400 when room is missing","mod_system_chat_message","Thu Sep 24 19:04:12 UTC 2026","passed","Thu Sep 24 19:04:12 UTC 2026","","parameter validation","",""
"","186","sanitizes the stored value to only the enabled flag","mod_audio_translation_component","Thu Sep 24 19:00:50 UTC 2026","passed","Thu Sep 24 19:00:50 UTC 2026","","enable-flag write gating (live-translation)","",""
"","0","rejects a correction with no occupant on the event","mod_muc_message_moderation","Thu Sep 24 19:00:07 UTC 2026","passed","Thu Sep 24 19:00:07 UTC 2026","","correction author checks","",""
"","69","returns 400 when message is missing","mod_system_chat_message","Thu Sep 24 19:04:12 UTC 2026","passed","Thu Sep 24 19:04:12 UTC 2026","","parameter validation","",""
"","0","ignores non-groupchat stanzas","mod_muc_message_moderation","Thu Sep 24 19:00:07 UTC 2026","passed","Thu Sep 24 19:00:07 UTC 2026","","moderation role checks","",""
"","3","returns 404 when room does not exist","mod_system_chat_message","Thu Sep 24 19:04:12 UTC 2026","passed","Thu Sep 24 19:04:12 UTC 2026","","room lookup","",""
"","0","sends not-allowed when room is not found","mod_short_lived_token","Thu Sep 24 19:00:08 UTC 2026","passed","Thu Sep 24 19:00:08 UTC 2026","","external_service/credentials handler","",""
"","3","returns 400 when body is empty","mod_muc_kick_participant","Thu Sep 24 19:02:44 UTC 2026","passed","Thu Sep 24 19:02:44 UTC 2026","","parameter validation","",""
"","144","returns 401 when token is expired","mod_muc_end_meeting","Thu Sep 24 19:02:38 UTC 2026","passed","Thu Sep 24 19:02:38 UTC 2026","","authentication","",""
"","129","leaves affiliation unchanged for anonymous user (no token)","mod_token_affiliation","Thu Sep 24 19:04:28 UTC 2026","passed","Thu Sep 24 19:04:28 UTC 2026","","","",""
"","0","returns true when string equals suffix exactly","util.lib","Thu Sep 24 19:00:08 UTC 2026","passed","Thu Sep 24 19:00:08 UTC 2026","","ends_with","",""
"","1143","non-moderator cannot update metadata","mod_room_metadata_component","Thu Sep 24 19:03:35 UTC 2026","passed","Thu Sep 24 19:03:36 UTC 2026","","authorization","",""
"","0","skips a retraction","mod_muc_message_moderation","Thu Sep 24 19:00:08 UTC 2026","passed","Thu Sep 24 19:00:08 UTC 2026","","skip_history","",""
"","0","returns error for token with only two segments","luajwtjitsi","Thu Sep 24 19:00:07 UTC 2026","passed","Thu Sep 24 19:00:07 UTC 2026","parse_token","internals","",""
"","426","messages after cap remain blocked","mod_muc_limit_messages","Thu Sep 24 19:02:46 UTC 2026","passed","Thu Sep 24 19:02:46 UTC 2026","","","",""
"","401","tracks room occupancy and updates when clients leave","mod_muc_census","Thu Sep 24 19:02:17 UTC 2026","passed","Thu Sep 24 19:02:18 UTC 2026","","","",""
"","0","still checks the role for a message that has aged out of history","mod_muc_message_moderation","Thu Sep 24 19:00:07 UTC 2026","passed","Thu Sep 24 19:00:07 UTC 2026","","moderation role checks","",""
"","0","encodes single-byte length for 127","jwk.lib","Thu Sep 24 19:00:07 UTC 2026","passed","Thu Sep 24 19:00:07 UTC 2026","encode_length","ASN1","",""
"","438","passes start IQ when features.livestreaming = true","mod_filter_iq_jibri (feature-based authorization)","Thu Sep 24 19:01:34 UTC 2026","passed","Thu Sep 24 19:01:35 UTC 2026","","livestreaming (recording_mode=stream)","",""
"","442","passes stop IQ when features.livestreaming = true","mod_filter_iq_jibri (feature-based authorization)","Thu Sep 24 19:01:36 UTC 2026","passed","Thu Sep 24 19:01:36 UTC 2026","","livestreaming (recording_mode=stream)","",""
"","1080","non-occupant (connected but not joined) cannot update metadata","mod_room_metadata_component","Thu Sep 24 19:03:36 UTC 2026","passed","Thu Sep 24 19:03:37 UTC 2026","","authorization","",""
"","0","returns false when prefix is longer than string","util.lib","Thu Sep 24 19:00:08 UTC 2026","passed","Thu Sep 24 19:00:08 UTC 2026","","starts_with","",""
"","1140","message with missing ""key"" field is ignored","mod_room_metadata_component","Thu Sep 24 19:04:08 UTC 2026","passed","Thu Sep 24 19:04:09 UTC 2026","","invalid payloads","",""
"","0","rewrites 'to' via room_jid_match_rewrite","mod_muc_domain_mapper","Thu Sep 24 19:00:07 UTC 2026","passed","Thu Sep 24 19:00:07 UTC 2026","message stanzas","filter_stanza","",""
"","135","grants member affiliation and participant role for authenticated non-moderator","mod_token_affiliation","Thu Sep 24 19:04:28 UTC 2026","passed","Thu Sep 24 19:04:28 UTC 2026","","","",""
"","135","strips a client-supplied <identity> and replaces it with the real one","mod_presence_identity","Thu Sep 24 19:03:32 UTC 2026","passed","Thu Sep 24 19:03:32 UTC 2026","","spoofing prevention","",""
"","412","treats removal of an absent entry as a benign no-op","mod_audio_translation_component","Thu Sep 24 19:00:39 UTC 2026","passed","Thu Sep 24 19:00:40 UTC 2026","","delta semantics","",""
"","0","user_region propagated from session","mod_short_lived_token","Thu Sep 24 19:00:08 UTC 2026","passed","Thu Sep 24 19:00:08 UTC 2026","","generateToken payload","",""
