"DESCRIPTION","DURATION IN MS","NAME","PARENT SUITE","START TIME","STATUS","STOP TIME","SUB SUITE","SUITE","TEST CLASS","TEST METHOD"
"","1036","VPaaS user is rejected (SASL failure) when access manager returns access=false","mod_muc_auth_ban","Wed Sep 02 18:20:36 UTC 2026","passed","Wed Sep 02 18:20:37 UTC 2026","","","",""
"","194","requires first device to be in main room for flip to proceed","mod_muc_flip","Wed Sep 02 18:21:15 UTC 2026","passed","Wed Sep 02 18:21:15 UTC 2026","","lobby interactions","",""
"","70","created_timestamp is absent before a second occupant joins","mod_conference_duration","Wed Sep 02 18:19:55 UTC 2026","passed","Wed Sep 02 18:19:55 UTC 2026","","","",""
"","0","returns true when string starts with prefix","util.lib","Wed Sep 02 18:18:56 UTC 2026","passed","Wed Sep 02 18:18:56 UTC 2026","","starts_with","",""
"","134","rejects a resource containing a hyphen","mod_muc_resource_validate","Wed Sep 02 18:21:50 UTC 2026","passed","Wed Sep 02 18:21:50 UTC 2026","","","",""
"","0","logs error and does not register hook when main_muc is absent","mod_short_lived_token","Wed Sep 02 18:18:56 UTC 2026","passed","Wed Sep 02 18:18:56 UTC 2026","","config validation","",""
"","0","falls back to s2sout_override when s2s_connect_overrides is absent","mod_certs_s2soutinjection","Wed Sep 02 18:18:56 UTC 2026","passed","Wed Sep 02 18:18:56 UTC 2026","","attach()","",""
"","0","nbf is approximately now","mod_short_lived_token","Wed Sep 02 18:18:56 UTC 2026","passed","Wed Sep 02 18:18:56 UTC 2026","","generateToken payload","",""
"","67","non-focus participant is blocked from a health check room","mod_muc_meeting_id","Wed Sep 02 18:21:29 UTC 2026","passed","Wed Sep 02 18:21:29 UTC 2026","","health check rooms","",""
"","431","blocks stop IQ when token has no context.features (non-moderator fallback)","mod_filter_iq_jibri (feature-based authorization)","Wed Sep 02 18:20:17 UTC 2026","passed","Wed Sep 02 18:20:17 UTC 2026","","livestreaming (recording_mode=stream)","",""
"","0","returns error or throws for token with invalid base64 header","luajwtjitsi","Wed Sep 02 18:18:56 UTC 2026","passed","Wed Sep 02 18:18:56 UTC 2026","parse_token","internals","",""
"","0","returns true when feature value is the string 'true'","util.lib","Wed Sep 02 18:18:56 UTC 2026","passed","Wed Sep 02 18:18:56 UTC 2026","","is_feature_allowed","",""
"","120","guest is blocked with registration-required","mod_muc_wait_for_host","Wed Sep 02 18:21:52 UTC 2026","passed","Wed Sep 02 18:21:53 UTC 2026","","no host present","",""
"","187","allows a non-moderator whose token grants live-translation","mod_audio_translation_component","Wed Sep 02 18:19:36 UTC 2026","passed","Wed Sep 02 18:19:37 UTC 2026","","enable-flag write gating (live-translation)","",""
"","0","non-string token returns error","luajwtjitsi","Wed Sep 02 18:18:56 UTC 2026","passed","Wed Sep 02 18:18:56 UTC 2026","argument validation","verify","",""
"","0","removes the history entry for the author","mod_muc_message_moderation","Wed Sep 02 18:18:56 UTC 2026","passed","Wed Sep 02 18:18:56 UTC 2026","","retraction","",""
"","427","XML attribute CRLF is normalised to spaces by expat before reaching Lua","mod_filter_iq_rayo — CRLF escaping in re-serialized headers","Wed Sep 02 18:22:06 UTC 2026","passed","Wed Sep 02 18:22:07 UTC 2026","","","",""
"","0","returns false when only one argument is nil","util.lib","Wed Sep 02 18:18:56 UTC 2026","passed","Wed Sep 02 18:18:56 UTC 2026","table_equals","table helpers","",""
"","89","lobby room JID is absent from disco info after disable","mod_muc_lobby_rooms","Wed Sep 02 18:21:22 UTC 2026","passed","Wed Sep 02 18:21:22 UTC 2026","","lifecycle","",""
"","837","moderator can rename a breakout room and receives an update with the new name","mod_muc_breakout_rooms","Wed Sep 02 18:20:45 UTC 2026","passed","Wed Sep 02 18:20:46 UTC 2026","","rename breakout room","",""
"","434","blocks IQ when JvbRoomName header does not match room JID","mod_filter_iq_rayo (feature-based authorization)","Wed Sep 02 18:20:26 UTC 2026","passed","Wed Sep 02 18:20:26 UTC 2026","","JvbRoomName header validation","",""
"","243","broadcasts a new poll to all occupants","mod_polls_component","Wed Sep 02 18:21:53 UTC 2026","passed","Wed Sep 02 18:21:53 UTC 2026","","poll creation","",""
"","833","session survives a transcription-result with a missing participant field","mod_muc_meeting_id","Wed Sep 02 18:21:29 UTC 2026","passed","Wed Sep 02 18:21:29 UTC 2026","","transcription filter robustness","",""
"","10594","destroys the room with a friendly time-limit reason and blocks re-creation","mod_time_restricted","Wed Sep 02 18:22:48 UTC 2026","passed","Wed Sep 02 18:22:59 UTC 2026","","","",""
"","0","sets initiator.group from jitsi_meet_context_group","mod_jibri_session","Wed Sep 02 18:18:56 UTC 2026","passed","Wed Sep 02 18:18:56 UTC 2026","","client-to-jicofo pass (no room attr on jibri element)","",""
"","189","JWT host is promoted and may revoke affiliations","mod_muc_allowners","Wed Sep 02 18:20:35 UTC 2026","passed","Wed Sep 02 18:20:36 UTC 2026","","moderated room","",""
"","494","authenticated sender lifts the cap permanently","mod_muc_limit_messages","Wed Sep 02 18:21:19 UTC 2026","passed","Wed Sep 02 18:21:20 UTC 2026","","","",""
"","0","prepends 0x00 when high bit is set to indicate positive number","jwk.lib","Wed Sep 02 18:18:56 UTC 2026","passed","Wed Sep 02 18:18:56 UTC 2026","encode_integer","ASN1","",""
"","10","sets session.jitsi_meet_context_features from token context","mod_auth_token (HS256 shared secret)","Wed Sep 02 18:19:45 UTC 2026","passed","Wed Sep 02 18:19:45 UTC 2026","","","",""
"","0","matches against a plain table of prefixes","util.lib","Wed Sep 02 18:18:56 UTC 2026","passed","Wed Sep 02 18:18:56 UTC 2026","","starts_with_one_of","",""
"","0","unsupported algorithm returns error","luajwtjitsi","Wed Sep 02 18:18:56 UTC 2026","passed","Wed Sep 02 18:18:56 UTC 2026","argument validation","verify","",""
"","1174","answer-poll with non-boolean answers is ignored","mod_polls_component","Wed Sep 02 18:21:59 UTC 2026","passed","Wed Sep 02 18:22:00 UTC 2026","","validation","",""
"","0","returns one element when there are no dots","luajwtjitsi","Wed Sep 02 18:18:56 UTC 2026","passed","Wed Sep 02 18:18:56 UTC 2026","split_token","internals","",""
"","0","uses custom filename template from config","mod_debug_traceback","Wed Sep 02 18:18:56 UTC 2026","passed","Wed Sep 02 18:18:56 UTC 2026","","dump_traceback()","",""
"","0","missing aud claim when acceptedAudiences provided is rejected","luajwtjitsi","Wed Sep 02 18:18:56 UTC 2026","passed","Wed Sep 02 18:18:56 UTC 2026","audience","verify","",""
"","0","rejects a retraction with no occupant on the event","mod_muc_message_moderation","Wed Sep 02 18:18:56 UTC 2026","passed","Wed Sep 02 18:18:56 UTC 2026","","retraction","",""
"","4","returns 400 when body is empty","mod_muc_kick_participant","Wed Sep 02 18:21:17 UTC 2026","passed","Wed Sep 02 18:21:17 UTC 2026","","parameter validation","",""
"","347","processes requests when audioTranslation is absent (enabled by default)","mod_audio_translation_component","Wed Sep 02 18:19:20 UTC 2026","passed","Wed Sep 02 18:19:20 UTC 2026","","enabled flag","",""
"","0","rewrites 'to' and 'from'","mod_muc_domain_mapper","Wed Sep 02 18:18:56 UTC 2026","passed","Wed Sep 02 18:18:56 UTC 2026","presence stanzas","filter_stanza","",""
"","183","moderator without features can set recording.isTranscribingEnabled","mod_room_metadata_component","Wed Sep 02 18:22:28 UTC 2026","passed","Wed Sep 02 18:22:28 UTC 2026","","allow-moderation hook (mod_filter_iq_rayo interop)","",""
"","72","anonymous guest creates the room and is admitted despite no host present","mod_muc_wait_for_host","Wed Sep 02 18:21:53 UTC 2026","passed","Wed Sep 02 18:21:53 UTC 2026","","room does not exist yet","",""
"","16","returns 400 when conference is missing","mod_muc_jigasi_invite","Wed Sep 02 18:21:16 UTC 2026","passed","Wed Sep 02 18:21:16 UTC 2026","","parameter validation","",""
"","183","injects <identity> in presence updates (not only on join)","mod_presence_identity","Wed Sep 02 18:22:04 UTC 2026","passed","Wed Sep 02 18:22:04 UTC 2026","","identity injection","",""
"","0","returns true when string ends with suffix","util.lib","Wed Sep 02 18:18:56 UTC 2026","passed","Wed Sep 02 18:18:56 UTC 2026","","ends_with","",""
"","435","passes status IQ regardless of features (only start/stop are gated)","mod_filter_iq_jibri (feature-based authorization)","Wed Sep 02 18:20:17 UTC 2026","passed","Wed Sep 02 18:20:18 UTC 2026","","livestreaming (recording_mode=stream)","",""
"","1641","participant can join breakout room after smacks session resume","mod_muc_breakout_rooms","Wed Sep 02 18:20:46 UTC 2026","passed","Wed Sep 02 18:20:48 UTC 2026","","smacks session resume","",""
"","0","increments count between calls producing distinct filenames","mod_debug_traceback","Wed Sep 02 18:18:56 UTC 2026","passed","Wed Sep 02 18:18:56 UTC 2026","","dump_traceback()","",""
"","708","deduplicates the same language requested by two receivers","mod_audio_translation_component","Wed Sep 02 18:19:32 UTC 2026","passed","Wed Sep 02 18:19:33 UTC 2026","","aggregation across receivers","",""
"","0","sends not-allowed when room is not found","mod_short_lived_token","Wed Sep 02 18:18:56 UTC 2026","passed","Wed Sep 02 18:18:56 UTC 2026","","external_service/credentials handler","",""
"","0","returns false when prefix is longer than string","util.lib","Wed Sep 02 18:18:56 UTC 2026","passed","Wed Sep 02 18:18:56 UTC 2026","","starts_with","",""
"","0","empty list returns false","luajwtjitsi","Wed Sep 02 18:18:56 UTC 2026","passed","Wed Sep 02 18:18:56 UTC 2026","verify_claim","internals","",""
"","0","recognises a jicofo health-check room","util.lib","Wed Sep 02 18:18:56 UTC 2026","passed","Wed Sep 02 18:18:56 UTC 2026","","is_healthcheck_room","",""
"","0","accepted audience passes","luajwtjitsi","Wed Sep 02 18:18:56 UTC 2026","passed","Wed Sep 02 18:18:56 UTC 2026","audience","verify","",""
"","0","iss is set to configured issuer","mod_short_lived_token","Wed Sep 02 18:18:56 UTC 2026","passed","Wed Sep 02 18:18:56 UTC 2026","","generateToken payload","",""
"","0","returns false for a room without a tenant bracket prefix","util.lib","Wed Sep 02 18:18:56 UTC 2026","passed","Wed Sep 02 18:18:56 UTC 2026","","is_vpaas","",""
"","0","produces empty strings at boundaries","util.lib","Wed Sep 02 18:18:56 UTC 2026","passed","Wed Sep 02 18:18:56 UTC 2026","","split_string","",""
"","0","moderator=false sets member affiliation","mod_token_affiliation","Wed Sep 02 18:18:56 UTC 2026","passed","Wed Sep 02 18:18:56 UTC 2026","","affiliation assignment","",""
"","0","returns true when both arguments are nil","util.lib","Wed Sep 02 18:18:56 UTC 2026","passed","Wed Sep 02 18:18:56 UTC 2026","table_equals","table helpers","",""
"","0","returns false for nil string","util.lib","Wed Sep 02 18:18:56 UTC 2026","passed","Wed Sep 02 18:18:56 UTC 2026","","starts_with_one_of","",""
"","0","returns false for a host-only JID (no node)","util.lib","Wed Sep 02 18:18:56 UTC 2026","passed","Wed Sep 02 18:18:56 UTC 2026","","is_focus_jid","",""
"","122","whitelisted domain bypasses lobby without affiliation","mod_muc_lobby_rooms","Wed Sep 02 18:21:22 UTC 2026","passed","Wed Sep 02 18:21:22 UTC 2026","","bypass paths","",""
"","690","does not resend for a language switch that leaves the listener set unchanged","mod_audio_translation_component","Wed Sep 02 18:19:43 UTC 2026","passed","Wed Sep 02 18:19:44 UTC 2026","","directed listeners push (translation-listeners)","",""
"","2366","adopts the claims of a rotated token issued for the same room","mod_auth_token (claims on XEP-0198 resumption)","Wed Sep 02 18:19:48 UTC 2026","passed","Wed Sep 02 18:19:51 UTC 2026","","","",""
"","2","returns a parseable integer","mod_muc_size","Wed Sep 02 18:21:52 UTC 2026","passed","Wed Sep 02 18:21:52 UTC 2026","","GET /sessions","",""
"","0","returns the target id and the new body","mod_muc_message_moderation","Wed Sep 02 18:18:56 UTC 2026","passed","Wed Sep 02 18:18:56 UTC 2026","","parse_correction","",""
"","0","loads cleanly with all required options present","mod_short_lived_token","Wed Sep 02 18:18:56 UTC 2026","passed","Wed Sep 02 18:18:56 UTC 2026","","config validation","",""
"","0","sets initiator.id from jitsi_meet_context_user.id","mod_jibri_session","Wed Sep 02 18:18:56 UTC 2026","passed","Wed Sep 02 18:18:56 UTC 2026","","client-to-jicofo pass (no room attr on jibri element)","",""
"","7","sets session.jitsi_web_query_prefix from ?prefix query param","mod_jitsi_session","Wed Sep 02 18:20:34 UTC 2026","passed","Wed Sep 02 18:20:34 UTC 2026","","","",""
"","0","sets conference_details.session_id from room meetingId","mod_jibri_session","Wed Sep 02 18:18:56 UTC 2026","passed","Wed Sep 02 18:18:56 UTC 2026","","jicofo-to-jibri pass (room attr present on jibri element)","",""
"","184","allows a presence update that keeps the same resource","mod_muc_resource_validate","Wed Sep 02 18:21:51 UTC 2026","passed","Wed Sep 02 18:21:51 UTC 2026","","","",""
"","243","live broadcast strips <nick> and <display-name> from groupchat messages","mod_muc_displayname — message display-name handling","Wed Sep 02 18:21:08 UTC 2026","passed","Wed Sep 02 18:21:08 UTC 2026","","","",""
"","0","rewrites 'to' and 'from'","mod_muc_domain_mapper","Wed Sep 02 18:18:56 UTC 2026","passed","Wed Sep 02 18:18:56 UTC 2026","iq stanzas","filter_stanza","",""
"","637","a ban by jid is rejected even when a mismatched nick is also present","mod_muc_meeting_id","Wed Sep 02 18:21:27 UTC 2026","passed","Wed Sep 02 18:21:27 UTC 2026","","set admin filtering","",""
"","122","disco#info to a subdomain room JID returns a result","mod_muc_domain_mapper","Wed Sep 02 18:21:10 UTC 2026","passed","Wed Sep 02 18:21:10 UTC 2026","","IQ routing","",""
"","0","wraps with BIT STRING tag (0x03) and prepends unused-bits byte (0x00)","jwk.lib","Wed Sep 02 18:18:56 UTC 2026","passed","Wed Sep 02 18:18:56 UTC 2026","encode_bit_string","ASN1","",""
"","189","returns 200 with participant count for an existing room","mod_muc_size","Wed Sep 02 18:21:51 UTC 2026","passed","Wed Sep 02 18:21:51 UTC 2026","","GET /room-size","",""
"","1177","an oversized payload is rejected","mod_polls_component","Wed Sep 02 18:22:01 UTC 2026","passed","Wed Sep 02 18:22:03 UTC 2026","","validation","",""
"","0","returns true for empty suffix","util.lib","Wed Sep 02 18:18:56 UTC 2026","passed","Wed Sep 02 18:18:56 UTC 2026","","ends_with","",""
"","0","produces a single element when delimiter is absent","util.lib","Wed Sep 02 18:18:56 UTC 2026","passed","Wed Sep 02 18:18:56 UTC 2026","","split_string","",""
"","432","blocks stop IQ when context.features present but livestreaming key absent","mod_filter_iq_jibri (feature-based authorization)","Wed Sep 02 18:20:16 UTC 2026","passed","Wed Sep 02 18:20:17 UTC 2026","","livestreaming (recording_mode=stream)","",""
"","0","treats empty-string subdomain as no subdomain","util.lib","Wed Sep 02 18:18:56 UTC 2026","passed","Wed Sep 02 18:18:56 UTC 2026","","build_room_address","",""
"","390","room broadcast is sent when cap is first hit","mod_muc_limit_messages","Wed Sep 02 18:21:18 UTC 2026","passed","Wed Sep 02 18:21:18 UTC 2026","","","",""
"","67","lobby room JID is advertised in room disco info after enable","mod_muc_lobby_rooms","Wed Sep 02 18:21:22 UTC 2026","passed","Wed Sep 02 18:21:22 UTC 2026","","lifecycle","",""
"","16","sets session.jitsi_meet_context_user from token context","mod_auth_token (ASAP / RS256)","Wed Sep 02 18:19:45 UTC 2026","passed","Wed Sep 02 18:19:45 UTC 2026","","","",""
"","0","returns false for a nick that contains focus but is not exactly focus","util.lib","Wed Sep 02 18:18:56 UTC 2026","passed","Wed Sep 02 18:18:56 UTC 2026","","is_focus_nick","",""
"","0","encodes single-byte length for 0","jwk.lib","Wed Sep 02 18:18:56 UTC 2026","passed","Wed Sep 02 18:18:56 UTC 2026","encode_length","ASN1","",""
"","433","allows the first transcription dial in a room","mod_filter_iq_rayo (feature-based authorization)","Wed Sep 02 18:20:26 UTC 2026","passed","Wed Sep 02 18:20:26 UTC 2026","","transcription per-room throttle","",""
"","0","encodes two-byte form for 255","jwk.lib","Wed Sep 02 18:18:56 UTC 2026","passed","Wed Sep 02 18:18:56 UTC 2026","encode_length","ASN1","",""
"","596","rejects a language longer than 20 characters","mod_audio_translation_component","Wed Sep 02 18:19:23 UTC 2026","passed","Wed Sep 02 18:19:24 UTC 2026","","validation (whole-stanza atomicity)","",""
"","251","joining client receives current metadata","mod_room_metadata_component","Wed Sep 02 18:22:24 UTC 2026","passed","Wed Sep 02 18:22:24 UTC 2026","","initial metadata delivery","",""
"","0","passes stanza through unchanged for s2sout sessions","mod_muc_domain_mapper","Wed Sep 02 18:18:56 UTC 2026","passed","Wed Sep 02 18:18:56 UTC 2026","skipped stanzas","filter_stanza","",""
"","0","preserves resource in the rewritten JID","util.lib","Wed Sep 02 18:18:56 UTC 2026","passed","Wed Sep 02 18:18:56 UTC 2026","","internal_room_jid_match_rewrite","",""
"","0","recognises sipjibrioutb@ prefix","util.lib","Wed Sep 02 18:18:56 UTC 2026","passed","Wed Sep 02 18:18:56 UTC 2026","","get_sip_jibri_email_prefix","",""
"","0","context.group falls back to granted_jitsi_meet_context_group_id","mod_short_lived_token","Wed Sep 02 18:18:56 UTC 2026","passed","Wed Sep 02 18:18:56 UTC 2026","","generateToken payload","",""
"","0","returns false for nil","util.lib","Wed Sep 02 18:18:56 UTC 2026","passed","Wed Sep 02 18:18:56 UTC 2026","","is_focus_jid","",""
"","128","rejects MUC join with invalid Lua regex room claim","mod_auth_token (ASAP / RS256)","Wed Sep 02 18:19:45 UTC 2026","passed","Wed Sep 02 18:19:45 UTC 2026","","","",""
"","132","non-occupant disco#info returns <forbidden>","mod_muc_hide_all","Wed Sep 02 18:21:16 UTC 2026","passed","Wed Sep 02 18:21:16 UTC 2026","","when module is enabled","",""
"","0","empty string returns false","util.lib","Wed Sep 02 18:18:56 UTC 2026","passed","Wed Sep 02 18:18:56 UTC 2026","","is_focus","",""
"","0","wrong key fails verification","luajwtjitsi","Wed Sep 02 18:18:56 UTC 2026","passed","Wed Sep 02 18:18:56 UTC 2026","HS256","verify","",""
"","246","all occupants receive the broadcast","mod_room_metadata_component","Wed Sep 02 18:22:23 UTC 2026","passed","Wed Sep 02 18:22:24 UTC 2026","","broadcast delivery","",""
"","0","accepts an occupant object and inspects its .jid field","util.lib","Wed Sep 02 18:18:56 UTC 2026","passed","Wed Sep 02 18:18:56 UTC 2026","","is_jibri","",""
"","0","marks cert valid when host is in s2s_connect_overrides","mod_certs_s2soutinjection","Wed Sep 02 18:18:56 UTC 2026","passed","Wed Sep 02 18:18:56 UTC 2026","","attach()","",""
"","856","does not apply the throttle across different rooms","mod_filter_iq_rayo (feature-based authorization)","Wed Sep 02 18:20:28 UTC 2026","passed","Wed Sep 02 18:20:29 UTC 2026","","transcription per-room throttle","",""
"","0","skips a moderation broadcast","mod_muc_message_moderation","Wed Sep 02 18:18:56 UTC 2026","passed","Wed Sep 02 18:18:56 UTC 2026","","skip_history","",""
"","1178","invalid JSON is ignored cleanly","mod_polls_component","Wed Sep 02 18:22:00 UTC 2026","passed","Wed Sep 02 18:22:01 UTC 2026","","validation","",""
"","8","rejects connection with expired token","mod_auth_token (ASAP / RS256)","Wed Sep 02 18:19:45 UTC 2026","passed","Wed Sep 02 18:19:45 UTC 2026","","","",""
"","0","nbf in the future is rejected","luajwtjitsi","Wed Sep 02 18:18:56 UTC 2026","passed","Wed Sep 02 18:18:56 UTC 2026","claims","verify","",""
"","2264","does not destroy room when a second regular user is still present","mod_muc_cleanup_backend_services","Wed Sep 02 18:20:55 UTC 2026","passed","Wed Sep 02 18:20:57 UTC 2026","","","",""
"","0","exp is approximately now + ttl_seconds","mod_short_lived_token","Wed Sep 02 18:18:56 UTC 2026","passed","Wed Sep 02 18:18:56 UTC 2026","","generateToken payload","",""
"","0","rejects a correction of a moderated message","mod_muc_message_moderation","Wed Sep 02 18:18:56 UTC 2026","passed","Wed Sep 02 18:18:56 UTC 2026","","correction author checks","",""
"","0","wrong audience is rejected","luajwtjitsi","Wed Sep 02 18:18:56 UTC 2026","passed","Wed Sep 02 18:18:56 UTC 2026","audience","verify","",""
"","135","grants member affiliation when moderator=false","mod_token_affiliation","Wed Sep 02 18:23:00 UTC 2026","passed","Wed Sep 02 18:23:00 UTC 2026","","","",""
"","0","expired token is rejected","luajwtjitsi","Wed Sep 02 18:18:56 UTC 2026","passed","Wed Sep 02 18:18:56 UTC 2026","claims","verify","",""
"","1137","an answer for an unknown poll is ignored","mod_polls_component","Wed Sep 02 18:21:54 UTC 2026","passed","Wed Sep 02 18:21:55 UTC 2026","","poll answering","",""
"","338","tells a sender which receiver is translating it","mod_audio_translation_component","Wed Sep 02 18:19:39 UTC 2026","passed","Wed Sep 02 18:19:40 UTC 2026","","directed listeners push (translation-listeners)","",""
"","1696","ignores a token for another room while the session sits in a breakout room","mod_auth_token (claims on XEP-0198 resumption)","Wed Sep 02 18:19:51 UTC 2026","passed","Wed Sep 02 18:19:53 UTC 2026","","","",""
"","6","returns 400 when Content-Type is not application/json","mod_muc_jigasi_invite","Wed Sep 02 18:21:16 UTC 2026","passed","Wed Sep 02 18:21:16 UTC 2026","","parameter validation","",""
"","238","stamps an occupant nick on a json-message sent to the room","mod_time_restricted","Wed Sep 02 18:22:59 UTC 2026","passed","Wed Sep 02 18:22:59 UTC 2026","","spoofing by an occupant","",""
"","0","caches the result in room.is_vpaas","util.lib","Wed Sep 02 18:18:56 UTC 2026","passed","Wed Sep 02 18:18:56 UTC 2026","","is_vpaas","",""
"","0","context.group uses jitsi_meet_context_group when present","mod_short_lived_token","Wed Sep 02 18:18:56 UTC 2026","passed","Wed Sep 02 18:18:56 UTC 2026","","generateToken payload","",""
"","0","preserves pre-existing top-level app_data keys","mod_jibri_session","Wed Sep 02 18:18:56 UTC 2026","passed","Wed Sep 02 18:18:56 UTC 2026","","client-to-jicofo pass (no room attr on jibri element)","",""
"","590","rejects a non-alphabetical language","mod_audio_translation_component","Wed Sep 02 18:19:22 UTC 2026","passed","Wed Sep 02 18:19:23 UTC 2026","","validation (whole-stanza atomicity)","",""
"","6","returns 404 when room does not exist","mod_muc_kick_participant","Wed Sep 02 18:21:17 UTC 2026","passed","Wed Sep 02 18:21:17 UTC 2026","","kick behaviour","",""
"","0","logs error and skips hook when issuer is absent","mod_short_lived_token","Wed Sep 02 18:18:56 UTC 2026","passed","Wed Sep 02 18:18:56 UTC 2026","","config validation","",""
"","0","returns true for a room whose tenant starts with vpaas-magic-cookie-","util.lib","Wed Sep 02 18:18:56 UTC 2026","passed","Wed Sep 02 18:18:56 UTC 2026","","is_vpaas","",""
"","192","strips flip_device tag when the user is not already in the room","mod_muc_flip","Wed Sep 02 18:21:14 UTC 2026","passed","Wed Sep 02 18:21:14 UTC 2026","","flip_device tag stripping","",""
"","239","never delivers a groupchat json-message under a forged room from","mod_time_restricted","Wed Sep 02 18:22:59 UTC 2026","passed","Wed Sep 02 18:23:00 UTC 2026","","spoofing by an occupant","",""
"","188","kicks the old device when the same user joins from a new device","mod_muc_flip","Wed Sep 02 18:21:14 UTC 2026","passed","Wed Sep 02 18:21:14 UTC 2026","","flip","",""
"","7","assigns a new username when previd does not match any session","mod_auth_jitsi-anonymous","Wed Sep 02 18:19:44 UTC 2026","passed","Wed Sep 02 18:19:44 UTC 2026","","","",""
"","0","reports removed keys","util.lib","Wed Sep 02 18:18:56 UTC 2026","passed","Wed Sep 02 18:18:56 UTC 2026","table_compare","table helpers","",""
"","0","non-string key returns error","luajwtjitsi","Wed Sep 02 18:18:56 UTC 2026","passed","Wed Sep 02 18:18:56 UTC 2026","argument validation","encode","",""
"","1397","allows a valid alphanumeric resource","mod_muc_resource_validate","Wed Sep 02 18:21:47 UTC 2026","passed","Wed Sep 02 18:21:49 UTC 2026","","","",""
"","66","muc-room-pre-create event is fired when room is created","mod_muc_hide_all","Wed Sep 02 18:21:16 UTC 2026","passed","Wed Sep 02 18:21:16 UTC 2026","","when module is enabled","",""
"","0","username is token","mod_short_lived_token","Wed Sep 02 18:18:56 UTC 2026","passed","Wed Sep 02 18:18:56 UTC 2026","valid request service entry","external_service/credentials handler","",""
"","0","hooks nothing beyond the groupchat handler on a visitor node","mod_muc_message_moderation","Wed Sep 02 18:18:56 UTC 2026","passed","Wed Sep 02 18:18:56 UTC 2026","","registration","",""
"","201","strips nick when name-readonly=true and token has no name","mod_muc_displayname — name-readonly","Wed Sep 02 18:21:06 UTC 2026","passed","Wed Sep 02 18:21:07 UTC 2026","","","",""
"","813","session survives a Jibri start IQ targeting a non-existent room","mod_filter_iq_jibri (feature-based authorization)","Wed Sep 02 18:20:18 UTC 2026","passed","Wed Sep 02 18:20:18 UTC 2026","","robustness","",""
"","125","strips a client-supplied <identity> and replaces it with the real one","mod_presence_identity","Wed Sep 02 18:22:04 UTC 2026","passed","Wed Sep 02 18:22:05 UTC 2026","","spoofing prevention","",""
"","1142","moderator cannot set blocked key ""conferencePresetsServiceEnabled""","mod_room_metadata_component","Wed Sep 02 18:22:12 UTC 2026","passed","Wed Sep 02 18:22:13 UTC 2026","","blocked keys","",""
"","186","moderator can set a non-blocked key","mod_room_metadata_component","Wed Sep 02 18:22:22 UTC 2026","passed","Wed Sep 02 18:22:22 UTC 2026","","blocked keys","",""
"","736","drops a second transcription dial to the same room within 10 s","mod_filter_iq_rayo (feature-based authorization)","Wed Sep 02 18:20:26 UTC 2026","passed","Wed Sep 02 18:20:27 UTC 2026","","transcription per-room throttle","",""
"","0","returns false when keys differ","util.lib","Wed Sep 02 18:18:56 UTC 2026","passed","Wed Sep 02 18:18:56 UTC 2026","table_equals","table helpers","",""
"","919","rejects a new subscription that would exceed the limit","mod_audio_translation_component","Wed Sep 02 18:19:28 UTC 2026","passed","Wed Sep 02 18:19:29 UTC 2026","","per-receiver limit (3)","",""
"","0","fires event before attempting file write (even on io failure)","mod_debug_traceback","Wed Sep 02 18:18:56 UTC 2026","passed","Wed Sep 02 18:18:56 UTC 2026","","dump_traceback()","",""
"","0","accumulates across multiple dominant speaker episodes","SpeakerStats","Wed Sep 02 18:18:56 UTC 2026","passed","Wed Sep 02 18:18:56 UTC 2026","","setDominantSpeaker","",""
"","436","clears a sender when its listener leaves the room","mod_audio_translation_component","Wed Sep 02 18:19:42 UTC 2026","passed","Wed Sep 02 18:19:42 UTC 2026","","directed listeners push (translation-listeners)","",""
"","145","returns 401 when a login token is used instead of a system token","mod_muc_end_meeting","Wed Sep 02 18:21:10 UTC 2026","passed","Wed Sep 02 18:21:11 UTC 2026","","authentication","",""
"","0","skips a retraction","mod_muc_message_moderation","Wed Sep 02 18:18:56 UTC 2026","passed","Wed Sep 02 18:18:56 UTC 2026","","skip_history","",""
"","134","includes the lobby room JID in the 407 error","mod_muc_lobby_rooms","Wed Sep 02 18:21:21 UTC 2026","passed","Wed Sep 02 18:21:22 UTC 2026","","non-member join gate","",""
"","2135","message with empty <room_metadata> body is ignored","mod_room_metadata_component","Wed Sep 02 18:22:37 UTC 2026","passed","Wed Sep 02 18:22:39 UTC 2026","","invalid payloads","",""
"","119","leaves affiliation unchanged for anonymous user (no token)","mod_token_affiliation","Wed Sep 02 18:23:00 UTC 2026","passed","Wed Sep 02 18:23:00 UTC 2026","","","",""
"","0","logs error and skips hook when key_id is absent","mod_short_lived_token","Wed Sep 02 18:18:56 UTC 2026","passed","Wed Sep 02 18:18:56 UTC 2026","","config validation","",""
"","0","rewrites 'to' via room_jid_match_rewrite","mod_muc_domain_mapper","Wed Sep 02 18:18:56 UTC 2026","passed","Wed Sep 02 18:18:56 UTC 2026","message stanzas","filter_stanza","",""
"","14","sets session.jitsi_meet_room from room claim","mod_auth_token (HS256 shared secret)","Wed Sep 02 18:19:45 UTC 2026","passed","Wed Sep 02 18:19:45 UTC 2026","","","",""
"","0","healthcheck room — no affiliation set","mod_token_affiliation","Wed Sep 02 18:18:56 UTC 2026","passed","Wed Sep 02 18:18:56 UTC 2026","","skip conditions in muc-occupant-pre-join","",""
"","0","granted_from set from session.granted_jitsi_meet_context_user_id","mod_short_lived_token","Wed Sep 02 18:18:56 UTC 2026","passed","Wed Sep 02 18:18:56 UTC 2026","","generateToken payload","",""
"","247","moderator recipient receives full presence with identity intact","mod_muc_displayname — hideDisplayNameForGuests","Wed Sep 02 18:21:07 UTC 2026","passed","Wed Sep 02 18:21:07 UTC 2026","","","",""
"","0","returns true for empty prefix","util.lib","Wed Sep 02 18:18:56 UTC 2026","passed","Wed Sep 02 18:18:56 UTC 2026","","starts_with","",""
"","0","nick ending in /focus returns true","util.lib","Wed Sep 02 18:18:56 UTC 2026","passed","Wed Sep 02 18:18:56 UTC 2026","","is_focus","",""
"","1259","recording with only unrecognized fields falls through to the default moderator check","mod_room_metadata_component","Wed Sep 02 18:22:33 UTC 2026","passed","Wed Sep 02 18:22:34 UTC 2026","","allow-moderation hook (mod_filter_iq_rayo interop)","",""
"","4055","all 5 simultaneous joins complete despite rate=1/s","mod_muc_rate_limit","Wed Sep 02 18:21:31 UTC 2026","passed","Wed Sep 02 18:21:35 UTC 2026","","join rate limiting","",""
"","0","returns nil for nil email","util.lib","Wed Sep 02 18:18:56 UTC 2026","passed","Wed Sep 02 18:18:56 UTC 2026","","get_sip_jibri_email_prefix","",""
"","0","does not rewrite a JID whose host uses an arbitrary non-dot separator after the prefix","util.lib","Wed Sep 02 18:18:56 UTC 2026","passed","Wed Sep 02 18:18:56 UTC 2026","","room_jid_match_rewrite","",""
"","0","extracts subdomain from vpaas magic cookie node","util.lib","Wed Sep 02 18:18:56 UTC 2026","passed","Wed Sep 02 18:18:56 UTC 2026","","extract_subdomain","",""
"","1138","moderator cannot set blocked key ""visitorsEnabled""","mod_room_metadata_component","Wed Sep 02 18:22:21 UTC 2026","passed","Wed Sep 02 18:22:22 UTC 2026","","blocked keys","",""
"","16","sends an unsolicited message with a disco#info query on connect","mod_jiconop","Wed Sep 02 18:20:33 UTC 2026","passed","Wed Sep 02 18:20:33 UTC 2026","","","",""
"","176","strips flip_device tag from guest (no JWT context)","mod_muc_flip","Wed Sep 02 18:21:13 UTC 2026","passed","Wed Sep 02 18:21:13 UTC 2026","","flip_device tag stripping","",""
"","169","non-owner with no token features receives forbidden error","mod_filesharing_component","Wed Sep 02 18:20:06 UTC 2026","passed","Wed Sep 02 18:20:06 UTC 2026","","authorization","",""
"","0","ignores apply-to without an id","mod_muc_message_moderation","Wed Sep 02 18:18:56 UTC 2026","passed","Wed Sep 02 18:18:56 UTC 2026","","parse_moderation_request","",""
"","0","accumulates time when dominant speaker stops","SpeakerStats","Wed Sep 02 18:18:56 UTC 2026","passed","Wed Sep 02 18:18:56 UTC 2026","","setDominantSpeaker","",""
"","0","tags with 0x02 and does not pad when high bit is clear","jwk.lib","Wed Sep 02 18:18:56 UTC 2026","passed","Wed Sep 02 18:18:56 UTC 2026","encode_integer","ASN1","",""
"","2205","does not start timer when focus (admin) leaves","mod_muc_cleanup_backend_services","Wed Sep 02 18:21:02 UTC 2026","passed","Wed Sep 02 18:21:04 UTC 2026","","","",""
"","0","returns the target id","mod_muc_message_moderation","Wed Sep 02 18:18:56 UTC 2026","passed","Wed Sep 02 18:18:56 UTC 2026","","parse_retraction","",""
"","0","returns true for two identical tables","util.lib","Wed Sep 02 18:18:56 UTC 2026","passed","Wed Sep 02 18:18:56 UTC 2026","table_equals","table helpers","",""
"","0","resumes accumulating after returning from silence","SpeakerStats","Wed Sep 02 18:18:56 UTC 2026","passed","Wed Sep 02 18:18:56 UTC 2026","","setDominantSpeaker","",""
"","432","blocks START (recording_mode=FILE) when features.recording = false","mod_filter_iq_jibri (feature-based authorization)","Wed Sep 02 18:20:21 UTC 2026","passed","Wed Sep 02 18:20:21 UTC 2026","","attribute case normalisation","",""
"","0","updates isDominantSpeaker state","SpeakerStats","Wed Sep 02 18:18:56 UTC 2026","passed","Wed Sep 02 18:18:56 UTC 2026","","setDominantSpeaker","",""
"","0","restricted is true","mod_short_lived_token","Wed Sep 02 18:18:56 UTC 2026","passed","Wed Sep 02 18:18:56 UTC 2026","valid request service entry","external_service/credentials handler","",""
"","651","messages blocked by filter_messages do not count toward the cap","mod_muc_limit_messages","Wed Sep 02 18:21:21 UTC 2026","passed","Wed Sep 02 18:21:21 UTC 2026","","","",""
"","118","focus joining does not satisfy the host requirement","mod_muc_wait_for_host","Wed Sep 02 18:21:53 UTC 2026","passed","Wed Sep 02 18:21:53 UTC 2026","","no host present","",""
"","176","message with non-string key does not corrupt room state","mod_room_metadata_component","Wed Sep 02 18:22:44 UTC 2026","passed","Wed Sep 02 18:22:44 UTC 2026","","invalid payloads","",""
"","131","allows join with token whose room claim matches the room","mod_token_verification","Wed Sep 02 18:23:01 UTC 2026","passed","Wed Sep 02 18:23:02 UTC 2026","","join access control","",""
"","0","ignores a plain body message","mod_muc_message_moderation","Wed Sep 02 18:18:56 UTC 2026","passed","Wed Sep 02 18:18:56 UTC 2026","","parse_moderation_request","",""
"","0","returns falsy and does not error when no overrides configured","mod_certs_s2soutinjection","Wed Sep 02 18:18:56 UTC 2026","passed","Wed Sep 02 18:18:56 UTC 2026","","attach()","",""
"","649","clears the map (stops translation) when disabled, and restores it when re-enabled","mod_audio_translation_component","Wed Sep 02 18:19:20 UTC 2026","passed","Wed Sep 02 18:19:21 UTC 2026","","enabled flag","",""
"","0","returns is_moderator when features table is absent","util.lib","Wed Sep 02 18:18:56 UTC 2026","passed","Wed Sep 02 18:18:56 UTC 2026","","is_feature_allowed","",""
"","8","rejects connection with wrong issuer","mod_auth_token (ASAP / RS256)","Wed Sep 02 18:19:45 UTC 2026","passed","Wed Sep 02 18:19:45 UTC 2026","","","",""
"","0","encode with private key, verify with public key","luajwtjitsi","Wed Sep 02 18:18:56 UTC 2026","passed","Wed Sep 02 18:18:56 UTC 2026","RS256","verify","",""
"","0","surrounds traceback with header and footer lines","mod_debug_traceback","Wed Sep 02 18:18:56 UTC 2026","passed","Wed Sep 02 18:18:56 UTC 2026","","dump_traceback()","",""
"","0","ignores a non-IQ stanza","mod_jibri_session","Wed Sep 02 18:18:56 UTC 2026","passed","Wed Sep 02 18:18:56 UTC 2026","","non-matching stanzas pass through unchanged","",""
"","0","encode then verify returns original payload","luajwtjitsi","Wed Sep 02 18:18:56 UTC 2026","passed","Wed Sep 02 18:18:56 UTC 2026","HS512","verify","",""
"","2195","does not start timer when breakout rooms are active","mod_muc_cleanup_backend_services","Wed Sep 02 18:21:04 UTC 2026","passed","Wed Sep 02 18:21:06 UTC 2026","","","",""
"","287","anonymous sender is blocked when groupChatRestricted is true","mod_filter_messages","Wed Sep 02 18:20:31 UTC 2026","passed","Wed Sep 02 18:20:31 UTC 2026","","","",""
"","178","room.has_host is cached: guest is admitted after the host leaves","mod_muc_wait_for_host","Wed Sep 02 18:21:53 UTC 2026","passed","Wed Sep 02 18:21:53 UTC 2026","","host present","",""
"","1086","a connected non-occupant cannot create a poll","mod_polls_component","Wed Sep 02 18:22:03 UTC 2026","passed","Wed Sep 02 18:22:04 UTC 2026","","sender authorization","",""
"","131","a role demotion (role=participant) targeting certain participant is rejected","mod_muc_meeting_id","Wed Sep 02 18:21:27 UTC 2026","passed","Wed Sep 02 18:21:28 UTC 2026","","set admin filtering","",""
"","120","allows anonymous join when allow_empty_token = true","mod_token_verification","Wed Sep 02 18:23:01 UTC 2026","passed","Wed Sep 02 18:23:01 UTC 2026","","join access control","",""
"","0","returns false for occupant object with non-recorder JID","util.lib","Wed Sep 02 18:18:56 UTC 2026","passed","Wed Sep 02 18:18:56 UTC 2026","","is_jibri","",""
"","0","uses the configured muc_domain_prefix (conference)","util.lib","Wed Sep 02 18:18:56 UTC 2026","passed","Wed Sep 02 18:18:56 UTC 2026","","build_room_address","",""
"","0","unsupported algorithm returns error","luajwtjitsi","Wed Sep 02 18:18:56 UTC 2026","passed","Wed Sep 02 18:18:56 UTC 2026","argument validation","encode","",""
"","0","key passed to jwt.encode is the key read from key_path","mod_short_lived_token","Wed Sep 02 18:18:56 UTC 2026","passed","Wed Sep 02 18:18:56 UTC 2026","","generateToken payload","",""
"","0","returns truthy for transcriberb@ JID","util.lib","Wed Sep 02 18:18:56 UTC 2026","passed","Wed Sep 02 18:18:56 UTC 2026","","is_transcriber","",""
"","71","returns 400 when connectionJIDs is missing","mod_system_chat_message","Wed Sep 02 18:22:44 UTC 2026","passed","Wed Sep 02 18:22:44 UTC 2026","","parameter validation","",""
"","1140","non-moderator with transcription=false cannot set recording.isTranscribingEnabled","mod_room_metadata_component","Wed Sep 02 18:22:29 UTC 2026","passed","Wed Sep 02 18:22:30 UTC 2026","","allow-moderation hook (mod_filter_iq_rayo interop)","",""
"","140","does not inject permissions when token already contains features","mod_jitsi_permissions","Wed Sep 02 18:20:33 UTC 2026","passed","Wed Sep 02 18:20:33 UTC 2026","","moderator token with features","",""
"","436","blocks start IQ when token has no context.features (non-moderator fallback)","mod_filter_iq_jibri (feature-based authorization)","Wed Sep 02 18:20:15 UTC 2026","passed","Wed Sep 02 18:20:15 UTC 2026","","livestreaming (recording_mode=stream)","",""
"","0","returns false for a regular user JID","util.lib","Wed Sep 02 18:18:56 UTC 2026","passed","Wed Sep 02 18:18:56 UTC 2026","","is_transcriber","",""
"","306","joiner receives list of existing files","mod_filesharing_component","Wed Sep 02 18:20:02 UTC 2026","passed","Wed Sep 02 18:20:02 UTC 2026","","new joiner receives file list","",""
"","433","strips arbitrary client-supplied headers","mod_filter_iq_rayo (feature-based authorization)","Wed Sep 02 18:20:29 UTC 2026","passed","Wed Sep 02 18:20:30 UTC 2026","","header stripping","",""
"","2247","cancels the destroy timer when a regular user joins after timer starts","mod_muc_cleanup_backend_services","Wed Sep 02 18:20:57 UTC 2026","passed","Wed Sep 02 18:21:00 UTC 2026","","","",""
"","0","marks the history entry as moderated by the sending occupant","mod_muc_message_moderation","Wed Sep 02 18:18:56 UTC 2026","passed","Wed Sep 02 18:18:56 UTC 2026","","moderation by a moderator","",""
"","0","falls back to granted_jitsi_meet_context_user_id when context_user is nil","mod_jibri_session","Wed Sep 02 18:18:56 UTC 2026","passed","Wed Sep 02 18:18:56 UTC 2026","","client-to-jicofo pass (no room attr on jibri element)","",""
"","0","does not touch stanzas with no <conference> child","mod_muc_domain_mapper","Wed Sep 02 18:18:56 UTC 2026","passed","Wed Sep 02 18:18:56 UTC 2026","iq stanzas","filter_stanza","",""
"","0","logs error and skips hook when ttl_seconds is absent","mod_short_lived_token","Wed Sep 02 18:18:56 UTC 2026","passed","Wed Sep 02 18:18:56 UTC 2026","","config validation","",""
"","1137","moderator cannot set blocked key ""dialinEnabled""","mod_room_metadata_component","Wed Sep 02 18:22:13 UTC 2026","passed","Wed Sep 02 18:22:14 UTC 2026","","blocked keys","",""
"","0","resolves a roomless IQ stored by room_jid_match_rewrite","util.lib","Wed Sep 02 18:18:56 UTC 2026","passed","Wed Sep 02 18:18:56 UTC 2026","","internal_room_jid_match_rewrite","",""
"","0","adds the room info field to a disco#info form","mod_muc_message_moderation","Wed Sep 02 18:18:56 UTC 2026","passed","Wed Sep 02 18:18:56 UTC 2026","","capability advertisement","",""
"","0","default filename contains pid and starts with data path","mod_debug_traceback","Wed Sep 02 18:18:56 UTC 2026","passed","Wed Sep 02 18:18:56 UTC 2026","","dump_traceback()","",""
"","236","a client joining after a poll was created receives it via old-polls","mod_polls_component","Wed Sep 02 18:21:55 UTC 2026","passed","Wed Sep 02 18:21:55 UTC 2026","","history delivery","",""
"","121","allows resource matching UUID prefix","mod_muc_resource_validate","Wed Sep 02 18:21:50 UTC 2026","passed","Wed Sep 02 18:21:51 UTC 2026","","","",""
"","333","body-less groupchat (no json) counts toward the cap and is blocked","mod_muc_limit_messages","Wed Sep 02 18:21:19 UTC 2026","passed","Wed Sep 02 18:21:19 UTC 2026","","","",""
"","0","breaks base64 into 64-character lines","jwk.lib","Wed Sep 02 18:18:56 UTC 2026","passed","Wed Sep 02 18:18:56 UTC 2026","der_to_pem","ASN1","",""
"","0","has zero total speaking time","SpeakerStats","Wed Sep 02 18:18:56 UTC 2026","passed","Wed Sep 02 18:18:56 UTC 2026","","initial state","",""
"","530","rejects a request whose target sender is not a current occupant","mod_audio_translation_component","Wed Sep 02 18:19:24 UTC 2026","passed","Wed Sep 02 18:19:24 UTC 2026","","validation (whole-stanza atomicity)","",""
"","0","updates isSilent state","SpeakerStats","Wed Sep 02 18:18:56 UTC 2026","passed","Wed Sep 02 18:18:56 UTC 2026","","setDominantSpeaker","",""
"","441","passes through a clean user-id unchanged (control)","mod_filter_iq_rayo — CRLF escaping in re-serialized headers","Wed Sep 02 18:22:06 UTC 2026","passed","Wed Sep 02 18:22:06 UTC 2026","","","",""
"","0","adds the room info field to the room config form","mod_muc_message_moderation","Wed Sep 02 18:18:56 UTC 2026","passed","Wed Sep 02 18:18:56 UTC 2026","","capability advertisement","",""
"","18","connects successfully with a valid RS256 token","mod_auth_token (ASAP / RS256)","Wed Sep 02 18:19:44 UTC 2026","passed","Wed Sep 02 18:19:44 UTC 2026","","","",""
"","436","sanitises CRLF in JWT user-id when building the initiator header","mod_filter_iq_rayo — CRLF escaping in re-serialized headers","Wed Sep 02 18:22:05 UTC 2026","passed","Wed Sep 02 18:22:05 UTC 2026","","","",""
"","185","per-room limit lower than global restricts the room further","mod_muc_max_occupants","Wed Sep 02 18:21:26 UTC 2026","passed","Wed Sep 02 18:21:26 UTC 2026","","per-room limit","",""
"","0","moderates when the room has no history at all","mod_muc_message_moderation","Wed Sep 02 18:18:56 UTC 2026","passed","Wed Sep 02 18:18:56 UTC 2026","","moderation role checks","",""
"","2","returns 400 when query string is missing","mod_muc_size","Wed Sep 02 18:21:52 UTC 2026","passed","Wed Sep 02 18:21:52 UTC 2026","","GET /room","",""
"","539","all non-admin occupants of the main room receive the update broadcast","mod_muc_breakout_rooms","Wed Sep 02 18:20:43 UTC 2026","passed","Wed Sep 02 18:20:44 UTC 2026","","create breakout room","",""
"","9","session count increases when a client connects","mod_muc_size","Wed Sep 02 18:21:52 UTC 2026","passed","Wed Sep 02 18:21:52 UTC 2026","","GET /sessions","",""
"","142","includes displayName in the payload when provided","mod_system_chat_message","Wed Sep 02 18:22:45 UTC 2026","passed","Wed Sep 02 18:22:45 UTC 2026","","message delivery","",""
"","619","allows a language switch at the limit (count unchanged)","mod_audio_translation_component","Wed Sep 02 18:19:29 UTC 2026","passed","Wed Sep 02 18:19:30 UTC 2026","","per-receiver limit (3)","",""
"","0","is not silent","SpeakerStats","Wed Sep 02 18:18:56 UTC 2026","passed","Wed Sep 02 18:18:56 UTC 2026","","initial state","",""
"","190","returns 200 and delivers the message to the recipient","mod_system_chat_message","Wed Sep 02 18:22:44 UTC 2026","passed","Wed Sep 02 18:22:45 UTC 2026","","message delivery","",""
"","121","does not inject <identity> when token has no context.user","mod_presence_identity","Wed Sep 02 18:22:04 UTC 2026","passed","Wed Sep 02 18:22:04 UTC 2026","","identity injection","",""
"","437","blocks start IQ when token has no context.features (non-moderator fallback)","mod_filter_iq_jibri (feature-based authorization)","Wed Sep 02 18:20:11 UTC 2026","passed","Wed Sep 02 18:20:11 UTC 2026","","recording (recording_mode=file)","",""
"","0","admin occupant — no affiliation set","mod_token_affiliation","Wed Sep 02 18:18:56 UTC 2026","passed","Wed Sep 02 18:18:56 UTC 2026","","skip conditions in muc-occupant-pre-join","",""
"","0","returns true and room name for a moderated room (no subdomain)","util.lib","Wed Sep 02 18:18:56 UTC 2026","passed","Wed Sep 02 18:18:56 UTC 2026","","is_moderated","",""
"","0","relays a correction when the room has no history at all","mod_muc_message_moderation","Wed Sep 02 18:18:56 UTC 2026","passed","Wed Sep 02 18:18:56 UTC 2026","","correction author checks","",""
"","426","blocks stop IQ when token has no context.features (non-moderator fallback)","mod_filter_iq_jibri (feature-based authorization)","Wed Sep 02 18:20:13 UTC 2026","passed","Wed Sep 02 18:20:13 UTC 2026","","recording (recording_mode=file)","",""
"","84","returns 401 when token is expired","mod_system_chat_message","Wed Sep 02 18:22:44 UTC 2026","passed","Wed Sep 02 18:22:44 UTC 2026","","authentication","",""
"","73","returns 403 when Authorization header is absent","mod_muc_kick_participant","Wed Sep 02 18:21:17 UTC 2026","passed","Wed Sep 02 18:21:17 UTC 2026","","authentication","",""
"","1137","moderator cannot set blocked key ""participantsSoftLimit""","mod_room_metadata_component","Wed Sep 02 18:22:16 UTC 2026","passed","Wed Sep 02 18:22:17 UTC 2026","","blocked keys","",""
"","80","returns 404 when the Jigasi brewery room does not exist","mod_muc_jigasi_invite","Wed Sep 02 18:21:16 UTC 2026","passed","Wed Sep 02 18:21:16 UTC 2026","","brewery room","",""
"","8","sets session.customusername from ?customusername query param","mod_jitsi_session","Wed Sep 02 18:20:34 UTC 2026","passed","Wed Sep 02 18:20:34 UTC 2026","","","",""
"","245","all occupants receive an unavailable presence with a destroy reason","mod_end_conference","Wed Sep 02 18:19:56 UTC 2026","passed","Wed Sep 02 18:19:56 UTC 2026","","","",""
"","0","returns nil when searching for nil","util.lib","Wed Sep 02 18:18:56 UTC 2026","passed","Wed Sep 02 18:18:56 UTC 2026","table_find","table helpers","",""
"","121","non-subdomain room still works after mapper is loaded","mod_muc_domain_mapper","Wed Sep 02 18:21:09 UTC 2026","passed","Wed Sep 02 18:21:09 UTC 2026","","subdomain room join","",""
"","1136","moderator cannot set blocked key ""allownersEnabled""","mod_room_metadata_component","Wed Sep 02 18:22:09 UTC 2026","passed","Wed Sep 02 18:22:10 UTC 2026","","blocked keys","",""
"","0","accumulates time up to the moment of going silent","SpeakerStats","Wed Sep 02 18:18:56 UTC 2026","passed","Wed Sep 02 18:18:56 UTC 2026","","setDominantSpeaker","",""
"","0","splits a simple comma-delimited string","util.lib","Wed Sep 02 18:18:56 UTC 2026","passed","Wed Sep 02 18:18:56 UTC 2026","","split_string","",""
"","0","does not route to occupants belonging to another node","mod_muc_message_moderation","Wed Sep 02 18:18:56 UTC 2026","passed","Wed Sep 02 18:18:56 UTC 2026","","visitor node history","",""
"","0","extracts subdomain and room name from [sub]room format","util.lib","Wed Sep 02 18:18:56 UTC 2026","passed","Wed Sep 02 18:18:56 UTC 2026","","extract_subdomain","",""
"","432","ignores a message from a session without a room context","mod_audio_translation_component","Wed Sep 02 18:19:18 UTC 2026","passed","Wed Sep 02 18:19:18 UTC 2026","","routing and parsing","",""
"","0","returns true when feature value is boolean true","util.lib","Wed Sep 02 18:18:56 UTC 2026","passed","Wed Sep 02 18:18:56 UTC 2026","","is_feature_allowed","",""
"","0","customer_id falls back to group when extract_subdomain returns no customer_id","mod_short_lived_token","Wed Sep 02 18:18:56 UTC 2026","passed","Wed Sep 02 18:18:56 UTC 2026","","generateToken payload","",""
"","455","participant count decreases after a client leaves","mod_muc_size","Wed Sep 02 18:21:51 UTC 2026","passed","Wed Sep 02 18:21:52 UTC 2026","","GET /room-size","",""
"","0","affiliation='teacher' sets owner","mod_token_affiliation","Wed Sep 02 18:18:56 UTC 2026","passed","Wed Sep 02 18:18:56 UTC 2026","","affiliation assignment","",""
"","23","sets session.jitsi_meet_context_features from token context","mod_auth_token (ASAP / RS256)","Wed Sep 02 18:19:45 UTC 2026","passed","Wed Sep 02 18:19:45 UTC 2026","","","",""
"","127","occupant disco#info succeeds","mod_muc_hide_all","Wed Sep 02 18:21:16 UTC 2026","passed","Wed Sep 02 18:21:16 UTC 2026","","when module is enabled","",""
"","431","blocks START (recording_mode=FILE) when only features.livestreaming = true (cross-feature)","mod_filter_iq_jibri (feature-based authorization)","Wed Sep 02 18:20:21 UTC 2026","passed","Wed Sep 02 18:20:22 UTC 2026","","attribute case normalisation","",""
"","0","returns no customer_id for non-vpaas subdomain","util.lib","Wed Sep 02 18:18:56 UTC 2026","passed","Wed Sep 02 18:18:56 UTC 2026","","extract_subdomain","",""
"","1131","error-type message is ignored without triggering a reply","mod_filesharing_component","Wed Sep 02 18:20:08 UTC 2026","passed","Wed Sep 02 18:20:10 UTC 2026","","invalid payloads","",""
"","67","returns item-not-found error reply for Jibri IQ targeting a non-existent room","mod_filter_iq_jibri (feature-based authorization)","Wed Sep 02 18:20:18 UTC 2026","passed","Wed Sep 02 18:20:18 UTC 2026","","robustness","",""
"","0","password is non-empty string","mod_short_lived_token","Wed Sep 02 18:18:56 UTC 2026","passed","Wed Sep 02 18:18:56 UTC 2026","valid request service entry","external_service/credentials handler","",""
"","79","returns { valid: true } when submitted passcode matches","mod_muc_password_check","Wed Sep 02 18:21:30 UTC 2026","passed","Wed Sep 02 18:21:30 UTC 2026","","PUT passcode validation","",""
"","488","moderator receives an update broadcast after creating a breakout room","mod_muc_breakout_rooms","Wed Sep 02 18:20:42 UTC 2026","passed","Wed Sep 02 18:20:43 UTC 2026","","create breakout room","",""
"","486","update payload contains the main room and the new breakout room","mod_muc_breakout_rooms","Wed Sep 02 18:20:43 UTC 2026","passed","Wed Sep 02 18:20:43 UTC 2026","","create breakout room","",""
"","1144","non-moderator with transcription feature cannot set unrelated metadata keys","mod_room_metadata_component","Wed Sep 02 18:22:31 UTC 2026","passed","Wed Sep 02 18:22:32 UTC 2026","","allow-moderation hook (mod_filter_iq_rayo interop)","",""
"","432","blocks IQ when token has no context.features (non-owner fallback)","mod_filter_iq_rayo (feature-based authorization)","Wed Sep 02 18:20:25 UTC 2026","passed","Wed Sep 02 18:20:25 UTC 2026","","transcription (dial to jitsi_meet_transcribe)","",""
"","0","ignores non-groupchat stanzas","mod_muc_message_moderation","Wed Sep 02 18:18:56 UTC 2026","passed","Wed Sep 02 18:18:56 UTC 2026","","moderation role checks","",""
"","833","session survives a transcription-result with an empty transcript array","mod_muc_meeting_id","Wed Sep 02 18:21:28 UTC 2026","passed","Wed Sep 02 18:21:29 UTC 2026","","transcription filter robustness","",""
"","3163","room destroyed while joins are queued does not crash the module","mod_muc_rate_limit","Wed Sep 02 18:21:44 UTC 2026","passed","Wed Sep 02 18:21:47 UTC 2026","","room destruction","",""
"","0","tampered signature fails verification","luajwtjitsi","Wed Sep 02 18:18:56 UTC 2026","passed","Wed Sep 02 18:18:56 UTC 2026","RS256","verify","",""
"","0","rewrites a multidomain JID to internal [sub]room@muc_domain form","util.lib","Wed Sep 02 18:18:56 UTC 2026","passed","Wed Sep 02 18:18:56 UTC 2026","","room_jid_match_rewrite","",""
"","2198","destroys room when last regular user leaves and only transcriber remains","mod_muc_cleanup_backend_services","Wed Sep 02 18:20:53 UTC 2026","passed","Wed Sep 02 18:20:55 UTC 2026","","","",""
"","0","prepends 0x00 when first byte is 0xFF","jwk.lib","Wed Sep 02 18:18:56 UTC 2026","passed","Wed Sep 02 18:18:56 UTC 2026","encode_integer","ASN1","",""
"","0","create and export span","otel","Wed Sep 02 18:18:56 UTC 2026","passed","Wed Sep 02 18:18:56 UTC 2026","","span","",""
"","1252","two clients in different subdomain rooms do not see each other","mod_muc_domain_mapper","Wed Sep 02 18:21:09 UTC 2026","passed","Wed Sep 02 18:21:10 UTC 2026","","occupant presence exchange","",""
"","236","never delivers a private json-message under a forged room from","mod_time_restricted","Wed Sep 02 18:23:00 UTC 2026","passed","Wed Sep 02 18:23:00 UTC 2026","","spoofing by an occupant","",""
"","0","rejects a correction from someone who is not the author","mod_muc_message_moderation","Wed Sep 02 18:18:56 UTC 2026","passed","Wed Sep 02 18:18:56 UTC 2026","","correction author checks","",""
"","0","ignores a stanza that did not come from the main domain","mod_muc_message_moderation","Wed Sep 02 18:18:56 UTC 2026","passed","Wed Sep 02 18:18:56 UTC 2026","","visitor node history","",""
"","0","sends no error","mod_muc_message_moderation","Wed Sep 02 18:18:56 UTC 2026","passed","Wed Sep 02 18:18:56 UTC 2026","","moderation by a moderator","",""
"","0","does not touch cert status for host not in overrides","mod_certs_s2soutinjection","Wed Sep 02 18:18:56 UTC 2026","passed","Wed Sep 02 18:18:56 UTC 2026","","attach()","",""
"","0","ignores a jibri IQ with action 'stop'","mod_jibri_session","Wed Sep 02 18:18:56 UTC 2026","passed","Wed Sep 02 18:18:56 UTC 2026","","non-matching stanzas pass through unchanged","",""
"","190","relayed answers contain only names — extra fields are stripped","mod_polls_component","Wed Sep 02 18:21:53 UTC 2026","passed","Wed Sep 02 18:21:54 UTC 2026","","poll creation","",""
"","9","query contains release identity","mod_jiconop","Wed Sep 02 18:20:33 UTC 2026","passed","Wed Sep 02 18:20:33 UTC 2026","","","",""
"","487","denies a non-moderator without the live-translation feature","mod_audio_translation_component","Wed Sep 02 18:19:36 UTC 2026","passed","Wed Sep 02 18:19:36 UTC 2026","","enable-flag write gating (live-translation)","",""
"","177","lets a moderator enable the feature","mod_audio_translation_component","Wed Sep 02 18:19:36 UTC 2026","passed","Wed Sep 02 18:19:36 UTC 2026","","enable-flag write gating (live-translation)","",""
"","0","logs error and skips hook when key_path is absent","mod_short_lived_token","Wed Sep 02 18:18:56 UTC 2026","passed","Wed Sep 02 18:18:56 UTC 2026","","config validation","",""
"","126","a ban (affiliation=outcast by jid) targeting certain participant is rejected","mod_muc_meeting_id","Wed Sep 02 18:21:27 UTC 2026","passed","Wed Sep 02 18:21:27 UTC 2026","","set admin filtering","",""
"","0","encodes single-byte length for 127","jwk.lib","Wed Sep 02 18:18:56 UTC 2026","passed","Wed Sep 02 18:18:56 UTC 2026","encode_length","ASN1","",""
"","431","blocks IQ when context.features present but outbound-call key absent","mod_filter_iq_rayo (feature-based authorization)","Wed Sep 02 18:20:22 UTC 2026","passed","Wed Sep 02 18:20:23 UTC 2026","","outbound-call (dial to non-transcribe address)","",""
"","119","blocks unauthenticated user from sending owner config IQ","mod_token_verification","Wed Sep 02 18:23:02 UTC 2026","passed","Wed Sep 02 18:23:02 UTC 2026","","token_verification_require_token_for_moderation","",""
"","436","blocks start IQ when context.features present but livestreaming key absent","mod_filter_iq_jibri (feature-based authorization)","Wed Sep 02 18:20:14 UTC 2026","passed","Wed Sep 02 18:20:15 UTC 2026","","livestreaming (recording_mode=stream)","",""
"","650","clears listeners when disabled and restores them when re-enabled","mod_audio_translation_component","Wed Sep 02 18:19:44 UTC 2026","passed","Wed Sep 02 18:19:44 UTC 2026","","directed listeners push (translation-listeners)","",""
"","0","removes the local entry for a retraction from main","mod_muc_message_moderation","Wed Sep 02 18:18:56 UTC 2026","passed","Wed Sep 02 18:18:56 UTC 2026","","visitor node history","",""
"","0","rejects a request from a participant without the moderator role","mod_muc_message_moderation","Wed Sep 02 18:18:56 UTC 2026","passed","Wed Sep 02 18:18:56 UTC 2026","","moderation role checks","",""
"","54","advertises an audio-translation component identity on the main host","mod_audio_translation_component","Wed Sep 02 18:19:15 UTC 2026","passed","Wed Sep 02 18:19:15 UTC 2026","","disco identity","",""
"","0","returns the target id with no reason","mod_muc_message_moderation","Wed Sep 02 18:18:56 UTC 2026","passed","Wed Sep 02 18:18:56 UTC 2026","","parse_moderation_request","",""
"","0","does not nest a second marker when moderated twice","mod_muc_message_moderation","Wed Sep 02 18:18:56 UTC 2026","passed","Wed Sep 02 18:18:56 UTC 2026","","moderation attribution","",""
"","1013","blocks a non-whitelisted client even when it creates the room","mod_muc_filter_access","Wed Sep 02 18:21:12 UTC 2026","passed","Wed Sep 02 18:21:13 UTC 2026","","","",""
"","139","moderator token holder is blocked by lobby, not bypassed by affiliation grant","mod_muc_lobby_rooms","Wed Sep 02 18:21:22 UTC 2026","passed","Wed Sep 02 18:21:22 UTC 2026","","token_affiliation interaction","",""
"","426","blocks stop IQ when features.recording = false","mod_filter_iq_jibri (feature-based authorization)","Wed Sep 02 18:20:12 UTC 2026","passed","Wed Sep 02 18:20:12 UTC 2026","","recording (recording_mode=file)","",""
"","135","affiliation='teacher'","mod_token_affiliation","Wed Sep 02 18:23:01 UTC 2026","passed","Wed Sep 02 18:23:01 UTC 2026","","moderator claim variants that grant owner/moderator","",""
"","0","rejects a retraction from a moderator who is not the author","mod_muc_message_moderation","Wed Sep 02 18:18:56 UTC 2026","passed","Wed Sep 02 18:18:56 UTC 2026","","retraction","",""
"","0","returns false when string does not start with prefix","util.lib","Wed Sep 02 18:18:56 UTC 2026","passed","Wed Sep 02 18:18:56 UTC 2026","","starts_with","",""
"","9","sets session.previd from ?previd query param","mod_jitsi_session","Wed Sep 02 18:20:34 UTC 2026","passed","Wed Sep 02 18:20:34 UTC 2026","","","",""
"","0","does not match the nested retract of a moderation request","mod_muc_message_moderation","Wed Sep 02 18:18:56 UTC 2026","passed","Wed Sep 02 18:18:56 UTC 2026","","parse_retraction","",""
"","0","announces the same stanza that was broadcast","mod_muc_message_moderation","Wed Sep 02 18:18:56 UTC 2026","passed","Wed Sep 02 18:18:56 UTC 2026","","moderation by a moderator","",""
"","0","passes stanza through unchanged when skipMapping is true","mod_muc_domain_mapper","Wed Sep 02 18:18:56 UTC 2026","passed","Wed Sep 02 18:18:56 UTC 2026","skipped stanzas","filter_stanza","",""
"","690","does not resend when the listener set is unchanged","mod_audio_translation_component","Wed Sep 02 18:19:42 UTC 2026","passed","Wed Sep 02 18:19:43 UTC 2026","","directed listeners push (translation-listeners)","",""
"","0","non-matching value returns false","luajwtjitsi","Wed Sep 02 18:18:56 UTC 2026","passed","Wed Sep 02 18:18:56 UTC 2026","verify_claim","internals","",""
"","0","returns true for focus@auth.example.com","util.lib","Wed Sep 02 18:18:56 UTC 2026","passed","Wed Sep 02 18:18:56 UTC 2026","","is_focus_jid","",""
"","0","is not dominant speaker","SpeakerStats","Wed Sep 02 18:18:56 UTC 2026","passed","Wed Sep 02 18:18:56 UTC 2026","","initial state","",""
"","0","tombstones the local entry for a moderation from main","mod_muc_message_moderation","Wed Sep 02 18:18:56 UTC 2026","passed","Wed Sep 02 18:18:56 UTC 2026","","visitor node history","",""
"","0","removes the signature segment","luajwtjitsi","Wed Sep 02 18:18:56 UTC 2026","passed","Wed Sep 02 18:18:56 UTC 2026","strip_signature","internals","",""
"","916","silently ignores requests when audioTranslation.enabled is false","mod_audio_translation_component","Wed Sep 02 18:19:19 UTC 2026","passed","Wed Sep 02 18:19:20 UTC 2026","","enabled flag","",""
"","1139","message with null ""data"" is ignored","mod_room_metadata_component","Wed Sep 02 18:22:43 UTC 2026","passed","Wed Sep 02 18:22:44 UTC 2026","","invalid payloads","",""
"","0","still checks the role for a message that has aged out of history","mod_muc_message_moderation","Wed Sep 02 18:18:56 UTC 2026","passed","Wed Sep 02 18:18:56 UTC 2026","","moderation role checks","",""
"","0","wraps bytes with OID tag 0x06","jwk.lib","Wed Sep 02 18:18:56 UTC 2026","passed","Wed Sep 02 18:18:56 UTC 2026","encode_oid","ASN1","",""
"","0","announces it even when the message is not in the local history","mod_muc_message_moderation","Wed Sep 02 18:18:56 UTC 2026","passed","Wed Sep 02 18:18:56 UTC 2026","","visitor node history","",""
"","434","passes start IQ when features.recording = true","mod_filter_iq_jibri (feature-based authorization)","Wed Sep 02 18:20:10 UTC 2026","passed","Wed Sep 02 18:20:10 UTC 2026","","recording (recording_mode=file)","",""
"","0","returns true for focus@auth.example.com/resource","util.lib","Wed Sep 02 18:18:56 UTC 2026","passed","Wed Sep 02 18:18:56 UTC 2026","","is_focus_jid","",""
"","0","stamps the retraction in the tombstone","mod_muc_message_moderation","Wed Sep 02 18:18:56 UTC 2026","passed","Wed Sep 02 18:18:56 UTC 2026","","moderation by a moderator","",""
"","333","first message over cap is rejected with <not-allowed/>","mod_muc_limit_messages","Wed Sep 02 18:21:17 UTC 2026","passed","Wed Sep 02 18:21:18 UTC 2026","","","",""
"","0","encodes two-byte form for 128","jwk.lib","Wed Sep 02 18:18:56 UTC 2026","passed","Wed Sep 02 18:18:56 UTC 2026","encode_length","ASN1","",""
"","201","non-moderator receives full presence when hideDisplayNameForGuests is false","mod_muc_displayname — hideDisplayNameForGuests","Wed Sep 02 18:21:07 UTC 2026","passed","Wed Sep 02 18:21:08 UTC 2026","","","",""
"","579","does not remove focus before authorizing the affiliation change","mod_muc_lobby_rooms","Wed Sep 02 18:21:24 UTC 2026","passed","Wed Sep 02 18:21:24 UTC 2026","","admin-set nick reservation","",""
"","440","plain message without <end_conference/> element is ignored","mod_end_conference","Wed Sep 02 18:19:57 UTC 2026","passed","Wed Sep 02 18:19:57 UTC 2026","","","",""
"","236","client with file-upload feature can add file","mod_filesharing_component","Wed Sep 02 18:20:06 UTC 2026","passed","Wed Sep 02 18:20:06 UTC 2026","","authorization","",""
"","258","JWT host arriving after lobby is triggered opens the room for new guests","mod_muc_wait_for_host","Wed Sep 02 18:21:52 UTC 2026","passed","Wed Sep 02 18:21:52 UTC 2026","","","",""
"","126","adds <group> inside <identity> when context.group is set","mod_presence_identity","Wed Sep 02 18:22:04 UTC 2026","passed","Wed Sep 02 18:22:04 UTC 2026","","identity injection","",""
"","3","PUT returns 400 when body is empty","mod_muc_password_check","Wed Sep 02 18:21:30 UTC 2026","passed","Wed Sep 02 18:21:30 UTC 2026","","parameter validation","",""
"","545","removes an entry with an empty-string language","mod_audio_translation_component","Wed Sep 02 18:19:25 UTC 2026","passed","Wed Sep 02 18:19:26 UTC 2026","","delta semantics","",""
"","0","falls back to granted_jitsi_meet_context_group_id when context_group is nil","mod_jibri_session","Wed Sep 02 18:18:56 UTC 2026","passed","Wed Sep 02 18:18:56 UTC 2026","","client-to-jicofo pass (no room attr on jibri element)","",""
"","0","stores an ordinary message","mod_muc_message_moderation","Wed Sep 02 18:18:56 UTC 2026","passed","Wed Sep 02 18:18:56 UTC 2026","","skip_history","",""
"","446","non-occupant cannot end the conference","mod_end_conference","Wed Sep 02 18:19:56 UTC 2026","passed","Wed Sep 02 18:19:57 UTC 2026","","","",""
"","0","returns NULL tag (0x05) with zero length","jwk.lib","Wed Sep 02 18:18:56 UTC 2026","passed","Wed Sep 02 18:18:56 UTC 2026","encode_null","ASN1","",""
"","2","returns 400 when query string is missing","mod_muc_size","Wed Sep 02 18:21:51 UTC 2026","passed","Wed Sep 02 18:21:51 UTC 2026","","GET /room-size","",""
"","195","enforces token name: observer sees token name even when sender sent a different nick","mod_muc_displayname — name-readonly","Wed Sep 02 18:21:06 UTC 2026","passed","Wed Sep 02 18:21:06 UTC 2026","","","",""
"","0","ignores an ordinary message from main","mod_muc_message_moderation","Wed Sep 02 18:18:56 UTC 2026","passed","Wed Sep 02 18:18:56 UTC 2026","","visitor node history","",""
"","1240","does not send broadcast back to sender","mod_filesharing_component","Wed Sep 02 18:19:58 UTC 2026","passed","Wed Sep 02 18:19:59 UTC 2026","","add file","",""
"","0","returns nil subdomain when only the suffix differs by a non-dot character","util.lib","Wed Sep 02 18:18:56 UTC 2026","passed","Wed Sep 02 18:18:56 UTC 2026","","room_jid_split_subdomain","",""
"","0","returns false for a regular room","util.lib","Wed Sep 02 18:18:56 UTC 2026","passed","Wed Sep 02 18:18:56 UTC 2026","","is_healthcheck_room","",""
"","74","JWT authenticated user receives owner affiliation on join","mod_muc_wait_for_host","Wed Sep 02 18:21:52 UTC 2026","passed","Wed Sep 02 18:21:52 UTC 2026","","","",""
"","433","passes JvbRoomPassword through when provided","mod_filter_iq_rayo (feature-based authorization)","Wed Sep 02 18:20:30 UTC 2026","passed","Wed Sep 02 18:20:30 UTC 2026","","JvbRoomPassword header","",""
"","0","fires debug_traceback/triggered event with a traceback string","mod_debug_traceback","Wed Sep 02 18:18:56 UTC 2026","passed","Wed Sep 02 18:18:56 UTC 2026","","dump_traceback()","",""
"","121","survives context.user keys that contain XML-special characters","mod_presence_identity","Wed Sep 02 18:22:04 UTC 2026","passed","Wed Sep 02 18:22:04 UTC 2026","","malformed JWT context.user keys","",""
"","133","sets token features on session for moderator with features","mod_jitsi_permissions","Wed Sep 02 18:20:34 UTC 2026","passed","Wed Sep 02 18:20:34 UTC 2026","","session features (via HTTP)","",""
"","1124","non-moderator startmuted presence is ignored","mod_room_metadata_component","Wed Sep 02 18:22:26 UTC 2026","passed","Wed Sep 02 18:22:27 UTC 2026","","startMuted presence shim","",""
"","0","does not count time when starting dominant+silent","SpeakerStats","Wed Sep 02 18:18:56 UTC 2026","passed","Wed Sep 02 18:18:56 UTC 2026","","setDominantSpeaker","",""
"","538","rejects invalid JSON","mod_audio_translation_component","Wed Sep 02 18:19:17 UTC 2026","passed","Wed Sep 02 18:19:17 UTC 2026","","routing and parsing","",""
"","0","ignores a plain body message","mod_muc_message_moderation","Wed Sep 02 18:18:56 UTC 2026","passed","Wed Sep 02 18:18:56 UTC 2026","","parse_retraction","",""
"","0","user_region propagated from session","mod_short_lived_token","Wed Sep 02 18:18:56 UTC 2026","passed","Wed Sep 02 18:18:56 UTC 2026","","generateToken payload","",""
"","0","rewrites 'from' via internal_room_jid_match_rewrite","mod_muc_domain_mapper","Wed Sep 02 18:18:56 UTC 2026","passed","Wed Sep 02 18:18:56 UTC 2026","message stanzas","filter_stanza","",""
"","514","VPaaS user is allowed when access manager returns access=true","mod_muc_auth_ban","Wed Sep 02 18:20:36 UTC 2026","passed","Wed Sep 02 18:20:36 UTC 2026","","","",""
"","0","routes the moderation to the occupants of this node","mod_muc_message_moderation","Wed Sep 02 18:18:56 UTC 2026","passed","Wed Sep 02 18:18:56 UTC 2026","","visitor node history","",""
"","186","non-moderator with transcription feature can set recording.isTranscribingEnabled","mod_room_metadata_component","Wed Sep 02 18:22:27 UTC 2026","passed","Wed Sep 02 18:22:27 UTC 2026","","allow-moderation hook (mod_filter_iq_rayo interop)","",""
"","201","passes nick unchanged when name-readonly is not set","mod_muc_displayname — name-readonly","Wed Sep 02 18:21:07 UTC 2026","passed","Wed Sep 02 18:21:07 UTC 2026","","","",""
"","0","logs a not-allowed presence error once per session","mod_muc_domain_mapper","Wed Sep 02 18:18:56 UTC 2026","passed","Wed Sep 02 18:18:56 UTC 2026","log_not_allowed_errors","filter_stanza","",""
"","139","non-occupant disco#info to an existing room succeeds","mod_muc_hide_all","Wed Sep 02 18:21:15 UTC 2026","passed","Wed Sep 02 18:21:15 UTC 2026","","when module is disabled","",""
"","0","converts a minimal RSA JWK (no 0x00 padding) to PEM","jwk.lib","Wed Sep 02 18:18:56 UTC 2026","passed","Wed Sep 02 18:18:56 UTC 2026","","jwk_to_pem","",""
"","0","does not rewrite a JID whose host uses a hyphen after the prefix (regression)","util.lib","Wed Sep 02 18:18:56 UTC 2026","passed","Wed Sep 02 18:18:56 UTC 2026","","room_jid_match_rewrite","",""
"","0","plain /focus string returns true","util.lib","Wed Sep 02 18:18:56 UTC 2026","passed","Wed Sep 02 18:18:56 UTC 2026","","is_focus","",""
"","0","sub is jitsi_web_query_prefix when non-empty","mod_short_lived_token","Wed Sep 02 18:18:56 UTC 2026","passed","Wed Sep 02 18:18:56 UTC 2026","","generateToken payload","",""
"","131","injects all default permissions into self-presence on join","mod_jitsi_permissions","Wed Sep 02 18:20:33 UTC 2026","passed","Wed Sep 02 18:20:33 UTC 2026","","moderator token without features","",""
"","71","allows a client from a whitelisted domain to join","mod_muc_filter_access","Wed Sep 02 18:21:11 UTC 2026","passed","Wed Sep 02 18:21:11 UTC 2026","","","",""
"","0","preserves the room name text around the escaped CRLF","Rayo dial IQ header CRLF escaping [in-file reference serializer]","Wed Sep 02 18:18:56 UTC 2026","passed","Wed Sep 02 18:18:56 UTC 2026","","","",""
"","1137","message with missing ""key"" field is ignored","mod_room_metadata_component","Wed Sep 02 18:22:40 UTC 2026","passed","Wed Sep 02 18:22:42 UTC 2026","","invalid payloads","",""
"","0","returns false for a non-recorder JID string","util.lib","Wed Sep 02 18:18:56 UTC 2026","passed","Wed Sep 02 18:18:56 UTC 2026","","is_jibri","",""
"","1181","new-poll with an empty answers array is ignored","mod_polls_component","Wed Sep 02 18:21:57 UTC 2026","passed","Wed Sep 02 18:21:58 UTC 2026","","validation","",""
"","5","returns 400 when body is empty","mod_muc_jigasi_invite","Wed Sep 02 18:21:16 UTC 2026","passed","Wed Sep 02 18:21:16 UTC 2026","","parameter validation","",""
"","284","messages within the cap are delivered","mod_muc_limit_messages","Wed Sep 02 18:21:17 UTC 2026","passed","Wed Sep 02 18:21:17 UTC 2026","","","",""
"","11","PUT returns 404 when room does not exist","mod_muc_password_check","Wed Sep 02 18:21:30 UTC 2026","passed","Wed Sep 02 18:21:30 UTC 2026","","room lookup","",""
"","67","returns 400 when message is missing","mod_system_chat_message","Wed Sep 02 18:22:44 UTC 2026","passed","Wed Sep 02 18:22:44 UTC 2026","","parameter validation","",""
"","7","returns 400 when phoneNo is missing","mod_muc_jigasi_invite","Wed Sep 02 18:21:16 UTC 2026","passed","Wed Sep 02 18:21:16 UTC 2026","","parameter validation","",""
"","5165","all 5 simultaneous leaves complete and observer receives all unavailable presences","mod_muc_rate_limit","Wed Sep 02 18:21:39 UTC 2026","passed","Wed Sep 02 18:21:44 UTC 2026","","leave rate limiting","",""
"","0","returns nil subdomain and the node itself when no brackets","util.lib","Wed Sep 02 18:18:56 UTC 2026","passed","Wed Sep 02 18:18:56 UTC 2026","","extract_subdomain","",""
"","633","allows only one transcription dial when multiple are sent concurrently","mod_filter_iq_rayo (feature-based authorization)","Wed Sep 02 18:20:27 UTC 2026","passed","Wed Sep 02 18:20:28 UTC 2026","","transcription per-room throttle","",""
"","0","password is empty string when jwt.encode fails","mod_short_lived_token","Wed Sep 02 18:18:56 UTC 2026","passed","Wed Sep 02 18:18:56 UTC 2026","","generateToken payload","",""
"","189","anonymous participants are promoted to owner on join","mod_muc_allowners","Wed Sep 02 18:20:34 UTC 2026","passed","Wed Sep 02 18:20:35 UTC 2026","","non-moderated room","",""
"","0","wildcard in mixed list still matches","luajwtjitsi","Wed Sep 02 18:18:56 UTC 2026","passed","Wed Sep 02 18:18:56 UTC 2026","verify_claim","internals","",""
"","0","registers the checking handler","mod_muc_message_moderation","Wed Sep 02 18:18:56 UTC 2026","passed","Wed Sep 02 18:18:56 UTC 2026","","registration on the main prosody","",""
"","1136","moderator cannot set blocked key ""participants""","mod_room_metadata_component","Wed Sep 02 18:22:15 UTC 2026","passed","Wed Sep 02 18:22:16 UTC 2026","","blocked keys","",""
"","14","rejects connection with not-yet-valid token (nbf in the future)","mod_auth_token (HS256 shared secret)","Wed Sep 02 18:19:45 UTC 2026","passed","Wed Sep 02 18:19:45 UTC 2026","","","",""
"","0","meeting_id taken from room._data.meetingId","mod_short_lived_token","Wed Sep 02 18:18:56 UTC 2026","passed","Wed Sep 02 18:18:56 UTC 2026","","generateToken payload","",""
"","555","unions different languages requested for the same sender","mod_audio_translation_component","Wed Sep 02 18:19:31 UTC 2026","passed","Wed Sep 02 18:19:32 UTC 2026","","aggregation across receivers","",""
"","0","preserves pre-existing top-level app_data keys","mod_jibri_session","Wed Sep 02 18:18:56 UTC 2026","passed","Wed Sep 02 18:18:56 UTC 2026","","jicofo-to-jibri pass (room attr present on jibri element)","",""
"","0","relays the correction untouched","mod_muc_message_moderation","Wed Sep 02 18:18:56 UTC 2026","passed","Wed Sep 02 18:18:56 UTC 2026","","correction by the author","",""
"","0","returns false for a full MUC JID (slash-qualified)","util.lib","Wed Sep 02 18:18:56 UTC 2026","passed","Wed Sep 02 18:18:56 UTC 2026","","is_focus_nick","",""
"","0","multiple audiences produce one service entry each","mod_short_lived_token","Wed Sep 02 18:18:56 UTC 2026","passed","Wed Sep 02 18:18:56 UTC 2026","","external_service/credentials handler","",""
"","0","returns false for nil room","util.lib","Wed Sep 02 18:18:56 UTC 2026","passed","Wed Sep 02 18:18:56 UTC 2026","","is_vpaas","",""
"","445","removes the request map entirely once the last subscription is gone","mod_audio_translation_component","Wed Sep 02 18:19:38 UTC 2026","passed","Wed Sep 02 18:19:39 UTC 2026","","MUC-leave pruning","",""
"","0","ignores apply-to without a moderated child","mod_muc_message_moderation","Wed Sep 02 18:18:56 UTC 2026","passed","Wed Sep 02 18:18:56 UTC 2026","","parse_moderation_request","",""
"","1135","message with invalid JSON is ignored","mod_room_metadata_component","Wed Sep 02 18:22:39 UTC 2026","passed","Wed Sep 02 18:22:40 UTC 2026","","invalid payloads","",""
"","0","copies all key-value pairs","util.lib","Wed Sep 02 18:18:56 UTC 2026","passed","Wed Sep 02 18:18:56 UTC 2026","table_shallow_copy","table helpers","",""
"","78","leaves a conference-modify IQ with traceparent unmodified and exports nothing","mod_trace","Wed Sep 02 18:23:02 UTC 2026","passed","Wed Sep 02 18:23:02 UTC 2026","","when otlp_endpoint is unset","",""
"","224","broadcasts when value changes","mod_room_metadata_component","Wed Sep 02 18:22:23 UTC 2026","passed","Wed Sep 02 18:22:23 UTC 2026","","value deduplication","",""
"","0","affiliation='moderator' sets owner","mod_token_affiliation","Wed Sep 02 18:18:56 UTC 2026","passed","Wed Sep 02 18:18:56 UTC 2026","","affiliation assignment","",""
"","70","returns passcodeProtected: true when room has a password set","mod_muc_password_check","Wed Sep 02 18:21:30 UTC 2026","passed","Wed Sep 02 18:21:30 UTC 2026","","GET room info","",""
"","135","a kick (role=none by nick) targeting certain participant is rejected","mod_muc_meeting_id","Wed Sep 02 18:21:26 UTC 2026","passed","Wed Sep 02 18:21:27 UTC 2026","","set admin filtering","",""
"","0","alg mismatch between header and expectedAlgo is rejected","luajwtjitsi","Wed Sep 02 18:18:56 UTC 2026","passed","Wed Sep 02 18:18:56 UTC 2026","claims","verify","",""
"","0","returns nil subdomain for a non-multidomain MUC JID","util.lib","Wed Sep 02 18:18:56 UTC 2026","passed","Wed Sep 02 18:18:56 UTC 2026","","room_jid_split_subdomain","",""
"","0","uses custom signal name in info log message","mod_debug_traceback","Wed Sep 02 18:18:56 UTC 2026","passed","Wed Sep 02 18:18:56 UTC 2026","","dump_traceback()","",""
"","0","returns false for nil string","util.lib","Wed Sep 02 18:18:56 UTC 2026","passed","Wed Sep 02 18:18:56 UTC 2026","","ends_with","",""
"","13","sets session.jitsi_meet_context_group from token context","mod_auth_token (ASAP / RS256)","Wed Sep 02 18:19:45 UTC 2026","passed","Wed Sep 02 18:19:45 UTC 2026","","","",""
"","1176","new-poll with a missing question is ignored","mod_polls_component","Wed Sep 02 18:21:58 UTC 2026","passed","Wed Sep 02 18:21:59 UTC 2026","","validation","",""
"","0","wildcard '*' matches any value","luajwtjitsi","Wed Sep 02 18:18:56 UTC 2026","passed","Wed Sep 02 18:18:56 UTC 2026","verify_claim","internals","",""
"","187","two clients in the same subdomain room receive each other's presence","mod_muc_domain_mapper","Wed Sep 02 18:21:09 UTC 2026","passed","Wed Sep 02 18:21:09 UTC 2026","","occupant presence exchange","",""
"","79","returns 401 when a login token is used instead of a system token","mod_muc_jigasi_invite","Wed Sep 02 18:21:16 UTC 2026","passed","Wed Sep 02 18:21:16 UTC 2026","","authentication","",""
"","320","rejoining client receives fresh metadata","mod_room_metadata_component","Wed Sep 02 18:22:24 UTC 2026","passed","Wed Sep 02 18:22:25 UTC 2026","","initial metadata delivery","",""
"","0","returns nil subdomain for empty brackets (pattern requires >=1 char)","util.lib","Wed Sep 02 18:18:56 UTC 2026","passed","Wed Sep 02 18:18:56 UTC 2026","","extract_subdomain","",""
"","435","sanitises bare LF in JWT user-id","mod_filter_iq_rayo — CRLF escaping in re-serialized headers","Wed Sep 02 18:22:05 UTC 2026","passed","Wed Sep 02 18:22:05 UTC 2026","","","",""
"","0","returns nil when e is missing","jwk.lib","Wed Sep 02 18:18:56 UTC 2026","passed","Wed Sep 02 18:18:56 UTC 2026","","jwk_to_pem","",""
"","187","moderator can end the conference — room is destroyed","mod_end_conference","Wed Sep 02 18:19:55 UTC 2026","passed","Wed Sep 02 18:19:56 UTC 2026","","","",""
"","147","returns 200 and destroys the room","mod_muc_end_meeting","Wed Sep 02 18:21:11 UTC 2026","passed","Wed Sep 02 18:21:11 UTC 2026","","room termination","",""
"","243","history message contains <display-name> from nick for anonymous sender","mod_muc_displayname — message display-name handling","Wed Sep 02 18:21:08 UTC 2026","passed","Wed Sep 02 18:21:08 UTC 2026","","","",""
"","133","blocks a non-member with 407 registration-required","mod_muc_lobby_rooms","Wed Sep 02 18:21:21 UTC 2026","passed","Wed Sep 02 18:21:21 UTC 2026","","non-member join gate","",""
"","0","returns false for nil","util.lib","Wed Sep 02 18:18:56 UTC 2026","passed","Wed Sep 02 18:18:56 UTC 2026","","is_transcriber","",""
"","0","returns nil when the room has no history","mod_muc_message_moderation","Wed Sep 02 18:18:56 UTC 2026","passed","Wed Sep 02 18:18:56 UTC 2026","","find_history_entry","",""
"","531","rejects a senderId that is not 8 hex digits","mod_audio_translation_component","Wed Sep 02 18:19:22 UTC 2026","passed","Wed Sep 02 18:19:22 UTC 2026","","validation (whole-stanza atomicity)","",""
"","0","does not call rewrites when 'to' and 'from' are absent","mod_muc_domain_mapper","Wed Sep 02 18:18:56 UTC 2026","passed","Wed Sep 02 18:18:56 UTC 2026","message stanzas","filter_stanza","",""
"","6","query contains shard identity","mod_jiconop","Wed Sep 02 18:20:33 UTC 2026","passed","Wed Sep 02 18:20:33 UTC 2026","","","",""
"","0","removes only the targeted entry","mod_muc_message_moderation","Wed Sep 02 18:18:56 UTC 2026","passed","Wed Sep 02 18:18:56 UTC 2026","","retraction","",""
"","996","keeps a language when one of two referencers removes it","mod_audio_translation_component","Wed Sep 02 18:19:34 UTC 2026","passed","Wed Sep 02 18:19:35 UTC 2026","","aggregation across receivers","",""
"","0","rejects a retraction from someone who is not the author","mod_muc_message_moderation","Wed Sep 02 18:18:56 UTC 2026","passed","Wed Sep 02 18:18:56 UTC 2026","","retraction","",""
"","0","escapes a CRLF-injected header value to &#13;&#10;","Rayo dial IQ header CRLF escaping [in-file reference serializer]","Wed Sep 02 18:18:56 UTC 2026","passed","Wed Sep 02 18:18:56 UTC 2026","","","",""
"","0","returns truthy for transcriber@ JID","util.lib","Wed Sep 02 18:18:56 UTC 2026","passed","Wed Sep 02 18:18:56 UTC 2026","","is_transcriber","",""
"","0","returns JID unchanged when node lacks [sub] prefix","util.lib","Wed Sep 02 18:18:56 UTC 2026","passed","Wed Sep 02 18:18:56 UTC 2026","","internal_room_jid_match_rewrite","",""
"","0","returns false for a room whose tenant does not start with vpaas-magic-cookie-","util.lib","Wed Sep 02 18:18:56 UTC 2026","passed","Wed Sep 02 18:18:56 UTC 2026","","is_vpaas","",""
"","72","focus can join a room","mod_muc_meeting_id","Wed Sep 02 18:21:26 UTC 2026","passed","Wed Sep 02 18:21:26 UTC 2026","","jicofo lock","",""
"","127","focus can still create the room after a rejected creation attempt","mod_muc_meeting_id","Wed Sep 02 18:21:26 UTC 2026","passed","Wed Sep 02 18:21:26 UTC 2026","","jicofo lock","",""
"","680","does not broadcast when the resulting aggregate is unchanged","mod_audio_translation_component","Wed Sep 02 18:19:27 UTC 2026","passed","Wed Sep 02 18:19:28 UTC 2026","","delta semantics","",""
"","0","returns false for nil prefixes","util.lib","Wed Sep 02 18:18:56 UTC 2026","passed","Wed Sep 02 18:18:56 UTC 2026","","starts_with_one_of","",""
"","1140","moderator cannot set blocked key ""transcription""","mod_room_metadata_component","Wed Sep 02 18:22:20 UTC 2026","passed","Wed Sep 02 18:22:21 UTC 2026","","blocked keys","",""
"","0","returns two elements for two segments","luajwtjitsi","Wed Sep 02 18:18:56 UTC 2026","passed","Wed Sep 02 18:18:56 UTC 2026","split_token","internals","",""
"","0","still moderates a message that has aged out of history","mod_muc_message_moderation","Wed Sep 02 18:18:56 UTC 2026","passed","Wed Sep 02 18:18:56 UTC 2026","","moderation role checks","",""
"","58","non-admin cannot create rooms on the breakout component (restrict_room_creation)","mod_muc_breakout_rooms","Wed Sep 02 18:20:48 UTC 2026","passed","Wed Sep 02 18:20:48 UTC 2026","","access control","",""
"","184","moderator startmuted presence updates metadata and broadcasts","mod_room_metadata_component","Wed Sep 02 18:22:25 UTC 2026","passed","Wed Sep 02 18:22:25 UTC 2026","","startMuted presence shim","",""
"","0","prefers s2s_connect_overrides — s2sout_override hosts are ignored","mod_certs_s2soutinjection","Wed Sep 02 18:18:56 UTC 2026","passed","Wed Sep 02 18:18:56 UTC 2026","","attach()","",""
"","0","malformed token (two segments) returns error","luajwtjitsi","Wed Sep 02 18:18:56 UTC 2026","passed","Wed Sep 02 18:18:56 UTC 2026","argument validation","verify","",""
"","0","ignores moderated without a retract child","mod_muc_message_moderation","Wed Sep 02 18:18:56 UTC 2026","passed","Wed Sep 02 18:18:56 UTC 2026","","parse_moderation_request","",""
"","0","tampered payload fails verification","luajwtjitsi","Wed Sep 02 18:18:56 UTC 2026","passed","Wed Sep 02 18:18:56 UTC 2026","HS256","verify","",""
"","0","refuses a visitor retraction of a message they did not author","mod_muc_message_moderation","Wed Sep 02 18:18:56 UTC 2026","passed","Wed Sep 02 18:18:56 UTC 2026","","visitor node history","",""
"","0","returns cached is_vpaas value when present","util.lib","Wed Sep 02 18:18:56 UTC 2026","passed","Wed Sep 02 18:18:56 UTC 2026","","is_vpaas","",""
"","367","leaves a conference-modify IQ without traceparent unmodified and exports nothing","mod_trace","Wed Sep 02 18:23:02 UTC 2026","passed","Wed Sep 02 18:23:03 UTC 2026","","when otlp_endpoint is set","",""
"","0","wildcard matches any value","luajwtjitsi","Wed Sep 02 18:18:56 UTC 2026","passed","Wed Sep 02 18:18:56 UTC 2026","issuer","verify","",""
"","463","accepts subscriptions up to the limit","mod_audio_translation_component","Wed Sep 02 18:19:28 UTC 2026","passed","Wed Sep 02 18:19:28 UTC 2026","","per-receiver limit (3)","",""
"","57","a regular user cannot create a room by joining first","mod_muc_meeting_id","Wed Sep 02 18:21:26 UTC 2026","passed","Wed Sep 02 18:21:26 UTC 2026","","jicofo lock","",""
"","17","assigns a UUID-based JID on anonymous connect","mod_auth_jitsi-anonymous","Wed Sep 02 18:19:44 UTC 2026","passed","Wed Sep 02 18:19:44 UTC 2026","","","",""
"","124","affiliation='moderator'","mod_token_affiliation","Wed Sep 02 18:23:01 UTC 2026","passed","Wed Sep 02 18:23:01 UTC 2026","","moderator claim variants that grant owner/moderator","",""
"","490","blocks a client from setting audioTranslationRequests via metadata","mod_audio_translation_component","Wed Sep 02 18:19:35 UTC 2026","passed","Wed Sep 02 18:19:36 UTC 2026","","aggregation across receivers","",""
"","0","missing iss claim when acceptedIssuers provided is rejected","luajwtjitsi","Wed Sep 02 18:18:56 UTC 2026","passed","Wed Sep 02 18:18:56 UTC 2026","issuer","verify","",""
"","10","serves entries from external_services config (port 3479)","mod_turncredentials_http","Wed Sep 02 18:23:03 UTC 2026","passed","Wed Sep 02 18:23:03 UTC 2026","","extdisco IQ (via external_services)","",""
"","0","returns false for an unmoderated room without a subdomain","util.lib","Wed Sep 02 18:18:56 UTC 2026","passed","Wed Sep 02 18:18:56 UTC 2026","","is_moderated","",""
"","0","rejects a correction from a moderator who is not the author","mod_muc_message_moderation","Wed Sep 02 18:18:56 UTC 2026","passed","Wed Sep 02 18:18:56 UTC 2026","","correction author checks","",""
"","0","does not modify app_data when origin (session) is nil","mod_jibri_session","Wed Sep 02 18:18:56 UTC 2026","passed","Wed Sep 02 18:18:56 UTC 2026","","client-to-jicofo pass (no room attr on jibri element)","",""
"","216","correctly assigns different roles to moderator and non-moderator in same room","mod_token_affiliation","Wed Sep 02 18:23:00 UTC 2026","passed","Wed Sep 02 18:23:01 UTC 2026","","","",""
"","0","leaves t1 unchanged when t2 is empty","util.lib","Wed Sep 02 18:18:56 UTC 2026","passed","Wed Sep 02 18:18:56 UTC 2026","table_add","table helpers","",""
"","0","never uses the sender real jid as by","mod_muc_message_moderation","Wed Sep 02 18:18:56 UTC 2026","passed","Wed Sep 02 18:18:56 UTC 2026","","moderation attribution","",""
"","0","appends all values from t2 onto t1","util.lib","Wed Sep 02 18:18:56 UTC 2026","passed","Wed Sep 02 18:18:56 UTC 2026","table_add","table helpers","",""
"","279","broadcasts an answer to all occupants","mod_polls_component","Wed Sep 02 18:21:54 UTC 2026","passed","Wed Sep 02 18:21:54 UTC 2026","","poll answering","",""
"","0","rejects a correction with no occupant on the event","mod_muc_message_moderation","Wed Sep 02 18:18:56 UTC 2026","passed","Wed Sep 02 18:18:56 UTC 2026","","correction author checks","",""
"","291","body-less message is always delivered even when groupChatRestricted is true","mod_filter_messages","Wed Sep 02 18:20:33 UTC 2026","passed","Wed Sep 02 18:20:33 UTC 2026","","","",""
"","184","non-moderator with transcription feature can set recording.isRecordingRequested","mod_room_metadata_component","Wed Sep 02 18:22:27 UTC 2026","passed","Wed Sep 02 18:22:27 UTC 2026","","allow-moderation hook (mod_filter_iq_rayo interop)","",""
"","6","message is addressed to the client full JID","mod_jiconop","Wed Sep 02 18:20:33 UTC 2026","passed","Wed Sep 02 18:20:33 UTC 2026","","","",""
"","0","exact match returns true","luajwtjitsi","Wed Sep 02 18:18:56 UTC 2026","passed","Wed Sep 02 18:18:56 UTC 2026","verify_claim","internals","",""
"","81","returns 404 when participant is not in the room","mod_muc_kick_participant","Wed Sep 02 18:21:17 UTC 2026","passed","Wed Sep 02 18:21:17 UTC 2026","","kick behaviour","",""
"","4","returns 400 when Content-Type is not application/json","mod_system_chat_message","Wed Sep 02 18:22:44 UTC 2026","passed","Wed Sep 02 18:22:44 UTC 2026","","parameter validation","",""
"","18","sets session.jitsi_meet_context_user.id from top-level user_id when context is absent","mod_auth_token (ASAP / RS256)","Wed Sep 02 18:19:45 UTC 2026","passed","Wed Sep 02 18:19:45 UTC 2026","","","",""
"","127","allows join when room is empty","mod_muc_max_occupants","Wed Sep 02 18:21:24 UTC 2026","passed","Wed Sep 02 18:21:24 UTC 2026","","","",""
"","4","returns 400 when both participantId and number are provided","mod_muc_kick_participant","Wed Sep 02 18:21:17 UTC 2026","passed","Wed Sep 02 18:21:17 UTC 2026","","parameter validation","",""
"","0","regular nick returns false","util.lib","Wed Sep 02 18:18:56 UTC 2026","passed","Wed Sep 02 18:18:56 UTC 2026","","is_focus","",""
"","0","ignores an IQ with no jibri child","mod_jibri_session","Wed Sep 02 18:18:56 UTC 2026","passed","Wed Sep 02 18:18:56 UTC 2026","","non-matching stanzas pass through unchanged","",""
"","123","does not inject permissions for member with features","mod_jitsi_permissions","Wed Sep 02 18:20:33 UTC 2026","passed","Wed Sep 02 18:20:34 UTC 2026","","non-moderator token","",""
"","69","returns 200 when connectionJIDs contains a JID not in the room (no occupancy validation)","mod_system_chat_message","Wed Sep 02 18:22:45 UTC 2026","passed","Wed Sep 02 18:22:45 UTC 2026","","message delivery","",""
"","0","keeps the original id and author on the tombstone","mod_muc_message_moderation","Wed Sep 02 18:18:56 UTC 2026","passed","Wed Sep 02 18:18:56 UTC 2026","","moderation by a moderator","",""
"","0","does not log when error type is not 'cancel'","mod_muc_domain_mapper","Wed Sep 02 18:18:56 UTC 2026","passed","Wed Sep 02 18:18:56 UTC 2026","log_not_allowed_errors","filter_stanza","",""
"","3","returns 400 when conference param is missing","mod_muc_end_meeting","Wed Sep 02 18:21:11 UTC 2026","passed","Wed Sep 02 18:21:11 UTC 2026","","parameter validation","",""
"","0","does not double-count when stopped twice in a row","SpeakerStats","Wed Sep 02 18:18:56 UTC 2026","passed","Wed Sep 02 18:18:56 UTC 2026","","setDominantSpeaker","",""
"","0","registers handler on s2s-check-certificate event","mod_certs_s2soutinjection","Wed Sep 02 18:18:56 UTC 2026","passed","Wed Sep 02 18:18:56 UTC 2026","","event wrapping","",""
"","678","tracks the limit independently per receiver","mod_audio_translation_component","Wed Sep 02 18:19:31 UTC 2026","passed","Wed Sep 02 18:19:31 UTC 2026","","per-receiver limit (3)","",""
"","0","sends not-allowed when session is not an occupant","mod_short_lived_token","Wed Sep 02 18:18:56 UTC 2026","passed","Wed Sep 02 18:18:56 UTC 2026","","external_service/credentials handler","",""
"","839","moderator can remove a breakout room and receives an update","mod_muc_breakout_rooms","Wed Sep 02 18:20:45 UTC 2026","passed","Wed Sep 02 18:20:45 UTC 2026","","remove breakout room","",""
"","1071","blocks a client from a non-whitelisted domain","mod_muc_filter_access","Wed Sep 02 18:21:11 UTC 2026","passed","Wed Sep 02 18:21:12 UTC 2026","","","",""
"","0","returns JID unchanged when host is not the MUC domain","util.lib","Wed Sep 02 18:18:56 UTC 2026","passed","Wed Sep 02 18:18:56 UTC 2026","","internal_room_jid_match_rewrite","",""
"","132","allows join with wildcard (*) room claim","mod_token_verification","Wed Sep 02 18:23:02 UTC 2026","passed","Wed Sep 02 18:23:02 UTC 2026","","join access control","",""
"","0","hooks muc-add-history","mod_muc_message_moderation","Wed Sep 02 18:18:56 UTC 2026","passed","Wed Sep 02 18:18:56 UTC 2026","","registration","",""
"","432","blocks IQ when features.outbound-call = false","mod_filter_iq_rayo (feature-based authorization)","Wed Sep 02 18:20:22 UTC 2026","passed","Wed Sep 02 18:20:22 UTC 2026","","outbound-call (dial to non-transcribe address)","",""
"","0","appends to a form that already has fields","mod_muc_message_moderation","Wed Sep 02 18:18:56 UTC 2026","passed","Wed Sep 02 18:18:56 UTC 2026","","capability advertisement","",""
"","0","sub defaults to module.host when jitsi_web_query_prefix is nil","mod_short_lived_token","Wed Sep 02 18:18:56 UTC 2026","passed","Wed Sep 02 18:18:56 UTC 2026","","generateToken payload","",""
"","0","returns false when no prefix in table matches","util.lib","Wed Sep 02 18:18:56 UTC 2026","passed","Wed Sep 02 18:18:56 UTC 2026","","starts_with_one_of","",""
"","0","stores a correction","mod_muc_message_moderation","Wed Sep 02 18:18:56 UTC 2026","passed","Wed Sep 02 18:18:56 UTC 2026","","skip_history","",""
"","134","returns 200 with occupant array for an existing room","mod_muc_size","Wed Sep 02 18:21:52 UTC 2026","passed","Wed Sep 02 18:21:52 UTC 2026","","GET /room","",""
"","0","wraps DER bytes in PEM format with default PUBLIC KEY label","jwk.lib","Wed Sep 02 18:18:56 UTC 2026","passed","Wed Sep 02 18:18:56 UTC 2026","der_to_pem","ASN1","",""
"","137","non-member can join freely after lobby is disabled","mod_muc_lobby_rooms","Wed Sep 02 18:21:22 UTC 2026","passed","Wed Sep 02 18:21:22 UTC 2026","","lifecycle","",""
"","134","blocks join for moderator token scoped to a different room","mod_token_verification","Wed Sep 02 18:23:02 UTC 2026","passed","Wed Sep 02 18:23:02 UTC 2026","","join access control","",""
"","0","returns error for token with invalid JSON body","luajwtjitsi","Wed Sep 02 18:18:56 UTC 2026","passed","Wed Sep 02 18:18:56 UTC 2026","parse_token","internals","",""
"","0","moderator='true' sets owner affiliation","mod_token_affiliation","Wed Sep 02 18:18:56 UTC 2026","passed","Wed Sep 02 18:18:56 UTC 2026","","affiliation assignment","",""
"","69","returns passcodeProtected: false and lobbyEnabled: false for a plain room","mod_muc_password_check","Wed Sep 02 18:21:30 UTC 2026","passed","Wed Sep 02 18:21:30 UTC 2026","","GET room info","",""
"","553","merges added entries and leaves earlier ones untouched","mod_audio_translation_component","Wed Sep 02 18:19:25 UTC 2026","passed","Wed Sep 02 18:19:25 UTC 2026","","delta semantics","",""
"","0","returns false when no prefix in Set matches","util.lib","Wed Sep 02 18:18:56 UTC 2026","passed","Wed Sep 02 18:18:56 UTC 2026","","starts_with_one_of","",""
"","145","returns 401 when token is expired","mod_muc_end_meeting","Wed Sep 02 18:21:11 UTC 2026","passed","Wed Sep 02 18:21:11 UTC 2026","","authentication","",""
"","0","never broadcasts, which would reach the remote occupants","mod_muc_message_moderation","Wed Sep 02 18:18:56 UTC 2026","passed","Wed Sep 02 18:18:56 UTC 2026","","visitor node history","",""
"","4","PUT returns 400 when Content-Type is not application/json","mod_muc_password_check","Wed Sep 02 18:21:30 UTC 2026","passed","Wed Sep 02 18:21:30 UTC 2026","","parameter validation","",""
"","0","returns nil and error for two-segment input","luajwtjitsi","Wed Sep 02 18:18:56 UTC 2026","passed","Wed Sep 02 18:18:56 UTC 2026","strip_signature","internals","",""
"","0","passes non-message/iq/presence stanzas through unchanged","mod_muc_domain_mapper","Wed Sep 02 18:18:56 UTC 2026","passed","Wed Sep 02 18:18:56 UTC 2026","skipped stanzas","filter_stanza","",""
"","811","coalesces a burst of deltas into a single broadcast","mod_audio_translation_component","Wed Sep 02 18:19:39 UTC 2026","passed","Wed Sep 02 18:19:39 UTC 2026","","debounce","",""
"","0","encode then verify returns original payload","luajwtjitsi","Wed Sep 02 18:18:56 UTC 2026","passed","Wed Sep 02 18:18:56 UTC 2026","HS256","verify","",""
"","1143","moderator cannot set blocked key ""asyncTranscription""","mod_room_metadata_component","Wed Sep 02 18:22:10 UTC 2026","passed","Wed Sep 02 18:22:12 UTC 2026","","blocked keys","",""
"","0","recognises sipjibriina@ prefix","util.lib","Wed Sep 02 18:18:56 UTC 2026","passed","Wed Sep 02 18:18:56 UTC 2026","","get_sip_jibri_email_prefix","",""
"","2525","refreshes the claims unverified when no module answers the verification event","mod_auth_token (claims on XEP-0198 resumption)","Wed Sep 02 18:19:53 UTC 2026","passed","Wed Sep 02 18:19:55 UTC 2026","","","",""
"","4057","queued joins arrive in order (each after the previous)","mod_muc_rate_limit","Wed Sep 02 18:21:35 UTC 2026","passed","Wed Sep 02 18:21:39 UTC 2026","","join rate limiting","",""
"","0","honours a second correction the same way","mod_muc_message_moderation","Wed Sep 02 18:18:56 UTC 2026","passed","Wed Sep 02 18:18:56 UTC 2026","","correction by the author","",""
"","0","ignores a jibri IQ with no action attribute","mod_jibri_session","Wed Sep 02 18:18:56 UTC 2026","passed","Wed Sep 02 18:18:56 UTC 2026","","non-matching stanzas pass through unchanged","",""
"","0","rewrites both 'to' and 'from' when both are set","mod_muc_domain_mapper","Wed Sep 02 18:18:56 UTC 2026","passed","Wed Sep 02 18:18:56 UTC 2026","message stanzas","filter_stanza","",""
"","0","returns nil for a nil message id","mod_muc_message_moderation","Wed Sep 02 18:18:56 UTC 2026","passed","Wed Sep 02 18:18:56 UTC 2026","","find_history_entry","",""
"","15","sets session.jitsi_web_query_room from ?room query param","mod_jitsi_session","Wed Sep 02 18:20:34 UTC 2026","passed","Wed Sep 02 18:20:34 UTC 2026","","","",""
"","120","blocks join for member token scoped to a different room","mod_token_verification","Wed Sep 02 18:23:02 UTC 2026","passed","Wed Sep 02 18:23:02 UTC 2026","","join access control","",""
"","8","rejects connection when token has no room claim","mod_token_verification","Wed Sep 02 18:23:01 UTC 2026","passed","Wed Sep 02 18:23:01 UTC 2026","","join access control","",""
"","0","ignores a replace element with no body","mod_muc_message_moderation","Wed Sep 02 18:18:56 UTC 2026","passed","Wed Sep 02 18:18:56 UTC 2026","","parse_correction","",""
"","0","marks the broadcast no-store so it never enters history","mod_muc_message_moderation","Wed Sep 02 18:18:56 UTC 2026","passed","Wed Sep 02 18:18:56 UTC 2026","","moderation by a moderator","",""
"","0","handles multiple hosts in override map independently","mod_certs_s2soutinjection","Wed Sep 02 18:18:56 UTC 2026","passed","Wed Sep 02 18:18:56 UTC 2026","","attach()","",""
"","0","customer_id uses extracted subdomain customer_id when present","mod_short_lived_token","Wed Sep 02 18:18:56 UTC 2026","passed","Wed Sep 02 18:18:56 UTC 2026","","generateToken payload","",""
"","120","non-whitelisted client joins with correct password","mod_muc_password_whitelist","Wed Sep 02 18:21:31 UTC 2026","passed","Wed Sep 02 18:21:31 UTC 2026","","","",""
"","3192","tells a late joiner how far into the meeting it already is","mod_time_restricted","Wed Sep 02 18:22:45 UTC 2026","passed","Wed Sep 02 18:22:48 UTC 2026","","","",""
"","0","matches against a Set of prefixes","util.lib","Wed Sep 02 18:18:56 UTC 2026","passed","Wed Sep 02 18:18:56 UTC 2026","","starts_with_one_of","",""
"","432","blocks stop IQ when features.livestreaming = false","mod_filter_iq_jibri (feature-based authorization)","Wed Sep 02 18:20:16 UTC 2026","passed","Wed Sep 02 18:20:16 UTC 2026","","livestreaming (recording_mode=stream)","",""
"","0","relays a retraction of a message that has aged out of history","mod_muc_message_moderation","Wed Sep 02 18:18:56 UTC 2026","passed","Wed Sep 02 18:18:56 UTC 2026","","retraction","",""
"","0","does not start timer when becoming dominant while silent","SpeakerStats","Wed Sep 02 18:18:56 UTC 2026","passed","Wed Sep 02 18:18:56 UTC 2026","","setDominantSpeaker","",""
"","176","allows join when room has one occupant (under limit)","mod_muc_max_occupants","Wed Sep 02 18:21:24 UTC 2026","passed","Wed Sep 02 18:21:25 UTC 2026","","","",""
"","432","blocks STOP (recording_mode=file) when features.recording = false","mod_filter_iq_jibri (feature-based authorization)","Wed Sep 02 18:20:19 UTC 2026","passed","Wed Sep 02 18:20:19 UTC 2026","","attribute case normalisation","",""
"","0","returns false for a regular user JID","util.lib","Wed Sep 02 18:18:56 UTC 2026","passed","Wed Sep 02 18:18:56 UTC 2026","","is_focus_jid","",""
"","1136","moderator cannot set blocked key ""transcriberType""","mod_room_metadata_component","Wed Sep 02 18:22:18 UTC 2026","passed","Wed Sep 02 18:22:20 UTC 2026","","blocked keys","",""
"","12","returns 400 when room is missing","mod_system_chat_message","Wed Sep 02 18:22:44 UTC 2026","passed","Wed Sep 02 18:22:44 UTC 2026","","parameter validation","",""
"","0","handles empty content","jwk.lib","Wed Sep 02 18:18:56 UTC 2026","passed","Wed Sep 02 18:18:56 UTC 2026","encode_sequence","ASN1","",""
"","4","rejects connection when ?token is present but invalid","mod_jitsi_session","Wed Sep 02 18:20:34 UTC 2026","passed","Wed Sep 02 18:20:34 UTC 2026","","","",""
"","0","aud is set to requested audience","mod_short_lived_token","Wed Sep 02 18:18:56 UTC 2026","passed","Wed Sep 02 18:18:56 UTC 2026","","generateToken payload","",""
"","323","unauthenticated sender is still capped when check_token is enabled","mod_muc_limit_messages","Wed Sep 02 18:21:20 UTC 2026","passed","Wed Sep 02 18:21:20 UTC 2026","","","",""
"","594","denies a receiver whose token sets live-translation-subscribe to false","mod_audio_translation_component","Wed Sep 02 18:19:21 UTC 2026","passed","Wed Sep 02 18:19:21 UTC 2026","","subscribe authorization (live-translation-subscribe)","",""
"","1175","new-poll with a non-string answer name is ignored","mod_polls_component","Wed Sep 02 18:21:55 UTC 2026","passed","Wed Sep 02 18:21:57 UTC 2026","","validation","",""
"","257","history message contains <display-name> injected from token name","mod_muc_displayname — message display-name handling","Wed Sep 02 18:21:08 UTC 2026","passed","Wed Sep 02 18:21:08 UTC 2026","","","",""
"","0","wraps content with SEQUENCE tag 0x30","jwk.lib","Wed Sep 02 18:18:56 UTC 2026","passed","Wed Sep 02 18:18:56 UTC 2026","encode_sequence","ASN1","",""
"","429","blocks IQ when token has no context.features (non-owner fallback)","mod_filter_iq_rayo (feature-based authorization)","Wed Sep 02 18:20:23 UTC 2026","passed","Wed Sep 02 18:20:23 UTC 2026","","outbound-call (dial to non-transcribe address)","",""
"","249","blocks join when room is at the limit","mod_muc_max_occupants","Wed Sep 02 18:21:25 UTC 2026","passed","Wed Sep 02 18:21:25 UTC 2026","","","",""
"","0","backend_region taken from region_name config","mod_short_lived_token","Wed Sep 02 18:18:56 UTC 2026","passed","Wed Sep 02 18:18:56 UTC 2026","","generateToken payload","",""
"","297","moderator with no features in token is allowed when groupChatRestricted is true","mod_filter_messages","Wed Sep 02 18:20:32 UTC 2026","passed","Wed Sep 02 18:20:32 UTC 2026","","","",""
"","0","context.user taken from session when jitsi_meet_context_user present","mod_short_lived_token","Wed Sep 02 18:18:56 UTC 2026","passed","Wed Sep 02 18:18:56 UTC 2026","","generateToken payload","",""
"","0","uses custom label when provided","jwk.lib","Wed Sep 02 18:18:56 UTC 2026","passed","Wed Sep 02 18:18:56 UTC 2026","der_to_pem","ASN1","",""
"","130","regular user receives available self-presence with subdomain from-JID","mod_muc_domain_mapper","Wed Sep 02 18:21:08 UTC 2026","passed","Wed Sep 02 18:21:08 UTC 2026","","subdomain room join","",""
"","66","conference field equals the full room JID","mod_muc_password_check","Wed Sep 02 18:21:30 UTC 2026","passed","Wed Sep 02 18:21:30 UTC 2026","","GET room info","",""
"","117","anonymous participants are not promoted","mod_muc_allowners","Wed Sep 02 18:20:35 UTC 2026","passed","Wed Sep 02 18:20:35 UTC 2026","","moderated room","",""
"","16","connects successfully with a valid token","mod_auth_token (HS256 shared secret)","Wed Sep 02 18:19:45 UTC 2026","passed","Wed Sep 02 18:19:45 UTC 2026","","","",""
"","485","sends an empty JSON array when the last listener unsubscribes","mod_audio_translation_component","Wed Sep 02 18:19:41 UTC 2026","passed","Wed Sep 02 18:19:42 UTC 2026","","directed listeners push (translation-listeners)","",""
"","0","returns false for a room on the wrong MUC domain","util.lib","Wed Sep 02 18:18:56 UTC 2026","passed","Wed Sep 02 18:18:56 UTC 2026","","is_vpaas","",""
"","0","returns false when string does not end with suffix","util.lib","Wed Sep 02 18:18:56 UTC 2026","passed","Wed Sep 02 18:18:56 UTC 2026","","ends_with","",""
"","124","pre-approved member with display name can join","mod_muc_lobby_rooms","Wed Sep 02 18:21:22 UTC 2026","passed","Wed Sep 02 18:21:22 UTC 2026","","bypass paths","",""
"","0","type is short-lived-token","mod_short_lived_token","Wed Sep 02 18:18:56 UTC 2026","passed","Wed Sep 02 18:18:56 UTC 2026","valid request service entry","external_service/credentials handler","",""
"","233","broadcast preserves previously set keys","mod_room_metadata_component","Wed Sep 02 18:22:24 UTC 2026","passed","Wed Sep 02 18:22:24 UTC 2026","","broadcast delivery","",""
"","426","blocks Start (recording_mode=file) when features.recording = false","mod_filter_iq_jibri (feature-based authorization)","Wed Sep 02 18:20:19 UTC 2026","passed","Wed Sep 02 18:20:20 UTC 2026","","attribute case normalisation","",""
"","0","registers only the visitor node hook, above mod_fmuc","mod_muc_message_moderation","Wed Sep 02 18:18:56 UTC 2026","passed","Wed Sep 02 18:18:56 UTC 2026","","registration","",""
"","0","output begins and ends with correct PEM markers","jwk.lib","Wed Sep 02 18:18:56 UTC 2026","passed","Wed Sep 02 18:18:56 UTC 2026","","jwk_to_pem","",""
"","132","does not inject permissions for member participant","mod_jitsi_permissions","Wed Sep 02 18:20:33 UTC 2026","passed","Wed Sep 02 18:20:33 UTC 2026","","non-moderator token","",""
"","529","HTTP error from access manager does not ban the user (fail open)","mod_muc_auth_ban","Wed Sep 02 18:20:38 UTC 2026","passed","Wed Sep 02 18:20:39 UTC 2026","","","",""
"","341","exposes the request map to jicofo but not to regular clients","mod_audio_translation_component","Wed Sep 02 18:19:35 UTC 2026","passed","Wed Sep 02 18:19:35 UTC 2026","","aggregation across receivers","",""
"","0","encodes three-byte form for 256","jwk.lib","Wed Sep 02 18:18:56 UTC 2026","passed","Wed Sep 02 18:18:56 UTC 2026","encode_length","ASN1","",""
"","0","affiliation='owner' sets owner","mod_token_affiliation","Wed Sep 02 18:18:56 UTC 2026","passed","Wed Sep 02 18:18:56 UTC 2026","","affiliation assignment","",""
"","0","keeps the attribution stamped by the main prosody","mod_muc_message_moderation","Wed Sep 02 18:18:56 UTC 2026","passed","Wed Sep 02 18:18:56 UTC 2026","","visitor node history","",""
"","203","delivers to multiple recipients","mod_system_chat_message","Wed Sep 02 18:22:45 UTC 2026","passed","Wed Sep 02 18:22:45 UTC 2026","","message delivery","",""
"","0","parses a valid HS256 token into header, body, and signature","luajwtjitsi","Wed Sep 02 18:18:56 UTC 2026","passed","Wed Sep 02 18:18:56 UTC 2026","parse_token","internals","",""
"","0","extracts node, host, resource and subdomain from a multidomain JID","util.lib","Wed Sep 02 18:18:56 UTC 2026","passed","Wed Sep 02 18:18:56 UTC 2026","","room_jid_split_subdomain","",""
"","3354","ignores features from a token issued for a different room","mod_auth_token (claims on XEP-0198 resumption)","Wed Sep 02 18:19:45 UTC 2026","passed","Wed Sep 02 18:19:48 UTC 2026","","","",""
"","0","does not keep it out of history","mod_muc_message_moderation","Wed Sep 02 18:18:56 UTC 2026","passed","Wed Sep 02 18:18:56 UTC 2026","","correction by the author","",""
"","0","does not push service when credential key is not in accepted map","mod_short_lived_token","Wed Sep 02 18:18:56 UTC 2026","passed","Wed Sep 02 18:18:56 UTC 2026","","external_service/credentials handler","",""
"","431","blocks stop IQ when context.features present but recording key absent","mod_filter_iq_jibri (feature-based authorization)","Wed Sep 02 18:20:12 UTC 2026","passed","Wed Sep 02 18:20:13 UTC 2026","","recording (recording_mode=file)","",""
"","1135","non-moderator without features cannot set recording.isTranscribingEnabled","mod_room_metadata_component","Wed Sep 02 18:22:28 UTC 2026","passed","Wed Sep 02 18:22:29 UTC 2026","","allow-moderation hook (mod_filter_iq_rayo interop)","",""
"","177","message is delivered when groupChatRestricted is not set","mod_filter_messages","Wed Sep 02 18:20:31 UTC 2026","passed","Wed Sep 02 18:20:31 UTC 2026","","","",""
"","0","encode then verify returns original payload","luajwtjitsi","Wed Sep 02 18:18:56 UTC 2026","passed","Wed Sep 02 18:18:56 UTC 2026","HS384","verify","",""
"","3","PUT returns 400 when body is valid JSON but passcode key is missing","mod_muc_password_check","Wed Sep 02 18:21:30 UTC 2026","passed","Wed Sep 02 18:21:30 UTC 2026","","parameter validation","",""
"","133","blocks join when token room claim does not match the room","mod_token_verification","Wed Sep 02 18:23:02 UTC 2026","passed","Wed Sep 02 18:23:02 UTC 2026","","join access control","",""
"","430","passes start IQ when features.livestreaming = true","mod_filter_iq_jibri (feature-based authorization)","Wed Sep 02 18:20:14 UTC 2026","passed","Wed Sep 02 18:20:14 UTC 2026","","livestreaming (recording_mode=stream)","",""
"","0","prepends [subdomain] when subdomain is given","util.lib","Wed Sep 02 18:18:56 UTC 2026","passed","Wed Sep 02 18:18:56 UTC 2026","","build_room_address","",""
"","0","returns nil for nil table","util.lib","Wed Sep 02 18:18:56 UTC 2026","passed","Wed Sep 02 18:18:56 UTC 2026","table_find","table helpers","",""
"","67","returns 401 when Authorization header is absent","mod_system_chat_message","Wed Sep 02 18:22:44 UTC 2026","passed","Wed Sep 02 18:22:44 UTC 2026","","authentication","",""
"","139","returns 200 with silent-reconnect=true and destroys the room","mod_muc_end_meeting","Wed Sep 02 18:21:11 UTC 2026","passed","Wed Sep 02 18:21:11 UTC 2026","","room termination","",""
"","8","user without a token is allowed (ban check is a no-op)","mod_muc_auth_ban","Wed Sep 02 18:20:36 UTC 2026","passed","Wed Sep 02 18:20:36 UTC 2026","","","",""
"","242","a revoke item after a benign first item is also rejected","mod_muc_allowners","Wed Sep 02 18:20:35 UTC 2026","passed","Wed Sep 02 18:20:35 UTC 2026","","non-moderated room","",""
"","127","created_timestamp is set once a second occupant joins","mod_conference_duration","Wed Sep 02 18:19:55 UTC 2026","passed","Wed Sep 02 18:19:55 UTC 2026","","","",""
"","1","returns 404 when room does not exist","mod_muc_size","Wed Sep 02 18:21:51 UTC 2026","passed","Wed Sep 02 18:21:51 UTC 2026","","GET /room-size","",""
"","0","finds an entry by message id","mod_muc_message_moderation","Wed Sep 02 18:18:56 UTC 2026","passed","Wed Sep 02 18:18:56 UTC 2026","","find_history_entry","",""
"","0","hooks muc-occupant-groupchat","mod_muc_message_moderation","Wed Sep 02 18:18:56 UTC 2026","passed","Wed Sep 02 18:18:56 UTC 2026","","registration","",""
"","0","logs an error when the file cannot be opened","mod_debug_traceback","Wed Sep 02 18:18:56 UTC 2026","passed","Wed Sep 02 18:18:56 UTC 2026","","dump_traceback()","",""
"","0","returns true for the bare string 'focus'","util.lib","Wed Sep 02 18:18:56 UTC 2026","passed","Wed Sep 02 18:18:56 UTC 2026","","is_focus_nick","",""
"","146","returns 404 when brewery occupant has no stats element","mod_muc_jigasi_invite","Wed Sep 02 18:21:16 UTC 2026","passed","Wed Sep 02 18:21:16 UTC 2026","","jigasi invite","",""
"","0","removes the entry for a retraction forwarded from main","mod_muc_message_moderation","Wed Sep 02 18:18:56 UTC 2026","passed","Wed Sep 02 18:18:56 UTC 2026","","visitor node history","",""
"","132","does not block authenticated user from sending owner config IQ","mod_token_verification","Wed Sep 02 18:23:02 UTC 2026","passed","Wed Sep 02 18:23:02 UTC 2026","","token_verification_require_token_for_moderation","",""
"","194","flip device bypasses lobby when first device is in main room","mod_muc_flip","Wed Sep 02 18:21:15 UTC 2026","passed","Wed Sep 02 18:21:15 UTC 2026","","lobby interactions","",""
"","132","affiliation='owner'","mod_token_affiliation","Wed Sep 02 18:23:01 UTC 2026","passed","Wed Sep 02 18:23:01 UTC 2026","","moderator claim variants that grant owner/moderator","",""
"","8","GET returns 404 when room does not exist","mod_muc_password_check","Wed Sep 02 18:21:30 UTC 2026","passed","Wed Sep 02 18:21:30 UTC 2026","","room lookup","",""
"","9","rejects connection when token is missing the sub claim","mod_token_verification","Wed Sep 02 18:23:01 UTC 2026","passed","Wed Sep 02 18:23:01 UTC 2026","","join access control","",""
"","341","allows a receiver with no token features","mod_audio_translation_component","Wed Sep 02 18:19:21 UTC 2026","passed","Wed Sep 02 18:19:21 UTC 2026","","subscribe authorization (live-translation-subscribe)","",""
"","0","broadcasts the moderation from the room jid","mod_muc_message_moderation","Wed Sep 02 18:18:56 UTC 2026","passed","Wed Sep 02 18:18:56 UTC 2026","","moderation by a moderator","",""
"","71","returns { valid: false } when submitted passcode does not match","mod_muc_password_check","Wed Sep 02 18:21:30 UTC 2026","passed","Wed Sep 02 18:21:30 UTC 2026","","PUT passcode validation","",""
"","0","returns false for an unmoderated room with a subdomain","util.lib","Wed Sep 02 18:18:56 UTC 2026","passed","Wed Sep 02 18:18:56 UTC 2026","","is_moderated","",""
"","132","admin operations targeting a non-focus occupant are not blocked by this hook","mod_muc_meeting_id","Wed Sep 02 18:21:28 UTC 2026","passed","Wed Sep 02 18:21:28 UTC 2026","","set admin filtering","",""
"","0","strips the body from the history entry","mod_muc_message_moderation","Wed Sep 02 18:18:56 UTC 2026","passed","Wed Sep 02 18:18:56 UTC 2026","","moderation by a moderator","",""
"","0","wrapped handler delegates to attach and returns its result","mod_certs_s2soutinjection","Wed Sep 02 18:18:56 UTC 2026","passed","Wed Sep 02 18:18:56 UTC 2026","","event wrapping","",""
"","270","non-moderator recipient receives identity-stripped presence","mod_muc_displayname — hideDisplayNameForGuests","Wed Sep 02 18:21:07 UTC 2026","passed","Wed Sep 02 18:21:07 UTC 2026","","","",""
"","71","GET returns 403 when Authorization header is absent","mod_muc_password_check","Wed Sep 02 18:21:30 UTC 2026","passed","Wed Sep 02 18:21:30 UTC 2026","","authentication","",""
"","432","passes IQ when features.transcription = true","mod_filter_iq_rayo (feature-based authorization)","Wed Sep 02 18:20:23 UTC 2026","passed","Wed Sep 02 18:20:24 UTC 2026","","transcription (dial to jitsi_meet_transcribe)","",""
"","696","keeps a language referenced by another receiver after a switch","mod_audio_translation_component","Wed Sep 02 18:19:33 UTC 2026","passed","Wed Sep 02 18:19:33 UTC 2026","","aggregation across receivers","",""
"","429","blocks IQ when features.transcription = false","mod_filter_iq_rayo (feature-based authorization)","Wed Sep 02 18:20:24 UTC 2026","passed","Wed Sep 02 18:20:24 UTC 2026","","transcription (dial to jitsi_meet_transcribe)","",""
"","1137","non-moderator cannot update metadata","mod_room_metadata_component","Wed Sep 02 18:22:07 UTC 2026","passed","Wed Sep 02 18:22:08 UTC 2026","","authorization","",""
"","73","health check room bypasses the occupant limit","mod_muc_max_occupants","Wed Sep 02 18:21:25 UTC 2026","passed","Wed Sep 02 18:21:25 UTC 2026","","","",""
"","141","returns 404 when no SIP-capable Jigasi is in the brewery","mod_muc_jigasi_invite","Wed Sep 02 18:21:16 UTC 2026","passed","Wed Sep 02 18:21:16 UTC 2026","","jigasi invite","",""
"","296","sender with send-groupchat=false is blocked when groupChatRestricted is true","mod_filter_messages","Wed Sep 02 18:20:31 UTC 2026","passed","Wed Sep 02 18:20:31 UTC 2026","","","",""
"","487","drops a language when its sole referencer switches away","mod_audio_translation_component","Wed Sep 02 18:19:33 UTC 2026","passed","Wed Sep 02 18:19:34 UTC 2026","","aggregation across receivers","",""
"","0","returns false when feature is absent from table","util.lib","Wed Sep 02 18:18:56 UTC 2026","passed","Wed Sep 02 18:18:56 UTC 2026","","is_feature_allowed","",""
"","62","GET returns 403 when token is invalid","mod_muc_password_check","Wed Sep 02 18:21:30 UTC 2026","passed","Wed Sep 02 18:21:30 UTC 2026","","authentication","",""
"","1129","message without jitsi_web_query_room is silently ignored","mod_filesharing_component","Wed Sep 02 18:20:05 UTC 2026","passed","Wed Sep 02 18:20:06 UTC 2026","","authorization","",""
"","295","moderator with empty features in token is blocked when groupChatRestricted is true","mod_filter_messages","Wed Sep 02 18:20:32 UTC 2026","passed","Wed Sep 02 18:20:32 UTC 2026","","","",""
"","284","broadcasts remove event to other occupants","mod_filesharing_component","Wed Sep 02 18:20:00 UTC 2026","passed","Wed Sep 02 18:20:00 UTC 2026","","remove file","",""
"","0","bare word focus without slash returns false","util.lib","Wed Sep 02 18:18:56 UTC 2026","passed","Wed Sep 02 18:18:56 UTC 2026","","is_focus","",""
"","433","omits JvbRoomPassword in forwarded IQ when not provided by client","mod_filter_iq_rayo (feature-based authorization)","Wed Sep 02 18:20:30 UTC 2026","passed","Wed Sep 02 18:20:31 UTC 2026","","JvbRoomPassword header","",""
"","129","whitelisted domain joins password-protected room without providing password","mod_muc_password_whitelist","Wed Sep 02 18:21:30 UTC 2026","passed","Wed Sep 02 18:21:30 UTC 2026","","","",""
"","2","GET /turn-credentials returns 200 with a JSON array","mod_turncredentials_http","Wed Sep 02 18:23:03 UTC 2026","passed","Wed Sep 02 18:23:03 UTC 2026","","","",""
"","1186","identical startmuted values do not trigger a second broadcast","mod_room_metadata_component","Wed Sep 02 18:22:25 UTC 2026","passed","Wed Sep 02 18:22:26 UTC 2026","","startMuted presence shim","",""
"","77","returns 401 when a login token is used instead of a system token","mod_system_chat_message","Wed Sep 02 18:22:44 UTC 2026","passed","Wed Sep 02 18:22:44 UTC 2026","","authentication","",""
"","0","preserves the resource in the rewritten JID","util.lib","Wed Sep 02 18:18:56 UTC 2026","passed","Wed Sep 02 18:18:56 UTC 2026","","room_jid_match_rewrite","",""
"","1190","remove without fileId attribute is dropped silently","mod_filesharing_component","Wed Sep 02 18:20:07 UTC 2026","passed","Wed Sep 02 18:20:08 UTC 2026","","invalid payloads","",""
"","175","sanitizes the stored value to only the enabled flag","mod_audio_translation_component","Wed Sep 02 18:19:37 UTC 2026","passed","Wed Sep 02 18:19:37 UTC 2026","","enable-flag write gating (live-translation)","",""
"","0","logs error and skips hook when accepted_audiences is absent","mod_short_lived_token","Wed Sep 02 18:18:56 UTC 2026","passed","Wed Sep 02 18:18:56 UTC 2026","","config validation","",""
"","1357","removed file is not delivered to subsequent joiners","mod_filesharing_component","Wed Sep 02 18:20:00 UTC 2026","passed","Wed Sep 02 18:20:02 UTC 2026","","remove file","",""
"","0","encodes three-byte form for 65535","jwk.lib","Wed Sep 02 18:18:56 UTC 2026","passed","Wed Sep 02 18:18:56 UTC 2026","encode_length","ASN1","",""
"","0","expires = now + ttl","mod_short_lived_token","Wed Sep 02 18:18:56 UTC 2026","passed","Wed Sep 02 18:18:56 UTC 2026","valid request service entry","external_service/credentials handler","",""
"","15","rejects connection with not-yet-valid token (nbf in the future)","mod_auth_token (ASAP / RS256)","Wed Sep 02 18:19:45 UTC 2026","passed","Wed Sep 02 18:19:45 UTC 2026","","","",""
"","0","returns the index of a found value","util.lib","Wed Sep 02 18:18:56 UTC 2026","passed","Wed Sep 02 18:18:56 UTC 2026","table_find","table helpers","",""
"","0","does not write a file when io.open fails","mod_debug_traceback","Wed Sep 02 18:18:56 UTC 2026","passed","Wed Sep 02 18:18:56 UTC 2026","","dump_traceback()","",""
"","0","moderator=true sets owner affiliation and moderator role","mod_token_affiliation","Wed Sep 02 18:18:56 UTC 2026","passed","Wed Sep 02 18:18:56 UTC 2026","","affiliation assignment","",""
"","0","ignores a non-groupchat stanza","mod_muc_message_moderation","Wed Sep 02 18:18:56 UTC 2026","passed","Wed Sep 02 18:18:56 UTC 2026","","visitor node history","",""
"","243","whitelisted user can join a room that is at the limit","mod_muc_max_occupants","Wed Sep 02 18:21:25 UTC 2026","passed","Wed Sep 02 18:21:25 UTC 2026","","whitelist","",""
"","84","returns 403 when a login token is used instead of a system token","mod_muc_kick_participant","Wed Sep 02 18:21:17 UTC 2026","passed","Wed Sep 02 18:21:17 UTC 2026","","authentication","",""
"","0","ignores a message with no replace element","mod_muc_message_moderation","Wed Sep 02 18:18:56 UTC 2026","passed","Wed Sep 02 18:18:56 UTC 2026","","parse_correction","",""
"","435","passes stop IQ when features.recording = true","mod_filter_iq_jibri (feature-based authorization)","Wed Sep 02 18:20:11 UTC 2026","passed","Wed Sep 02 18:20:12 UTC 2026","","recording (recording_mode=file)","",""
"","443","blocks Stop (recording_mode=file) when features.recording = false","mod_filter_iq_jibri (feature-based authorization)","Wed Sep 02 18:20:20 UTC 2026","passed","Wed Sep 02 18:20:20 UTC 2026","","attribute case normalisation","",""
"","7","allows connection with correct shared secret","mod_auth_jitsi-shared-secret","Wed Sep 02 18:19:44 UTC 2026","passed","Wed Sep 02 18:19:44 UTC 2026","","","",""
"","837","roomCounter increments with each created breakout room","mod_muc_breakout_rooms","Wed Sep 02 18:20:44 UTC 2026","passed","Wed Sep 02 18:20:45 UTC 2026","","create breakout room","",""
"","7","allows connection without token when allow_empty_token is true","mod_auth_token (ASAP / RS256)","Wed Sep 02 18:19:45 UTC 2026","passed","Wed Sep 02 18:19:45 UTC 2026","","","",""
"","0","ignores a replace element with no id","mod_muc_message_moderation","Wed Sep 02 18:18:56 UTC 2026","passed","Wed Sep 02 18:18:56 UTC 2026","","parse_correction","",""
"","0","returns error for token with only two segments","luajwtjitsi","Wed Sep 02 18:18:56 UTC 2026","passed","Wed Sep 02 18:18:56 UTC 2026","parse_token","internals","",""
"","119","rejects resource not matching UUID prefix","mod_muc_resource_validate","Wed Sep 02 18:21:51 UTC 2026","passed","Wed Sep 02 18:21:51 UTC 2026","","","",""
"","1698","ignores create requests from non-moderator participants","mod_muc_breakout_rooms","Wed Sep 02 18:20:48 UTC 2026","passed","Wed Sep 02 18:20:50 UTC 2026","","access control","",""
"","18","does not crash on connect with invalid Lua regex room claim","mod_auth_token (ASAP / RS256)","Wed Sep 02 18:19:45 UTC 2026","passed","Wed Sep 02 18:19:45 UTC 2026","","","",""
"","0","port is 443","mod_short_lived_token","Wed Sep 02 18:18:56 UTC 2026","passed","Wed Sep 02 18:18:56 UTC 2026","valid request service entry","external_service/credentials handler","",""
"","130","rejects a resource starting with an underscore","mod_muc_resource_validate","Wed Sep 02 18:21:50 UTC 2026","passed","Wed Sep 02 18:21:50 UTC 2026","","","",""
"","1129","message with missing ""data"" field is ignored","mod_room_metadata_component","Wed Sep 02 18:22:42 UTC 2026","passed","Wed Sep 02 18:22:43 UTC 2026","","invalid payloads","",""
"","0","returns false for nil","util.lib","Wed Sep 02 18:18:56 UTC 2026","passed","Wed Sep 02 18:18:56 UTC 2026","","is_healthcheck_room","",""
"","369","whitelisted occupants do not count against the limit for non-whitelisted users","mod_muc_max_occupants","Wed Sep 02 18:21:25 UTC 2026","passed","Wed Sep 02 18:21:25 UTC 2026","","whitelist","",""
"","140","non-moderator token holder is blocked by lobby","mod_muc_lobby_rooms","Wed Sep 02 18:21:22 UTC 2026","passed","Wed Sep 02 18:21:23 UTC 2026","","token_affiliation interaction","",""
"","0","returns false when values differ","util.lib","Wed Sep 02 18:18:56 UTC 2026","passed","Wed Sep 02 18:18:56 UTC 2026","table_equals","table helpers","",""
"","0","preserves pre-existing file_recording_metadata fields","mod_jibri_session","Wed Sep 02 18:18:56 UTC 2026","passed","Wed Sep 02 18:18:56 UTC 2026","","client-to-jicofo pass (no room attr on jibri element)","",""
"","2194","destroys room when last regular user leaves and only jibri remains","mod_muc_cleanup_backend_services","Wed Sep 02 18:20:51 UTC 2026","passed","Wed Sep 02 18:20:53 UTC 2026","","","",""
"","184","non-moderator with transcription feature can set both recording fields simultaneously","mod_room_metadata_component","Wed Sep 02 18:22:27 UTC 2026","passed","Wed Sep 02 18:22:28 UTC 2026","","allow-moderation hook (mod_filter_iq_rayo interop)","",""
"","0","recognises inbound-sip-jibri@ prefix","util.lib","Wed Sep 02 18:18:56 UTC 2026","passed","Wed Sep 02 18:18:56 UTC 2026","","get_sip_jibri_email_prefix","",""
"","1053","cached banned token is rejected even when access manager is reset to allow","mod_muc_auth_ban","Wed Sep 02 18:20:37 UTC 2026","passed","Wed Sep 02 18:20:38 UTC 2026","","","",""
"","135","returns 401 when Authorization header is absent","mod_muc_end_meeting","Wed Sep 02 18:21:10 UTC 2026","passed","Wed Sep 02 18:21:10 UTC 2026","","authentication","",""
"","132","grants member affiliation and participant role for authenticated non-moderator","mod_token_affiliation","Wed Sep 02 18:23:00 UTC 2026","passed","Wed Sep 02 18:23:00 UTC 2026","","","",""
"","2136","message with missing room attribute is ignored","mod_room_metadata_component","Wed Sep 02 18:22:35 UTC 2026","passed","Wed Sep 02 18:22:37 UTC 2026","","invalid payloads","",""
"","0","replaces the store hint so the retraction is not archived","mod_muc_message_moderation","Wed Sep 02 18:18:56 UTC 2026","passed","Wed Sep 02 18:18:56 UTC 2026","","retraction","",""
"","437","messages after cap remain blocked","mod_muc_limit_messages","Wed Sep 02 18:21:18 UTC 2026","passed","Wed Sep 02 18:21:19 UTC 2026","","","",""
"","0","leaks no raw CR or LF bytes in the serialized stanza","Rayo dial IQ header CRLF escaping [in-file reference serializer]","Wed Sep 02 18:18:56 UTC 2026","passed","Wed Sep 02 18:18:56 UTC 2026","","","",""
"","0","returns truthy for recorder@ prefixed JID string","util.lib","Wed Sep 02 18:18:56 UTC 2026","passed","Wed Sep 02 18:18:56 UTC 2026","","is_jibri","",""
"","0","returns the matched prefix value (table)","util.lib","Wed Sep 02 18:18:56 UTC 2026","passed","Wed Sep 02 18:18:56 UTC 2026","","starts_with_one_of","",""
"","0","nick containing focus but not ending in /focus returns false","util.lib","Wed Sep 02 18:18:56 UTC 2026","passed","Wed Sep 02 18:18:56 UTC 2026","","is_focus","",""
"","4","GET returns 400 when room query param is missing","mod_muc_password_check","Wed Sep 02 18:21:30 UTC 2026","passed","Wed Sep 02 18:21:30 UTC 2026","","parameter validation","",""
"","0","recognises the bare prefix itself","util.lib","Wed Sep 02 18:18:56 UTC 2026","passed","Wed Sep 02 18:18:56 UTC 2026","","is_healthcheck_room","",""
"","988","rejects a delta whose net result exceeds the limit","mod_audio_translation_component","Wed Sep 02 18:19:30 UTC 2026","passed","Wed Sep 02 18:19:31 UTC 2026","","per-receiver limit (3)","",""
"","348","allows a receiver whose token sets the feature to true","mod_audio_translation_component","Wed Sep 02 18:19:22 UTC 2026","passed","Wed Sep 02 18:19:22 UTC 2026","","subscribe authorization (live-translation-subscribe)","",""
"","63","focus can join a health check room","mod_muc_meeting_id","Wed Sep 02 18:21:29 UTC 2026","passed","Wed Sep 02 18:21:29 UTC 2026","","health check rooms","",""
"","1189","joiner receives nothing when no files have been shared","mod_filesharing_component","Wed Sep 02 18:20:02 UTC 2026","passed","Wed Sep 02 18:20:03 UTC 2026","","new joiner receives file list","",""
"","234","overwrites author fields to prevent spoofing","mod_filesharing_component","Wed Sep 02 18:20:00 UTC 2026","passed","Wed Sep 02 18:20:00 UTC 2026","","add file","",""
"","0","leaves a correction to be replayed rather than rewriting history","mod_muc_message_moderation","Wed Sep 02 18:18:56 UTC 2026","passed","Wed Sep 02 18:18:56 UTC 2026","","visitor node history","",""
"","434","passes START (recording_mode=file) when features.recording = true","mod_filter_iq_jibri (feature-based authorization)","Wed Sep 02 18:20:20 UTC 2026","passed","Wed Sep 02 18:20:21 UTC 2026","","attribute case normalisation","",""
"","143","returns 200 and removes the participant","mod_muc_kick_participant","Wed Sep 02 18:21:17 UTC 2026","passed","Wed Sep 02 18:21:17 UTC 2026","","kick behaviour","",""
"","0","returns truthy for jibrib@ prefixed JID string","util.lib","Wed Sep 02 18:18:56 UTC 2026","passed","Wed Sep 02 18:18:56 UTC 2026","","is_jibri","",""
"","0","returns false for a regular nick","util.lib","Wed Sep 02 18:18:56 UTC 2026","passed","Wed Sep 02 18:18:56 UTC 2026","","is_focus_nick","",""
"","1188","add without fileId in JSON body is dropped silently","mod_filesharing_component","Wed Sep 02 18:20:06 UTC 2026","passed","Wed Sep 02 18:20:07 UTC 2026","","invalid payloads","",""
"","130","moderator='true' (string)","mod_token_affiliation","Wed Sep 02 18:23:01 UTC 2026","passed","Wed Sep 02 18:23:01 UTC 2026","","moderator claim variants that grant owner/moderator","",""
"","537","prunes a departed sender from every receiver","mod_audio_translation_component","Wed Sep 02 18:19:38 UTC 2026","passed","Wed Sep 02 18:19:38 UTC 2026","","MUC-leave pruning","",""
"","0","nil session — no affiliation set","mod_token_affiliation","Wed Sep 02 18:18:56 UTC 2026","passed","Wed Sep 02 18:18:56 UTC 2026","","skip conditions in muc-occupant-pre-join","",""
"","434","blocks START (recording_mode=file) when features.recording = false","mod_filter_iq_jibri (feature-based authorization)","Wed Sep 02 18:20:18 UTC 2026","passed","Wed Sep 02 18:20:19 UTC 2026","","attribute case normalisation","",""
"","0","reports modified values","util.lib","Wed Sep 02 18:18:56 UTC 2026","passed","Wed Sep 02 18:18:56 UTC 2026","table_compare","table helpers","",""
"","507","muc_limit_messages must not count messages already blocked by filter_messages","mod_muc_limit_messages","Wed Sep 02 18:21:20 UTC 2026","passed","Wed Sep 02 18:21:21 UTC 2026","","","",""
"","0","context.user built from presence when jitsi_meet_context_user absent","mod_short_lived_token","Wed Sep 02 18:18:56 UTC 2026","passed","Wed Sep 02 18:18:56 UTC 2026","","generateToken payload","",""
"","233","a duplicate pollId is rejected with an error","mod_polls_component","Wed Sep 02 18:21:54 UTC 2026","passed","Wed Sep 02 18:21:54 UTC 2026","","poll creation","",""
"","123","occupant objects have jid, email, display_name fields","mod_muc_size","Wed Sep 02 18:21:52 UTC 2026","passed","Wed Sep 02 18:21:52 UTC 2026","","GET /room","",""
"","190","revoking an affiliation is rejected with forbidden","mod_muc_allowners","Wed Sep 02 18:20:35 UTC 2026","passed","Wed Sep 02 18:20:35 UTC 2026","","non-moderated room","",""
"","0","rewrites an internal [sub]room JID back to pretty conference.sub.base/room form","util.lib","Wed Sep 02 18:18:56 UTC 2026","passed","Wed Sep 02 18:18:56 UTC 2026","","internal_room_jid_match_rewrite","",""
"","67","returns 401 when Authorization header is absent","mod_muc_jigasi_invite","Wed Sep 02 18:21:16 UTC 2026","passed","Wed Sep 02 18:21:16 UTC 2026","","authentication","",""
"","0","builds room JID with no subdomain","util.lib","Wed Sep 02 18:18:56 UTC 2026","passed","Wed Sep 02 18:18:56 UTC 2026","","build_room_address","",""
"","0","ignores a stanza from a local occupant","mod_muc_message_moderation","Wed Sep 02 18:18:56 UTC 2026","passed","Wed Sep 02 18:18:56 UTC 2026","","visitor node history","",""
"","0","passes the room JID through room_jid_match_rewrite before lookup","mod_jibri_session","Wed Sep 02 18:18:56 UTC 2026","passed","Wed Sep 02 18:18:56 UTC 2026","","jicofo-to-jibri pass (room attr present on jibri element)","",""
"","1386","allows a resource with underscore after the first character","mod_muc_resource_validate","Wed Sep 02 18:21:49 UTC 2026","passed","Wed Sep 02 18:21:50 UTC 2026","","","",""
"","0","returns nil and error for single-segment input","luajwtjitsi","Wed Sep 02 18:18:56 UTC 2026","passed","Wed Sep 02 18:18:56 UTC 2026","strip_signature","internals","",""
"","182","extra fields in recording payload are stripped when set via transcription feature","mod_room_metadata_component","Wed Sep 02 18:22:32 UTC 2026","passed","Wed Sep 02 18:22:33 UTC 2026","","allow-moderation hook (mod_filter_iq_rayo interop)","",""
"","0","returns false for empty string","util.lib","Wed Sep 02 18:18:56 UTC 2026","passed","Wed Sep 02 18:18:56 UTC 2026","","is_focus_nick","",""
"","0","returns nil when n is missing","jwk.lib","Wed Sep 02 18:18:56 UTC 2026","passed","Wed Sep 02 18:18:56 UTC 2026","","jwk_to_pem","",""
"","734","does not throttle outbound-call dials","mod_filter_iq_rayo (feature-based authorization)","Wed Sep 02 18:20:29 UTC 2026","passed","Wed Sep 02 18:20:29 UTC 2026","","transcription per-room throttle","",""
"","141","moderator token user who bypasses lobby with room password gets moderator role","mod_muc_lobby_rooms","Wed Sep 02 18:21:23 UTC 2026","passed","Wed Sep 02 18:21:23 UTC 2026","","token_affiliation interaction","",""
"","0","non-table data returns error","luajwtjitsi","Wed Sep 02 18:18:56 UTC 2026","passed","Wed Sep 02 18:18:56 UTC 2026","argument validation","encode","",""
"","0","returns nil for unrecognised email","util.lib","Wed Sep 02 18:18:56 UTC 2026","passed","Wed Sep 02 18:18:56 UTC 2026","","get_sip_jibri_email_prefix","",""
"","0","does not register the visitor node handler","mod_muc_message_moderation","Wed Sep 02 18:18:56 UTC 2026","passed","Wed Sep 02 18:18:56 UTC 2026","","registration on the main prosody","",""
"","3","returns 400 when neither participantId nor number is provided","mod_muc_kick_participant","Wed Sep 02 18:21:17 UTC 2026","passed","Wed Sep 02 18:21:17 UTC 2026","","parameter validation","",""
"","0","does not deep-copy nested tables","util.lib","Wed Sep 02 18:18:56 UTC 2026","passed","Wed Sep 02 18:18:56 UTC 2026","table_shallow_copy","table helpers","",""
"","0","authenticated non-moderator sets member affiliation, role unchanged","mod_token_affiliation","Wed Sep 02 18:18:56 UTC 2026","passed","Wed Sep 02 18:18:56 UTC 2026","","affiliation assignment","",""
"","0","returns nil when value is not present","util.lib","Wed Sep 02 18:18:56 UTC 2026","passed","Wed Sep 02 18:18:56 UTC 2026","table_find","table helpers","",""
"","134","sets token features on session for non-moderator with features","mod_jitsi_permissions","Wed Sep 02 18:20:34 UTC 2026","passed","Wed Sep 02 18:20:34 UTC 2026","","session features (via HTTP)","",""
"","0","falls through so the room relays and archives it","mod_muc_message_moderation","Wed Sep 02 18:18:56 UTC 2026","passed","Wed Sep 02 18:18:56 UTC 2026","","correction by the author","",""
"","0","handles JID with no node (bare host)","util.lib","Wed Sep 02 18:18:56 UTC 2026","passed","Wed Sep 02 18:18:56 UTC 2026","","room_jid_split_subdomain","",""
"","433","blocks start IQ when features.recording = false","mod_filter_iq_jibri (feature-based authorization)","Wed Sep 02 18:20:10 UTC 2026","passed","Wed Sep 02 18:20:10 UTC 2026","","recording (recording_mode=file)","",""
"","184","rejects a nick change to a different resource","mod_muc_resource_validate","Wed Sep 02 18:21:51 UTC 2026","passed","Wed Sep 02 18:21:51 UTC 2026","","","",""
"","119","non-focus is blocked even when focus is already in the room","mod_muc_meeting_id","Wed Sep 02 18:21:29 UTC 2026","passed","Wed Sep 02 18:21:30 UTC 2026","","health check rooms","",""
"","193","created_timestamp does not change when further occupants join","mod_conference_duration","Wed Sep 02 18:19:55 UTC 2026","passed","Wed Sep 02 18:19:55 UTC 2026","","","",""
"","5","rejects connection with wrong secret","mod_auth_token (HS256 shared secret)","Wed Sep 02 18:19:45 UTC 2026","passed","Wed Sep 02 18:19:45 UTC 2026","","","",""
"","0","does not modify app_data when room is not found","mod_jibri_session","Wed Sep 02 18:18:56 UTC 2026","passed","Wed Sep 02 18:18:56 UTC 2026","","jicofo-to-jibri pass (room attr present on jibri element)","",""
"","0","sub defaults to module.host when jitsi_web_query_prefix is empty string","mod_short_lived_token","Wed Sep 02 18:18:56 UTC 2026","passed","Wed Sep 02 18:18:56 UTC 2026","","generateToken payload","",""
"","1135","moderator with transcription=false is denied despite moderator role","mod_room_metadata_component","Wed Sep 02 18:22:30 UTC 2026","passed","Wed Sep 02 18:22:31 UTC 2026","","allow-moderation hook (mod_filter_iq_rayo interop)","",""
"","0","writes traceback content to file","mod_debug_traceback","Wed Sep 02 18:18:56 UTC 2026","passed","Wed Sep 02 18:18:56 UTC 2026","","dump_traceback()","",""
"","1189","message with no <room_metadata> child is ignored cleanly","mod_room_metadata_component","Wed Sep 02 18:22:34 UTC 2026","passed","Wed Sep 02 18:22:35 UTC 2026","","invalid payloads","",""
"","0","returns false for JID whose node contains but is not exactly focus","util.lib","Wed Sep 02 18:18:56 UTC 2026","passed","Wed Sep 02 18:18:56 UTC 2026","","is_focus_jid","",""
"","373","answer-poll json-message passes through even after cap is reached","mod_muc_limit_messages","Wed Sep 02 18:21:19 UTC 2026","passed","Wed Sep 02 18:21:19 UTC 2026","","","",""
"","0","handles multi-byte integer without high bit","jwk.lib","Wed Sep 02 18:18:56 UTC 2026","passed","Wed Sep 02 18:18:56 UTC 2026","encode_integer","ASN1","",""
"","434","passes status IQ regardless of features (only start/stop are gated)","mod_filter_iq_jibri (feature-based authorization)","Wed Sep 02 18:20:13 UTC 2026","passed","Wed Sep 02 18:20:14 UTC 2026","","recording (recording_mode=file)","",""
"","300","sender with no send-groupchat key in features is blocked when groupChatRestricted is true","mod_filter_messages","Wed Sep 02 18:20:31 UTC 2026","passed","Wed Sep 02 18:20:32 UTC 2026","","","",""
"","300","sender with send-groupchat=true is allowed when groupChatRestricted is true","mod_filter_messages","Wed Sep 02 18:20:32 UTC 2026","passed","Wed Sep 02 18:20:33 UTC 2026","","","",""
"","251","adds flip_device tag to the kicked occupant unavailable presence","mod_muc_flip","Wed Sep 02 18:21:14 UTC 2026","passed","Wed Sep 02 18:21:14 UTC 2026","","flip","",""
"","467","only active rooms appear in census after a room is destroyed","mod_muc_census","Wed Sep 02 18:20:50 UTC 2026","passed","Wed Sep 02 18:20:50 UTC 2026","","","",""
"","0","default filename embeds count (starting at 0)","mod_debug_traceback","Wed Sep 02 18:18:56 UTC 2026","passed","Wed Sep 02 18:18:56 UTC 2026","","dump_traceback()","",""
"","252","strips flip_device tag when flip feature is disabled in JWT","mod_muc_flip","Wed Sep 02 18:21:13 UTC 2026","passed","Wed Sep 02 18:21:14 UTC 2026","","flip_device tag stripping","",""
"","13","returns 404 when conference does not exist","mod_muc_end_meeting","Wed Sep 02 18:21:11 UTC 2026","passed","Wed Sep 02 18:21:11 UTC 2026","","room termination","",""
"","10","sets session.jitsi_web_query_prefix to empty string when query string present but ?prefix absent","mod_jitsi_session","Wed Sep 02 18:20:34 UTC 2026","passed","Wed Sep 02 18:20:34 UTC 2026","","","",""
"","0","wildcard matches any value","luajwtjitsi","Wed Sep 02 18:18:56 UTC 2026","passed","Wed Sep 02 18:18:56 UTC 2026","audience","verify","",""
"","74","returns 403 when token is expired","mod_muc_kick_participant","Wed Sep 02 18:21:17 UTC 2026","passed","Wed Sep 02 18:21:17 UTC 2026","","authentication","",""
"","0","host is audience value","mod_short_lived_token","Wed Sep 02 18:18:56 UTC 2026","passed","Wed Sep 02 18:18:56 UTC 2026","valid request service entry","external_service/credentials handler","",""
"","737","rejects the whole stanza when one of several entries is invalid","mod_audio_translation_component","Wed Sep 02 18:19:24 UTC 2026","passed","Wed Sep 02 18:19:25 UTC 2026","","validation (whole-stanza atomicity)","",""
"","5","rejects connection with expired token","mod_auth_token (HS256 shared secret)","Wed Sep 02 18:19:45 UTC 2026","passed","Wed Sep 02 18:19:45 UTC 2026","","","",""
"","0","accepted issuer passes","luajwtjitsi","Wed Sep 02 18:18:56 UTC 2026","passed","Wed Sep 02 18:18:56 UTC 2026","issuer","verify","",""
"","19","resumes session with same username when previd matches SM token","mod_auth_jitsi-anonymous","Wed Sep 02 18:19:44 UTC 2026","passed","Wed Sep 02 18:19:44 UTC 2026","","","",""
"","131","blocks with 406 not-acceptable when display name is missing","mod_muc_lobby_rooms","Wed Sep 02 18:21:22 UTC 2026","passed","Wed Sep 02 18:21:22 UTC 2026","","non-member join gate","",""
"","640","does not remove an occupant before authorizing the affiliation change","mod_muc_lobby_rooms","Wed Sep 02 18:21:23 UTC 2026","passed","Wed Sep 02 18:21:24 UTC 2026","","admin-set nick reservation","",""
"","0","hooks muc-config-form","mod_muc_message_moderation","Wed Sep 02 18:18:56 UTC 2026","passed","Wed Sep 02 18:18:56 UTC 2026","","registration","",""
"","494","replaces the language when switching the same sender","mod_audio_translation_component","Wed Sep 02 18:19:26 UTC 2026","passed","Wed Sep 02 18:19:27 UTC 2026","","delta semantics","",""
"","0","recognises outbound-sip-jibri@ prefix","util.lib","Wed Sep 02 18:18:56 UTC 2026","passed","Wed Sep 02 18:18:56 UTC 2026","","get_sip_jibri_email_prefix","",""
"","63","PUT returns 403 when Authorization header is absent","mod_muc_password_check","Wed Sep 02 18:21:30 UTC 2026","passed","Wed Sep 02 18:21:30 UTC 2026","","authentication","",""
"","0","relays a retraction when the room has no history at all","mod_muc_message_moderation","Wed Sep 02 18:18:56 UTC 2026","passed","Wed Sep 02 18:18:56 UTC 2026","","retraction","",""
"","0","non-string algorithm returns error","luajwtjitsi","Wed Sep 02 18:18:56 UTC 2026","passed","Wed Sep 02 18:18:56 UTC 2026","argument validation","verify","",""
"","0","rejects a request with no occupant on the event","mod_muc_message_moderation","Wed Sep 02 18:18:56 UTC 2026","passed","Wed Sep 02 18:18:56 UTC 2026","","moderation role checks","",""
"","1185","does not broadcast when value is unchanged","mod_room_metadata_component","Wed Sep 02 18:22:22 UTC 2026","passed","Wed Sep 02 18:22:23 UTC 2026","","value deduplication","",""
"","2205","does not start timer when jibri leaves and a regular user is still present","mod_muc_cleanup_backend_services","Wed Sep 02 18:21:00 UTC 2026","passed","Wed Sep 02 18:21:02 UTC 2026","","","",""
"","0","records the reason in the tombstone","mod_muc_message_moderation","Wed Sep 02 18:18:56 UTC 2026","passed","Wed Sep 02 18:18:56 UTC 2026","","moderation by a moderator","",""
"","133","guest is admitted when a JWT host has already joined","mod_muc_wait_for_host","Wed Sep 02 18:21:53 UTC 2026","passed","Wed Sep 02 18:21:53 UTC 2026","","host present","",""
"","440","blocks IQ when JvbRoomName header is missing","mod_filter_iq_rayo (feature-based authorization)","Wed Sep 02 18:20:25 UTC 2026","passed","Wed Sep 02 18:20:25 UTC 2026","","JvbRoomName header validation","",""
"","0","reports added keys","util.lib","Wed Sep 02 18:18:56 UTC 2026","passed","Wed Sep 02 18:18:56 UTC 2026","table_compare","table helpers","",""
"","202","moderator token user admitted from lobby joins directly without password prompt","mod_muc_lobby_rooms","Wed Sep 02 18:21:23 UTC 2026","passed","Wed Sep 02 18:21:23 UTC 2026","","token_affiliation interaction","",""
"","65","focus can join a subdomain room","mod_muc_domain_mapper","Wed Sep 02 18:21:08 UTC 2026","passed","Wed Sep 02 18:21:08 UTC 2026","","subdomain room join","",""
"","377","rewrites the traceparent parent_id and exports a span for a conference-modify IQ","mod_trace","Wed Sep 02 18:23:03 UTC 2026","passed","Wed Sep 02 18:23:03 UTC 2026","","when otlp_endpoint is set","",""
"","119","sends a time_restricted json-message to an occupant as soon as they join","mod_time_restricted","Wed Sep 02 18:22:45 UTC 2026","passed","Wed Sep 02 18:22:45 UTC 2026","","","",""
"","0","returns false when feature is present but set to false","util.lib","Wed Sep 02 18:18:56 UTC 2026","passed","Wed Sep 02 18:18:56 UTC 2026","","is_feature_allowed","",""
"","117","does not inject permissions for anonymous participant","mod_jitsi_permissions","Wed Sep 02 18:20:34 UTC 2026","passed","Wed Sep 02 18:20:34 UTC 2026","","anonymous user (no token)","",""
"","0","returns true when string equals suffix exactly","util.lib","Wed Sep 02 18:18:56 UTC 2026","passed","Wed Sep 02 18:18:56 UTC 2026","","ends_with","",""
"","132","non-whitelisted client is rejected when joining without password","mod_muc_password_whitelist","Wed Sep 02 18:21:30 UTC 2026","passed","Wed Sep 02 18:21:31 UTC 2026","","","",""
"","0","converts a JWK with high-bit modulus (requires 0x00 padding) to PEM","jwk.lib","Wed Sep 02 18:18:56 UTC 2026","passed","Wed Sep 02 18:18:56 UTC 2026","","jwk_to_pem","",""
"","0","returns true and room/subdomain for a moderated subdomain","util.lib","Wed Sep 02 18:18:56 UTC 2026","passed","Wed Sep 02 18:18:56 UTC 2026","","is_moderated","",""
"","0","silently ignores invalid JSON in app_data (cjson.safe: returns nil, no throw)","mod_jibri_session","Wed Sep 02 18:18:56 UTC 2026","passed","Wed Sep 02 18:18:56 UTC 2026","","malformed app_data","",""
"","503","non-moderator participant cannot end the conference","mod_end_conference","Wed Sep 02 18:19:56 UTC 2026","passed","Wed Sep 02 18:19:56 UTC 2026","","","",""
"","0","hooks muc-disco#info","mod_muc_message_moderation","Wed Sep 02 18:18:56 UTC 2026","passed","Wed Sep 02 18:18:56 UTC 2026","","registration","",""
"","0","returns the JID unchanged when there is no subdomain","util.lib","Wed Sep 02 18:18:56 UTC 2026","passed","Wed Sep 02 18:18:56 UTC 2026","","room_jid_match_rewrite","",""
"","121","strips a client-supplied <identity> when session has no context.user","mod_presence_identity","Wed Sep 02 18:22:04 UTC 2026","passed","Wed Sep 02 18:22:04 UTC 2026","","spoofing prevention","",""
"","0","relays a correction of a message that has aged out of history","mod_muc_message_moderation","Wed Sep 02 18:18:56 UTC 2026","passed","Wed Sep 02 18:18:56 UTC 2026","","correction author checks","",""
"","480","rejects a sender that is not an occupant of the room","mod_audio_translation_component","Wed Sep 02 18:19:18 UTC 2026","passed","Wed Sep 02 18:19:19 UTC 2026","","room and occupant resolution","",""
"","0","returns true when string equals prefix exactly","util.lib","Wed Sep 02 18:18:56 UTC 2026","passed","Wed Sep 02 18:18:56 UTC 2026","","starts_with","",""
"","0","leaves the history entry for the original alone","mod_muc_message_moderation","Wed Sep 02 18:18:56 UTC 2026","passed","Wed Sep 02 18:18:56 UTC 2026","","correction by the author","",""
"","145","sends a Rayo dial IQ to the Jigasi and returns 200","mod_muc_jigasi_invite","Wed Sep 02 18:21:17 UTC 2026","passed","Wed Sep 02 18:21:17 UTC 2026","","jigasi invite","",""
"","0","returns three empty lists for identical tables","util.lib","Wed Sep 02 18:18:56 UTC 2026","passed","Wed Sep 02 18:18:56 UTC 2026","table_compare","table helpers","",""
"","709","drops a receiver's subscriptions when it leaves","mod_audio_translation_component","Wed Sep 02 18:19:37 UTC 2026","passed","Wed Sep 02 18:19:38 UTC 2026","","MUC-leave pruning","",""
"","0","takes by from the occupant, not from the payload","mod_muc_message_moderation","Wed Sep 02 18:18:56 UTC 2026","passed","Wed Sep 02 18:18:56 UTC 2026","","moderation attribution","",""
"","13","assigns a different JID to each client","mod_auth_jitsi-anonymous","Wed Sep 02 18:19:44 UTC 2026","passed","Wed Sep 02 18:19:44 UTC 2026","","","",""
"","179","moderator can update metadata","mod_room_metadata_component","Wed Sep 02 18:22:07 UTC 2026","passed","Wed Sep 02 18:22:07 UTC 2026","","authorization","",""
"","437","blocks start IQ when context.features present but recording key absent","mod_filter_iq_jibri (feature-based authorization)","Wed Sep 02 18:20:11 UTC 2026","passed","Wed Sep 02 18:20:11 UTC 2026","","recording (recording_mode=file)","",""
"","5","rejects connection with wrong issuer","mod_auth_token (HS256 shared secret)","Wed Sep 02 18:19:45 UTC 2026","passed","Wed Sep 02 18:19:45 UTC 2026","","","",""
"","316","transfers moderator role to flip device and tags the kicked occupant presence","mod_muc_flip","Wed Sep 02 18:21:14 UTC 2026","passed","Wed Sep 02 18:21:15 UTC 2026","","flip","",""
"","0","rewrites <conference room> attribute when child is present","mod_muc_domain_mapper","Wed Sep 02 18:18:56 UTC 2026","passed","Wed Sep 02 18:18:56 UTC 2026","iq stanzas","filter_stanza","",""
"","396","tracks room occupancy and updates when clients leave","mod_muc_census","Wed Sep 02 18:20:50 UTC 2026","passed","Wed Sep 02 18:20:51 UTC 2026","","","",""
"","0","transport is https","mod_short_lived_token","Wed Sep 02 18:18:56 UTC 2026","passed","Wed Sep 02 18:18:56 UTC 2026","valid request service entry","external_service/credentials handler","",""
"","18","sets session.jitsi_meet_room from room claim","mod_auth_token (ASAP / RS256)","Wed Sep 02 18:19:45 UTC 2026","passed","Wed Sep 02 18:19:45 UTC 2026","","","",""
"","0","wrong issuer is rejected","luajwtjitsi","Wed Sep 02 18:18:56 UTC 2026","passed","Wed Sep 02 18:18:56 UTC 2026","issuer","verify","",""
"","1138","moderator cannot set blocked key ""moderators""","mod_room_metadata_component","Wed Sep 02 18:22:14 UTC 2026","passed","Wed Sep 02 18:22:15 UTC 2026","","blocked keys","",""
"","127","regular user can join after focus has joined","mod_muc_meeting_id","Wed Sep 02 18:21:26 UTC 2026","passed","Wed Sep 02 18:21:26 UTC 2026","","jicofo lock","",""
"","1141","non-occupant message is silently ignored","mod_filesharing_component","Wed Sep 02 18:20:03 UTC 2026","passed","Wed Sep 02 18:20:05 UTC 2026","","authorization","",""
"","3","returns 400 when body is empty","mod_system_chat_message","Wed Sep 02 18:22:44 UTC 2026","passed","Wed Sep 02 18:22:44 UTC 2026","","parameter validation","",""
"","0","does not log a second time on the same session","mod_muc_domain_mapper","Wed Sep 02 18:18:56 UTC 2026","passed","Wed Sep 02 18:18:56 UTC 2026","log_not_allowed_errors","filter_stanza","",""
"","0","handles multi-character delimiter","util.lib","Wed Sep 02 18:18:56 UTC 2026","passed","Wed Sep 02 18:18:56 UTC 2026","","split_string","",""
"","0","ignores a retract with no id","mod_muc_message_moderation","Wed Sep 02 18:18:56 UTC 2026","passed","Wed Sep 02 18:18:56 UTC 2026","","parse_retraction","",""
"","0","splits three segments correctly","luajwtjitsi","Wed Sep 02 18:18:56 UTC 2026","passed","Wed Sep 02 18:18:56 UTC 2026","split_token","internals","",""
"","3","returns 200 with a room_census array","mod_muc_census","Wed Sep 02 18:20:50 UTC 2026","passed","Wed Sep 02 18:20:50 UTC 2026","","","",""
"","0","handles host-only JID (no node) — stores id in roomless_iqs and rewrites host","util.lib","Wed Sep 02 18:18:56 UTC 2026","passed","Wed Sep 02 18:18:56 UTC 2026","","room_jid_match_rewrite","",""
"","2","returns 404 when room does not exist","mod_muc_size","Wed Sep 02 18:21:52 UTC 2026","passed","Wed Sep 02 18:21:52 UTC 2026","","GET /room","",""
"","0","recognises sipjibriouta@ prefix","util.lib","Wed Sep 02 18:18:56 UTC 2026","passed","Wed Sep 02 18:18:56 UTC 2026","","get_sip_jibri_email_prefix","",""
"","124","injects <identity><user> from JWT context.user into MUC presence","mod_presence_identity","Wed Sep 02 18:22:04 UTC 2026","passed","Wed Sep 02 18:22:04 UTC 2026","","identity injection","",""
"","3","returns 404 when room does not exist","mod_system_chat_message","Wed Sep 02 18:22:44 UTC 2026","passed","Wed Sep 02 18:22:44 UTC 2026","","room lookup","",""
"","374","rejects connection with wrong private key","mod_auth_token (ASAP / RS256)","Wed Sep 02 18:19:44 UTC 2026","passed","Wed Sep 02 18:19:45 UTC 2026","","","",""
"","1085","non-occupant (connected but not joined) cannot update metadata","mod_room_metadata_component","Wed Sep 02 18:22:08 UTC 2026","passed","Wed Sep 02 18:22:09 UTC 2026","","authorization","",""
"","403","treats removal of an absent entry as a benign no-op","mod_audio_translation_component","Wed Sep 02 18:19:26 UTC 2026","passed","Wed Sep 02 18:19:26 UTC 2026","","delta semantics","",""
"","1099","directs the push only to the translated sender","mod_audio_translation_component","Wed Sep 02 18:19:40 UTC 2026","passed","Wed Sep 02 18:19:41 UTC 2026","","directed listeners push (translation-listeners)","",""
"","0","advertises the room info field either way","mod_muc_message_moderation","Wed Sep 02 18:18:56 UTC 2026","passed","Wed Sep 02 18:18:56 UTC 2026","","registration on the main prosody","",""
"","237","broadcasts add event to other occupants","mod_filesharing_component","Wed Sep 02 18:19:57 UTC 2026","passed","Wed Sep 02 18:19:58 UTC 2026","","add file","",""
"","0","returns false for nil string","util.lib","Wed Sep 02 18:18:56 UTC 2026","passed","Wed Sep 02 18:18:56 UTC 2026","","starts_with","",""
"","438","sanitises bare CR in JWT user-id","mod_filter_iq_rayo — CRLF escaping in re-serialized headers","Wed Sep 02 18:22:05 UTC 2026","passed","Wed Sep 02 18:22:06 UTC 2026","","","",""
"","124","moderator=true (boolean)","mod_token_affiliation","Wed Sep 02 18:23:01 UTC 2026","passed","Wed Sep 02 18:23:01 UTC 2026","","moderator claim variants that grant owner/moderator","",""
"","370","per-room limit higher than global allows more occupants","mod_muc_max_occupants","Wed Sep 02 18:21:26 UTC 2026","passed","Wed Sep 02 18:21:26 UTC 2026","","per-room limit","",""
"","0","returns nil subdomain for a hyphenated-prefix host (regression: unescaped dot)","util.lib","Wed Sep 02 18:18:56 UTC 2026","passed","Wed Sep 02 18:18:56 UTC 2026","","room_jid_split_subdomain","",""
"","0","returns truthy for jibria@ prefixed JID string","util.lib","Wed Sep 02 18:18:56 UTC 2026","passed","Wed Sep 02 18:18:56 UTC 2026","","is_jibri","",""
"","0","returns truthy for transcribera@ JID","util.lib","Wed Sep 02 18:18:56 UTC 2026","passed","Wed Sep 02 18:18:56 UTC 2026","","is_transcriber","",""
"","0","does not log for non-error presence","mod_muc_domain_mapper","Wed Sep 02 18:18:56 UTC 2026","passed","Wed Sep 02 18:18:56 UTC 2026","log_not_allowed_errors","filter_stanza","",""
"","824","non-JSON 200 from access manager does not crash or ban the user (fail open)","mod_muc_auth_ban","Wed Sep 02 18:20:39 UTC 2026","passed","Wed Sep 02 18:20:40 UTC 2026","","","",""
"","0","returns a distinct table (not the same reference)","util.lib","Wed Sep 02 18:18:56 UTC 2026","passed","Wed Sep 02 18:18:56 UTC 2026","table_shallow_copy","table helpers","",""
"","1138","moderator cannot set blocked key ""services""","mod_room_metadata_component","Wed Sep 02 18:22:17 UTC 2026","passed","Wed Sep 02 18:22:18 UTC 2026","","blocked keys","",""
"","433","blocks IQ when context.features present but transcription key absent","mod_filter_iq_rayo (feature-based authorization)","Wed Sep 02 18:20:24 UTC 2026","passed","Wed Sep 02 18:20:25 UTC 2026","","transcription (dial to jitsi_meet_transcribe)","",""
"","129","sets default permissions on session for moderator without token features","mod_jitsi_permissions","Wed Sep 02 18:20:34 UTC 2026","passed","Wed Sep 02 18:20:34 UTC 2026","","session features (via HTTP)","",""
"","20","non-VPaaS user with a valid token is allowed without an HTTP check","mod_muc_auth_ban","Wed Sep 02 18:20:36 UTC 2026","passed","Wed Sep 02 18:20:36 UTC 2026","","","",""
"","440","passes stop IQ when features.livestreaming = true","mod_filter_iq_jibri (feature-based authorization)","Wed Sep 02 18:20:15 UTC 2026","passed","Wed Sep 02 18:20:16 UTC 2026","","livestreaming (recording_mode=stream)","",""
"","78","returns lobbyEnabled: true when lobby is enabled","mod_muc_password_check","Wed Sep 02 18:21:30 UTC 2026","passed","Wed Sep 02 18:21:30 UTC 2026","","GET room info","",""
"","394","lists every receiver translating a sender, sorted","mod_audio_translation_component","Wed Sep 02 18:19:41 UTC 2026","passed","Wed Sep 02 18:19:41 UTC 2026","","directed listeners push (translation-listeners)","",""
"","198","granting owner is allowed","mod_muc_allowners","Wed Sep 02 18:20:35 UTC 2026","passed","Wed Sep 02 18:20:35 UTC 2026","","non-moderated room","",""
"","13","returns 400 when Content-Type is not application/json","mod_muc_kick_participant","Wed Sep 02 18:21:17 UTC 2026","passed","Wed Sep 02 18:21:17 UTC 2026","","parameter validation","",""
"","0","combines subdomain with multi-part base domain","util.lib","Wed Sep 02 18:18:56 UTC 2026","passed","Wed Sep 02 18:18:56 UTC 2026","","build_room_address","",""
"","0","returns the target id and reason","mod_muc_message_moderation","Wed Sep 02 18:18:56 UTC 2026","passed","Wed Sep 02 18:18:56 UTC 2026","","parse_moderation_request","",""
"","2625","non-JSON 200 does not produce a Lua error in the HTTP callback","mod_muc_auth_ban","Wed Sep 02 18:20:40 UTC 2026","passed","Wed Sep 02 18:20:42 UTC 2026","","","",""
"","782","ignores an empty <audio-translation> body","mod_audio_translation_component","Wed Sep 02 18:19:16 UTC 2026","passed","Wed Sep 02 18:19:17 UTC 2026","","routing and parsing","",""
"","1128","does not send broadcast to admin (focus)","mod_filesharing_component","Wed Sep 02 18:19:59 UTC 2026","passed","Wed Sep 02 18:20:00 UTC 2026","","add file","",""
"","435","passes IQ when features.outbound-call = true","mod_filter_iq_rayo (feature-based authorization)","Wed Sep 02 18:20:22 UTC 2026","passed","Wed Sep 02 18:20:22 UTC 2026","","outbound-call (dial to non-transcribe address)","",""
"","0","no token — no affiliation set","mod_token_affiliation","Wed Sep 02 18:18:56 UTC 2026","passed","Wed Sep 02 18:18:56 UTC 2026","","skip conditions in muc-occupant-pre-join","",""
"","814","ignores a message with no <audio-translation> child","mod_audio_translation_component","Wed Sep 02 18:19:15 UTC 2026","passed","Wed Sep 02 18:19:16 UTC 2026","","routing and parsing","",""
"","14","rejects connection with wrong secret","mod_auth_jitsi-shared-secret","Wed Sep 02 18:19:44 UTC 2026","passed","Wed Sep 02 18:19:44 UTC 2026","","","",""
"","19","query contains region identity","mod_jiconop","Wed Sep 02 18:20:33 UTC 2026","passed","Wed Sep 02 18:20:33 UTC 2026","","","",""
"","25","allows any username with the correct secret","mod_auth_jitsi-shared-secret","Wed Sep 02 18:19:44 UTC 2026","passed","Wed Sep 02 18:19:44 UTC 2026","","","",""
"","125","new room is set to hidden","mod_muc_hide_all","Wed Sep 02 18:21:15 UTC 2026","passed","Wed Sep 02 18:21:16 UTC 2026","","when module is enabled","",""
"","431","blocks start IQ when features.livestreaming = false","mod_filter_iq_jibri (feature-based authorization)","Wed Sep 02 18:20:14 UTC 2026","passed","Wed Sep 02 18:20:14 UTC 2026","","livestreaming (recording_mode=stream)","",""
"","0","returns nil for an unknown id","mod_muc_message_moderation","Wed Sep 02 18:18:56 UTC 2026","passed","Wed Sep 02 18:18:56 UTC 2026","","find_history_entry","",""
"","84","returns 401 when token is expired","mod_muc_jigasi_invite","Wed Sep 02 18:21:16 UTC 2026","passed","Wed Sep 02 18:21:16 UTC 2026","","authentication","",""
"","0","broadcasts an apply-to referencing the moderated message","mod_muc_message_moderation","Wed Sep 02 18:18:56 UTC 2026","passed","Wed Sep 02 18:18:56 UTC 2026","","moderation by a moderator","",""
"","0","announces the moderation for the visitor nodes","mod_muc_message_moderation","Wed Sep 02 18:18:56 UTC 2026","passed","Wed Sep 02 18:18:56 UTC 2026","","moderation by a moderator","",""
"","537","rejects a JSON payload that is not an object","mod_audio_translation_component","Wed Sep 02 18:19:17 UTC 2026","passed","Wed Sep 02 18:19:18 UTC 2026","","routing and parsing","",""
"","132","sets no features on session for non-moderator without token features","mod_jitsi_permissions","Wed Sep 02 18:20:34 UTC 2026","passed","Wed Sep 02 18:20:34 UTC 2026","","session features (via HTTP)","",""
