"DESCRIPTION","DURATION IN MS","NAME","PARENT SUITE","START TIME","STATUS","STOP TIME","SUB SUITE","SUITE","TEST CLASS","TEST METHOD"
"","0","appends to a form that already has fields","mod_muc_message_moderation","Wed Sep 30 21:07:13 UTC 2026","passed","Wed Sep 30 21:07:13 UTC 2026","","capability advertisement","",""
"","0","returns three empty lists for identical tables","util.lib","Wed Sep 30 21:07:13 UTC 2026","passed","Wed Sep 30 21:07:13 UTC 2026","table_compare","table helpers","",""
"","0","returns error for token with invalid JSON body","luajwtjitsi","Wed Sep 30 21:07:13 UTC 2026","passed","Wed Sep 30 21:07:13 UTC 2026","parse_token","internals","",""
"","0","matches against a Set of prefixes","util.lib","Wed Sep 30 21:07:13 UTC 2026","passed","Wed Sep 30 21:07:13 UTC 2026","","starts_with_one_of","",""
"","2148","message with missing room attribute is ignored","mod_room_metadata_component","Wed Sep 30 21:11:10 UTC 2026","passed","Wed Sep 30 21:11:12 UTC 2026","","invalid payloads","",""
"","0","returns false for a full MUC JID (slash-qualified)","util.lib","Wed Sep 30 21:07:13 UTC 2026","passed","Wed Sep 30 21:07:13 UTC 2026","","is_focus_nick","",""
"","0","returns true for two identical tables","util.lib","Wed Sep 30 21:07:13 UTC 2026","passed","Wed Sep 30 21:07:13 UTC 2026","table_equals","table helpers","",""
"","78","focus can join a health check room","mod_muc_meeting_id","Wed Sep 30 21:10:03 UTC 2026","passed","Wed Sep 30 21:10:03 UTC 2026","","health check rooms","",""
"","1704","adopts the claims of a rotated token for the main room while the session sits in a breakout room","mod_auth_token (claims on XEP-0198 resumption)","Wed Sep 30 21:08:12 UTC 2026","passed","Wed Sep 30 21:08:14 UTC 2026","","","",""
"","0","records the reason in the tombstone","mod_muc_message_moderation","Wed Sep 30 21:07:13 UTC 2026","passed","Wed Sep 30 21:07:13 UTC 2026","","moderation by a moderator","",""
"","0","restricted is true","mod_short_lived_token","Wed Sep 30 21:07:13 UTC 2026","passed","Wed Sep 30 21:07:13 UTC 2026","valid request service entry","external_service/credentials handler","",""
"","0","customer_id falls back to group when extract_subdomain returns no customer_id","mod_short_lived_token","Wed Sep 30 21:07:13 UTC 2026","passed","Wed Sep 30 21:07:13 UTC 2026","","generateToken payload","",""
"","835","moderator can rename a breakout room and receives an update with the new name","mod_muc_breakout_rooms","Wed Sep 30 21:09:18 UTC 2026","passed","Wed Sep 30 21:09:19 UTC 2026","","rename breakout room","",""
"","19","sets session.jitsi_meet_room from room claim","mod_auth_token (HS256 shared secret)","Wed Sep 30 21:08:05 UTC 2026","passed","Wed Sep 30 21:08:05 UTC 2026","","","",""
"","3","returns 400 when neither participantId nor number is provided","mod_muc_kick_participant","Wed Sep 30 21:09:50 UTC 2026","passed","Wed Sep 30 21:09:50 UTC 2026","","parameter validation","",""
"","1313","anonymous sender is blocked when privateChatRestricted is true","mod_filter_messages private messages","Wed Sep 30 21:08:59 UTC 2026","passed","Wed Sep 30 21:09:01 UTC 2026","","","",""
"","1151","moderator cannot set blocked key ""moderators""","mod_room_metadata_component","Wed Sep 30 21:10:47 UTC 2026","passed","Wed Sep 30 21:10:49 UTC 2026","","blocked keys","",""
"","707","does not resend for a language switch that leaves the listener set unchanged","mod_audio_translation_component","Wed Sep 30 21:08:02 UTC 2026","passed","Wed Sep 30 21:08:02 UTC 2026","","directed listeners push (translation-listeners)","",""
"","0","silently ignores invalid JSON in app_data (cjson.safe: returns nil, no throw)","mod_jibri_session","Wed Sep 30 21:07:13 UTC 2026","passed","Wed Sep 30 21:07:13 UTC 2026","","malformed app_data","",""
"","531","HTTP error from access manager does not ban the user (fail open)","mod_muc_auth_ban","Wed Sep 30 21:09:11 UTC 2026","passed","Wed Sep 30 21:09:11 UTC 2026","","","",""
"","0","non-string algorithm returns error","luajwtjitsi","Wed Sep 30 21:07:13 UTC 2026","passed","Wed Sep 30 21:07:13 UTC 2026","argument validation","verify","",""
"","131","allows resource matching UUID prefix","mod_muc_resource_validate","Wed Sep 30 21:10:24 UTC 2026","passed","Wed Sep 30 21:10:24 UTC 2026","","","",""
"","1029","VPaaS user is rejected when access manager returns access=false","mod_muc_auth_ban","Wed Sep 30 21:09:09 UTC 2026","passed","Wed Sep 30 21:09:10 UTC 2026","","","",""
"","0","does not log a second time on the same session","mod_muc_domain_mapper","Wed Sep 30 21:07:13 UTC 2026","passed","Wed Sep 30 21:07:13 UTC 2026","log_not_allowed_errors","filter_stanza","",""
"","435","passes IQ when features.transcription = true","mod_filter_iq_rayo (feature-based authorization)","Wed Sep 30 21:08:49 UTC 2026","passed","Wed Sep 30 21:08:50 UTC 2026","","transcription (dial to jitsi_meet_transcribe)","",""
"","0","surrounds traceback with header and footer lines","mod_debug_traceback","Wed Sep 30 21:07:13 UTC 2026","passed","Wed Sep 30 21:07:13 UTC 2026","","dump_traceback()","",""
"","19","session count increases when a client connects","mod_muc_size","Wed Sep 30 21:10:25 UTC 2026","passed","Wed Sep 30 21:10:26 UTC 2026","","GET /sessions","",""
"","123","occupant objects have jid, email, display_name fields","mod_muc_size","Wed Sep 30 21:10:25 UTC 2026","passed","Wed Sep 30 21:10:25 UTC 2026","","GET /room","",""
"","0","nbf in the future is rejected","luajwtjitsi","Wed Sep 30 21:07:13 UTC 2026","passed","Wed Sep 30 21:07:13 UTC 2026","claims","verify","",""
"","384","rewrites the traceparent parent_id and exports a span for a conference-modify IQ","mod_trace","Wed Sep 30 21:11:38 UTC 2026","passed","Wed Sep 30 21:11:38 UTC 2026","","when otlp_endpoint is set","",""
"","124","whitelisted domain bypasses lobby without affiliation","mod_muc_lobby_rooms","Wed Sep 30 21:09:55 UTC 2026","passed","Wed Sep 30 21:09:55 UTC 2026","","bypass paths","",""
"","6","PUT returns 404 when room does not exist","mod_muc_password_check","Wed Sep 30 21:10:03 UTC 2026","passed","Wed Sep 30 21:10:03 UTC 2026","","room lookup","",""
"","5","returns 404 when conference does not exist","mod_muc_end_meeting","Wed Sep 30 21:09:43 UTC 2026","passed","Wed Sep 30 21:09:43 UTC 2026","","room termination","",""
"","793","ignores an empty <audio-translation> body","mod_audio_translation_component","Wed Sep 30 21:07:34 UTC 2026","passed","Wed Sep 30 21:07:35 UTC 2026","","routing and parsing","",""
"","0","rewrites 'from' via internal_room_jid_match_rewrite","mod_muc_domain_mapper","Wed Sep 30 21:07:13 UTC 2026","passed","Wed Sep 30 21:07:13 UTC 2026","message stanzas","filter_stanza","",""
"","135","returns 200 and removes the participant","mod_muc_kick_participant","Wed Sep 30 21:09:50 UTC 2026","passed","Wed Sep 30 21:09:50 UTC 2026","","kick behaviour","",""
"","1270","two clients in different subdomain rooms do not see each other","mod_muc_domain_mapper","Wed Sep 30 21:09:42 UTC 2026","passed","Wed Sep 30 21:09:43 UTC 2026","","occupant presence exchange","",""
"","0","ignores apply-to without a moderated child","mod_muc_message_moderation","Wed Sep 30 21:07:13 UTC 2026","passed","Wed Sep 30 21:07:13 UTC 2026","","parse_moderation_request","",""
"","21","returns 400 when conference is missing","mod_muc_jigasi_invite","Wed Sep 30 21:09:49 UTC 2026","passed","Wed Sep 30 21:09:49 UTC 2026","","parameter validation","",""
"","185","allows a non-moderator whose token grants live-translation","mod_audio_translation_component","Wed Sep 30 21:07:55 UTC 2026","passed","Wed Sep 30 21:07:55 UTC 2026","","enable-flag write gating (live-translation)","",""
"","0","does not call rewrites when 'to' and 'from' are absent","mod_muc_domain_mapper","Wed Sep 30 21:07:13 UTC 2026","passed","Wed Sep 30 21:07:13 UTC 2026","message stanzas","filter_stanza","",""
"","0","moderates when the room has no history at all","mod_muc_message_moderation","Wed Sep 30 21:07:13 UTC 2026","passed","Wed Sep 30 21:07:13 UTC 2026","","moderation role checks","",""
"","0","handles host-only JID (no node) — stores id in roomless_iqs and rewrites host","util.lib","Wed Sep 30 21:07:13 UTC 2026","passed","Wed Sep 30 21:07:13 UTC 2026","","room_jid_match_rewrite","",""
"","236","stamps an occupant nick on a json-message sent to the room","mod_time_restricted","Wed Sep 30 21:11:34 UTC 2026","passed","Wed Sep 30 21:11:34 UTC 2026","","spoofing by an occupant","",""
"","144","non-moderator token holder is blocked by lobby","mod_muc_lobby_rooms","Wed Sep 30 21:09:56 UTC 2026","passed","Wed Sep 30 21:09:56 UTC 2026","","token_affiliation interaction","",""
"","126","moderator='true' (string)","mod_token_affiliation","Wed Sep 30 21:11:36 UTC 2026","passed","Wed Sep 30 21:11:36 UTC 2026","","moderator claim variants that grant owner/moderator","",""
"","0","does not register the visitor node handler","mod_muc_message_moderation","Wed Sep 30 21:07:13 UTC 2026","passed","Wed Sep 30 21:07:13 UTC 2026","","registration on the main prosody","",""
"","137","non-whitelisted client joins with correct password","mod_muc_password_whitelist","Wed Sep 30 21:10:04 UTC 2026","passed","Wed Sep 30 21:10:04 UTC 2026","","","",""
"","438","blocks stop IQ when token has no context.features (non-moderator fallback)","mod_filter_iq_jibri (feature-based authorization)","Wed Sep 30 21:08:38 UTC 2026","passed","Wed Sep 30 21:08:39 UTC 2026","","recording (recording_mode=file)","",""
"","0","wildcard matches any value","luajwtjitsi","Wed Sep 30 21:07:13 UTC 2026","passed","Wed Sep 30 21:07:13 UTC 2026","audience","verify","",""
"","0","ignores apply-to without an id","mod_muc_message_moderation","Wed Sep 30 21:07:13 UTC 2026","passed","Wed Sep 30 21:07:13 UTC 2026","","parse_moderation_request","",""
"","13","sets session.jitsi_meet_context_group from token context","mod_auth_token (ASAP / RS256)","Wed Sep 30 21:08:03 UTC 2026","passed","Wed Sep 30 21:08:03 UTC 2026","","","",""
"","435","blocks IQ when features.outbound-call = false","mod_filter_iq_rayo (feature-based authorization)","Wed Sep 30 21:08:48 UTC 2026","passed","Wed Sep 30 21:08:48 UTC 2026","","outbound-call (dial to non-transcribe address)","",""
"","7","rejects connection with expired token","mod_auth_token (HS256 shared secret)","Wed Sep 30 21:08:05 UTC 2026","passed","Wed Sep 30 21:08:05 UTC 2026","","","",""
"","0","iss is set to configured issuer","mod_short_lived_token","Wed Sep 30 21:07:13 UTC 2026","passed","Wed Sep 30 21:07:13 UTC 2026","","generateToken payload","",""
"","0","unsupported algorithm returns error","luajwtjitsi","Wed Sep 30 21:07:13 UTC 2026","passed","Wed Sep 30 21:07:13 UTC 2026","argument validation","encode","",""
"","0","ignores a non-groupchat stanza","mod_muc_message_moderation","Wed Sep 30 21:07:13 UTC 2026","passed","Wed Sep 30 21:07:13 UTC 2026","","visitor node history","",""
"","23","resumes session with same username when previd matches SM token","mod_auth_jitsi-anonymous","Wed Sep 30 21:08:03 UTC 2026","passed","Wed Sep 30 21:08:03 UTC 2026","","","",""
"","256","strips flip_device tag when flip feature is disabled in JWT","mod_muc_flip","Wed Sep 30 21:09:46 UTC 2026","passed","Wed Sep 30 21:09:46 UTC 2026","","flip_device tag stripping","",""
"","220","restores the token features when owner changes to admin","mod_jitsi_permissions","Wed Sep 30 21:09:05 UTC 2026","passed","Wed Sep 30 21:09:05 UTC 2026","","affiliation grant and revoke","",""
"","389","answer-poll json-message passes through even after cap is reached","mod_muc_limit_messages","Wed Sep 30 21:09:52 UTC 2026","passed","Wed Sep 30 21:09:52 UTC 2026","","","",""
"","0","returns false for a host-only JID (no node)","util.lib","Wed Sep 30 21:07:13 UTC 2026","passed","Wed Sep 30 21:07:13 UTC 2026","","is_focus_jid","",""
"","306","sender with send-groupchat=true is allowed when groupChatRestricted is true","mod_filter_messages","Wed Sep 30 21:08:58 UTC 2026","passed","Wed Sep 30 21:08:59 UTC 2026","","","",""
"","0","returns two elements for two segments","luajwtjitsi","Wed Sep 30 21:07:13 UTC 2026","passed","Wed Sep 30 21:07:13 UTC 2026","split_token","internals","",""
"","0","returns true for focus@auth.example.com/resource","util.lib","Wed Sep 30 21:07:13 UTC 2026","passed","Wed Sep 30 21:07:13 UTC 2026","","is_focus_jid","",""
"","996","rejects a delta whose net result exceeds the limit","mod_audio_translation_component","Wed Sep 30 21:07:48 UTC 2026","passed","Wed Sep 30 21:07:49 UTC 2026","","per-receiver limit (3)","",""
"","129","anonymous participants are not promoted","mod_muc_allowners","Wed Sep 30 21:09:08 UTC 2026","passed","Wed Sep 30 21:09:08 UTC 2026","","moderated room","",""
"","2200","destroys room when last regular user leaves and only jibri remains","mod_muc_cleanup_backend_services","Wed Sep 30 21:09:23 UTC 2026","passed","Wed Sep 30 21:09:25 UTC 2026","","","",""
"","0","does not touch cert status for host not in overrides","mod_certs_s2soutinjection","Wed Sep 30 21:07:13 UTC 2026","passed","Wed Sep 30 21:07:13 UTC 2026","","attach()","",""
"","827","session survives a Jibri start IQ targeting a non-existent room","mod_filter_iq_jibri (feature-based authorization)","Wed Sep 30 21:08:43 UTC 2026","passed","Wed Sep 30 21:08:44 UTC 2026","","robustness","",""
"","9","sets session.customusername from ?customusername query param","mod_jitsi_session","Wed Sep 30 21:09:07 UTC 2026","passed","Wed Sep 30 21:09:07 UTC 2026","","","",""
"","363","blocks Jibri and Rayo requests from a recipient whose owner affiliation was revoked","mod_jitsi_permissions","Wed Sep 30 21:09:04 UTC 2026","passed","Wed Sep 30 21:09:04 UTC 2026","","affiliation grant and revoke","",""
"","228","a private message to an occupant of the room is delivered","mod_filter_direct_messages","Wed Sep 30 21:08:35 UTC 2026","passed","Wed Sep 30 21:08:35 UTC 2026","","","",""
"","0","stores a correction","mod_muc_message_moderation","Wed Sep 30 21:07:13 UTC 2026","passed","Wed Sep 30 21:07:13 UTC 2026","","skip_history","",""
"","0","returns falsy and does not error when no overrides configured","mod_certs_s2soutinjection","Wed Sep 30 21:07:13 UTC 2026","passed","Wed Sep 30 21:07:13 UTC 2026","","attach()","",""
"","456","removes the request map entirely once the last subscription is gone","mod_audio_translation_component","Wed Sep 30 21:07:57 UTC 2026","passed","Wed Sep 30 21:07:57 UTC 2026","","MUC-leave pruning","",""
"","0","wrong key fails verification","luajwtjitsi","Wed Sep 30 21:07:13 UTC 2026","passed","Wed Sep 30 21:07:13 UTC 2026","HS256","verify","",""
"","136","accepts MUC join when the regex room claim uses an uppercase class","mod_auth_token (ASAP / RS256)","Wed Sep 30 21:08:03 UTC 2026","passed","Wed Sep 30 21:08:04 UTC 2026","","","",""
"","3368","ignores features from a token issued for a different room","mod_auth_token (claims on XEP-0198 resumption)","Wed Sep 30 21:08:05 UTC 2026","passed","Wed Sep 30 21:08:08 UTC 2026","","","",""
"","833","non-JSON 200 from access manager does not crash or ban the user (fail open)","mod_muc_auth_ban","Wed Sep 30 21:09:11 UTC 2026","passed","Wed Sep 30 21:09:12 UTC 2026","","","",""
"","0","rewrites 'to' and 'from'","mod_muc_domain_mapper","Wed Sep 30 21:07:13 UTC 2026","passed","Wed Sep 30 21:07:13 UTC 2026","iq stanzas","filter_stanza","",""
"","193","message with non-string key does not corrupt room state","mod_room_metadata_component","Wed Sep 30 21:11:19 UTC 2026","passed","Wed Sep 30 21:11:19 UTC 2026","","invalid payloads","",""
"","287","messages within the cap are delivered","mod_muc_limit_messages","Wed Sep 30 21:09:50 UTC 2026","passed","Wed Sep 30 21:09:50 UTC 2026","","","",""
"","302","moderator with no features in token is allowed when privateChatRestricted is true","mod_filter_messages private messages","Wed Sep 30 21:09:01 UTC 2026","passed","Wed Sep 30 21:09:02 UTC 2026","","","",""
"","471","participant count decreases after a client leaves","mod_muc_size","Wed Sep 30 21:10:25 UTC 2026","passed","Wed Sep 30 21:10:25 UTC 2026","","GET /room-size","",""
"","0","keeps the original id and author on the tombstone","mod_muc_message_moderation","Wed Sep 30 21:07:13 UTC 2026","passed","Wed Sep 30 21:07:13 UTC 2026","","moderation by a moderator","",""
"","201","requires first device to be in main room for flip to proceed","mod_muc_flip","Wed Sep 30 21:09:48 UTC 2026","passed","Wed Sep 30 21:09:48 UTC 2026","","lobby interactions","",""
"","0","returns JID unchanged when node lacks [sub] prefix","util.lib","Wed Sep 30 21:07:13 UTC 2026","passed","Wed Sep 30 21:07:13 UTC 2026","","internal_room_jid_match_rewrite","",""
"","0","wraps with BIT STRING tag (0x03) and prepends unused-bits byte (0x00)","jwk.lib","Wed Sep 30 21:07:13 UTC 2026","passed","Wed Sep 30 21:07:13 UTC 2026","encode_bit_string","ASN1","",""
"","150","returns 200 with silent-reconnect=true and destroys the room","mod_muc_end_meeting","Wed Sep 30 21:09:44 UTC 2026","passed","Wed Sep 30 21:09:44 UTC 2026","","room termination","",""
"","0","logs an error when the file cannot be opened","mod_debug_traceback","Wed Sep 30 21:07:13 UTC 2026","passed","Wed Sep 30 21:07:13 UTC 2026","","dump_traceback()","",""
"","147","rejects MUC join when the room name is too long to match a regex claim","mod_auth_token (ASAP / RS256)","Wed Sep 30 21:08:04 UTC 2026","passed","Wed Sep 30 21:08:04 UTC 2026","","","",""
"","0","recognises inbound-sip-jibri@ prefix","util.lib","Wed Sep 30 21:07:13 UTC 2026","passed","Wed Sep 30 21:07:13 UTC 2026","","get_sip_jibri_email_prefix","",""
"","242","restores the token features of the recipient when owner is revoked","mod_jitsi_permissions","Wed Sep 30 21:09:03 UTC 2026","passed","Wed Sep 30 21:09:03 UTC 2026","","affiliation grant and revoke","",""
"","0","returns false for nil string","util.lib","Wed Sep 30 21:07:13 UTC 2026","passed","Wed Sep 30 21:07:13 UTC 2026","","starts_with_one_of","",""
"","142","non-occupant disco#info to an existing room succeeds","mod_muc_hide_all","Wed Sep 30 21:09:48 UTC 2026","passed","Wed Sep 30 21:09:48 UTC 2026","","when module is disabled","",""
"","119","rejects a resource containing a hyphen","mod_muc_resource_validate","Wed Sep 30 21:10:24 UTC 2026","passed","Wed Sep 30 21:10:24 UTC 2026","","","",""
"","489","denies a non-moderator without the live-translation feature","mod_audio_translation_component","Wed Sep 30 21:07:54 UTC 2026","passed","Wed Sep 30 21:07:55 UTC 2026","","enable-flag write gating (live-translation)","",""
"","22","connects successfully with a valid RS256 token","mod_auth_token (ASAP / RS256)","Wed Sep 30 21:08:03 UTC 2026","passed","Wed Sep 30 21:08:03 UTC 2026","","","",""
"","4","PUT returns 400 when body is valid JSON but passcode key is missing","mod_muc_password_check","Wed Sep 30 21:10:03 UTC 2026","passed","Wed Sep 30 21:10:03 UTC 2026","","parameter validation","",""
"","6","returns 400 when body is empty","mod_muc_jigasi_invite","Wed Sep 30 21:09:49 UTC 2026","passed","Wed Sep 30 21:09:49 UTC 2026","","parameter validation","",""
"","0","treats empty-string subdomain as no subdomain","util.lib","Wed Sep 30 21:07:13 UTC 2026","passed","Wed Sep 30 21:07:13 UTC 2026","","build_room_address","",""
"","201","revoking an affiliation is rejected with forbidden","mod_muc_allowners","Wed Sep 30 21:09:07 UTC 2026","passed","Wed Sep 30 21:09:07 UTC 2026","","non-moderated room","",""
"","88","returns 403 when a login token is used instead of a system token","mod_muc_kick_participant","Wed Sep 30 21:09:50 UTC 2026","passed","Wed Sep 30 21:09:50 UTC 2026","","authentication","",""
"","0","rewrites a multidomain JID to internal [sub]room@muc_domain form","util.lib","Wed Sep 30 21:07:13 UTC 2026","passed","Wed Sep 30 21:07:13 UTC 2026","","room_jid_match_rewrite","",""
"","0","wraps content with SEQUENCE tag 0x30","jwk.lib","Wed Sep 30 21:07:13 UTC 2026","passed","Wed Sep 30 21:07:13 UTC 2026","encode_sequence","ASN1","",""
"","0","wrong issuer is rejected","luajwtjitsi","Wed Sep 30 21:07:13 UTC 2026","passed","Wed Sep 30 21:07:13 UTC 2026","issuer","verify","",""
"","0","returns false for a room whose tenant does not start with vpaas-magic-cookie-","util.lib","Wed Sep 30 21:07:13 UTC 2026","passed","Wed Sep 30 21:07:13 UTC 2026","","is_vpaas","",""
"","4","returns 400 when query string is missing","mod_muc_size","Wed Sep 30 21:10:25 UTC 2026","passed","Wed Sep 30 21:10:25 UTC 2026","","GET /room-size","",""
"","487","update payload contains the main room and the new breakout room","mod_muc_breakout_rooms","Wed Sep 30 21:09:15 UTC 2026","passed","Wed Sep 30 21:09:16 UTC 2026","","create breakout room","",""
"","0","returns true for focus@auth.example.com","util.lib","Wed Sep 30 21:07:13 UTC 2026","passed","Wed Sep 30 21:07:13 UTC 2026","","is_focus_jid","",""
"","0","returns false for a room on the wrong MUC domain","util.lib","Wed Sep 30 21:07:13 UTC 2026","passed","Wed Sep 30 21:07:13 UTC 2026","","is_vpaas","",""
"","68","returns passcodeProtected: false and lobbyEnabled: false for a plain room","mod_muc_password_check","Wed Sep 30 21:10:03 UTC 2026","passed","Wed Sep 30 21:10:03 UTC 2026","","GET room info","",""
"","0","user_region propagated from session","mod_short_lived_token","Wed Sep 30 21:07:13 UTC 2026","passed","Wed Sep 30 21:07:13 UTC 2026","","generateToken payload","",""
"","0","nick containing focus but not ending in /focus returns false","util.lib","Wed Sep 30 21:07:13 UTC 2026","passed","Wed Sep 30 21:07:13 UTC 2026","","is_focus","",""
"","170","non-owner with no token features receives forbidden error","mod_filesharing_component","Wed Sep 30 21:08:28 UTC 2026","passed","Wed Sep 30 21:08:28 UTC 2026","","authorization","",""
"","328","does not touch the features of a session that is not in this room","mod_jitsi_permissions","Wed Sep 30 21:09:06 UTC 2026","passed","Wed Sep 30 21:09:06 UTC 2026","","affiliation grant and revoke","",""
"","443","passes status IQ regardless of features (only start/stop are gated)","mod_filter_iq_jibri (feature-based authorization)","Wed Sep 30 21:08:39 UTC 2026","passed","Wed Sep 30 21:08:39 UTC 2026","","recording (recording_mode=file)","",""
"","294","body-less message is always delivered even when groupChatRestricted is true","mod_filter_messages","Wed Sep 30 21:08:59 UTC 2026","passed","Wed Sep 30 21:08:59 UTC 2026","","","",""
"","23","sets session.jitsi_meet_context_user.id from top-level user_id when context is absent","mod_auth_token (ASAP / RS256)","Wed Sep 30 21:08:03 UTC 2026","passed","Wed Sep 30 21:08:03 UTC 2026","","","",""
"","0","ignores a non-IQ stanza","mod_jibri_session","Wed Sep 30 21:07:13 UTC 2026","passed","Wed Sep 30 21:07:13 UTC 2026","","non-matching stanzas pass through unchanged","",""
"","445","passes JvbRoomPassword through when provided","mod_filter_iq_rayo (feature-based authorization)","Wed Sep 30 21:08:56 UTC 2026","passed","Wed Sep 30 21:08:56 UTC 2026","","JvbRoomPassword header","",""
"","553","all non-admin occupants of the main room receive the update broadcast","mod_muc_breakout_rooms","Wed Sep 30 21:09:16 UTC 2026","passed","Wed Sep 30 21:09:16 UTC 2026","","create breakout room","",""
"","9","rejects connection when token is missing the sub claim","mod_token_verification","Wed Sep 30 21:11:37 UTC 2026","passed","Wed Sep 30 21:11:37 UTC 2026","","join access control","",""
"","3","GET /turn-credentials returns 200 with a JSON array","mod_turncredentials_http","Wed Sep 30 21:11:38 UTC 2026","passed","Wed Sep 30 21:11:38 UTC 2026","","","",""
"","0","affiliation='moderator' sets owner","mod_token_affiliation","Wed Sep 30 21:07:13 UTC 2026","passed","Wed Sep 30 21:07:13 UTC 2026","","affiliation assignment","",""
"","0","removes only the targeted entry","mod_muc_message_moderation","Wed Sep 30 21:07:13 UTC 2026","passed","Wed Sep 30 21:07:13 UTC 2026","","retraction","",""
"","22","rejects connection with expired token","mod_auth_token (ASAP / RS256)","Wed Sep 30 21:08:03 UTC 2026","passed","Wed Sep 30 21:08:03 UTC 2026","","","",""
"","841","session survives a transcription-result with an empty transcript array","mod_muc_meeting_id","Wed Sep 30 21:10:01 UTC 2026","passed","Wed Sep 30 21:10:02 UTC 2026","","transcription filter robustness","",""
"","0","returns NULL tag (0x05) with zero length","jwk.lib","Wed Sep 30 21:07:13 UTC 2026","passed","Wed Sep 30 21:07:13 UTC 2026","encode_null","ASN1","",""
"","137","focus joining does not satisfy the host requirement","mod_muc_wait_for_host","Wed Sep 30 21:10:26 UTC 2026","passed","Wed Sep 30 21:10:26 UTC 2026","","no host present","",""
"","0","returns false when feature is present but set to false","util.lib","Wed Sep 30 21:07:13 UTC 2026","passed","Wed Sep 30 21:07:13 UTC 2026","","is_feature_allowed","",""
"","715","deduplicates the same language requested by two receivers","mod_audio_translation_component","Wed Sep 30 21:07:50 UTC 2026","passed","Wed Sep 30 21:07:51 UTC 2026","","aggregation across receivers","",""
"","0","returns false for JID whose node contains but is not exactly focus","util.lib","Wed Sep 30 21:07:13 UTC 2026","passed","Wed Sep 30 21:07:13 UTC 2026","","is_focus_jid","",""
"","176","non-moderator with transcription feature can set both recording fields simultaneously","mod_room_metadata_component","Wed Sep 30 21:11:02 UTC 2026","passed","Wed Sep 30 21:11:03 UTC 2026","","allow-moderation hook (mod_filter_iq_rayo interop)","",""
"","0","rejects a correction of a moderated message","mod_muc_message_moderation","Wed Sep 30 21:07:13 UTC 2026","passed","Wed Sep 30 21:07:13 UTC 2026","","correction author checks","",""
"","10589","destroys the room with a friendly time-limit reason and blocks re-creation","mod_time_restricted","Wed Sep 30 21:11:24 UTC 2026","passed","Wed Sep 30 21:11:34 UTC 2026","","","",""
"","0","does not push service when credential key is not in accepted map","mod_short_lived_token","Wed Sep 30 21:07:13 UTC 2026","passed","Wed Sep 30 21:07:13 UTC 2026","","external_service/credentials handler","",""
"","123","adds <group> inside <identity> when context.group is set","mod_presence_identity","Wed Sep 30 21:10:37 UTC 2026","passed","Wed Sep 30 21:10:37 UTC 2026","","identity injection","",""
"","1258","recording with only unrecognized fields falls through to the default moderator check","mod_room_metadata_component","Wed Sep 30 21:11:08 UTC 2026","passed","Wed Sep 30 21:11:09 UTC 2026","","allow-moderation hook (mod_filter_iq_rayo interop)","",""
"","437","passes status IQ regardless of features (only start/stop are gated)","mod_filter_iq_jibri (feature-based authorization)","Wed Sep 30 21:08:43 UTC 2026","passed","Wed Sep 30 21:08:43 UTC 2026","","livestreaming (recording_mode=stream)","",""
"","0","removes the signature segment","luajwtjitsi","Wed Sep 30 21:07:13 UTC 2026","passed","Wed Sep 30 21:07:13 UTC 2026","strip_signature","internals","",""
"","73","returns 404 when participant is not in the room","mod_muc_kick_participant","Wed Sep 30 21:09:50 UTC 2026","passed","Wed Sep 30 21:09:50 UTC 2026","","kick behaviour","",""
"","0","tags with 0x02 and does not pad when high bit is clear","jwk.lib","Wed Sep 30 21:07:13 UTC 2026","passed","Wed Sep 30 21:07:13 UTC 2026","encode_integer","ASN1","",""
"","152","non-occupant disco#info returns <forbidden>","mod_muc_hide_all","Wed Sep 30 21:09:48 UTC 2026","passed","Wed Sep 30 21:09:49 UTC 2026","","when module is enabled","",""
"","639","allows only one transcription dial when multiple are sent concurrently","mod_filter_iq_rayo (feature-based authorization)","Wed Sep 30 21:08:53 UTC 2026","passed","Wed Sep 30 21:08:54 UTC 2026","","transcription per-room throttle","",""
"","1078","a connected non-occupant cannot create a poll","mod_polls_component","Wed Sep 30 21:10:36 UTC 2026","passed","Wed Sep 30 21:10:37 UTC 2026","","sender authorization","",""
"","0","returns nil for nil token","util.lib","Wed Sep 30 21:07:13 UTC 2026","passed","Wed Sep 30 21:07:13 UTC 2026","","strip_jwt_signature","",""
"","342","groupChatRestricted alone does not block a private message","mod_filter_messages private messages","Wed Sep 30 21:09:02 UTC 2026","passed","Wed Sep 30 21:09:02 UTC 2026","","","",""
"","466","non-occupant cannot end the conference","mod_end_conference","Wed Sep 30 21:08:19 UTC 2026","passed","Wed Sep 30 21:08:19 UTC 2026","","","",""
"","251","all occupants receive an unavailable presence with a destroy reason","mod_end_conference","Wed Sep 30 21:08:18 UTC 2026","passed","Wed Sep 30 21:08:18 UTC 2026","","","",""
"","129","pre-approved member with display name can join","mod_muc_lobby_rooms","Wed Sep 30 21:09:55 UTC 2026","passed","Wed Sep 30 21:09:55 UTC 2026","","bypass paths","",""
"","238","history message contains <display-name> injected from token name","mod_muc_displayname — message display-name handling","Wed Sep 30 21:09:40 UTC 2026","passed","Wed Sep 30 21:09:41 UTC 2026","","","",""
"","136","injects all default permissions into self-presence on join","mod_jitsi_permissions","Wed Sep 30 21:09:02 UTC 2026","passed","Wed Sep 30 21:09:02 UTC 2026","","moderator token without features","",""
"","844","moderator can remove a breakout room and receives an update","mod_muc_breakout_rooms","Wed Sep 30 21:09:17 UTC 2026","passed","Wed Sep 30 21:09:18 UTC 2026","","remove breakout room","",""
"","0","returns nil and error for single-segment input","luajwtjitsi","Wed Sep 30 21:07:13 UTC 2026","passed","Wed Sep 30 21:07:13 UTC 2026","strip_signature","internals","",""
"","0","logs error and skips hook when key_path is absent","mod_short_lived_token","Wed Sep 30 21:07:13 UTC 2026","passed","Wed Sep 30 21:07:13 UTC 2026","","config validation","",""
"","97","returns 401 when token is expired","mod_muc_jigasi_invite","Wed Sep 30 21:09:49 UTC 2026","passed","Wed Sep 30 21:09:49 UTC 2026","","authentication","",""
"","609","denies a receiver whose token sets live-translation-subscribe to false","mod_audio_translation_component","Wed Sep 30 21:07:39 UTC 2026","passed","Wed Sep 30 21:07:39 UTC 2026","","subscribe authorization (live-translation-subscribe)","",""
"","5191","all 5 simultaneous leaves complete and observer receives all unavailable presences","mod_muc_rate_limit","Wed Sep 30 21:10:12 UTC 2026","passed","Wed Sep 30 21:10:17 UTC 2026","","leave rate limiting","",""
"","0","produces empty strings at boundaries","util.lib","Wed Sep 30 21:07:13 UTC 2026","passed","Wed Sep 30 21:07:13 UTC 2026","","split_string","",""
"","441","blocks START (recording_mode=file) when features.recording = false","mod_filter_iq_jibri (feature-based authorization)","Wed Sep 30 21:08:44 UTC 2026","passed","Wed Sep 30 21:08:45 UTC 2026","","attribute case normalisation","",""
"","438","blocks start IQ when token has no context.features (non-moderator fallback)","mod_filter_iq_jibri (feature-based authorization)","Wed Sep 30 21:08:41 UTC 2026","passed","Wed Sep 30 21:08:41 UTC 2026","","livestreaming (recording_mode=stream)","",""
"","1249","does not send broadcast back to sender","mod_filesharing_component","Wed Sep 30 21:08:20 UTC 2026","passed","Wed Sep 30 21:08:21 UTC 2026","","add file","",""
"","0","ignores a replace element with no body","mod_muc_message_moderation","Wed Sep 30 21:07:13 UTC 2026","passed","Wed Sep 30 21:07:13 UTC 2026","","parse_correction","",""
"","1155","non-moderator with transcription=false cannot set recording.isTranscribingEnabled","mod_room_metadata_component","Wed Sep 30 21:11:04 UTC 2026","passed","Wed Sep 30 21:11:05 UTC 2026","","allow-moderation hook (mod_filter_iq_rayo interop)","",""
"","0","escapes a CRLF-injected header value to &#13;&#10;","Rayo dial IQ header CRLF escaping [in-file reference serializer]","Wed Sep 30 21:07:13 UTC 2026","passed","Wed Sep 30 21:07:13 UTC 2026","","","",""
"","123","non-whitelisted client is rejected when joining without password","mod_muc_password_whitelist","Wed Sep 30 21:10:04 UTC 2026","passed","Wed Sep 30 21:10:04 UTC 2026","","","",""
"","0","hooks nothing beyond the groupchat handler on a visitor node","mod_muc_message_moderation","Wed Sep 30 21:07:13 UTC 2026","passed","Wed Sep 30 21:07:13 UTC 2026","","registration","",""
"","0","splits three segments correctly","luajwtjitsi","Wed Sep 30 21:07:13 UTC 2026","passed","Wed Sep 30 21:07:13 UTC 2026","split_token","internals","",""
"","0","uses custom label when provided","jwk.lib","Wed Sep 30 21:07:13 UTC 2026","passed","Wed Sep 30 21:07:13 UTC 2026","der_to_pem","ASN1","",""
"","3","PUT returns 400 when Content-Type is not application/json","mod_muc_password_check","Wed Sep 30 21:10:03 UTC 2026","passed","Wed Sep 30 21:10:03 UTC 2026","","parameter validation","",""
"","1158","non-occupant message is silently ignored","mod_filesharing_component","Wed Sep 30 21:08:26 UTC 2026","passed","Wed Sep 30 21:08:27 UTC 2026","","authorization","",""
"","139","blocks join for member token scoped to a different room","mod_token_verification","Wed Sep 30 21:11:37 UTC 2026","passed","Wed Sep 30 21:11:37 UTC 2026","","join access control","",""
"","0","refuses a visitor retraction of a message they did not author","mod_muc_message_moderation","Wed Sep 30 21:07:13 UTC 2026","passed","Wed Sep 30 21:07:13 UTC 2026","","visitor node history","",""
"","0","ignores a message with no replace element","mod_muc_message_moderation","Wed Sep 30 21:07:13 UTC 2026","passed","Wed Sep 30 21:07:13 UTC 2026","","parse_correction","",""
"","655","messages blocked by filter_messages do not count toward the cap","mod_muc_limit_messages","Wed Sep 30 21:09:54 UTC 2026","passed","Wed Sep 30 21:09:54 UTC 2026","","","",""
"","443","passes IQ when features.outbound-call = true","mod_filter_iq_rayo (feature-based authorization)","Wed Sep 30 21:08:47 UTC 2026","passed","Wed Sep 30 21:08:48 UTC 2026","","outbound-call (dial to non-transcribe address)","",""
"","1132","moderator cannot set blocked key ""participantsSoftLimit""","mod_room_metadata_component","Wed Sep 30 21:10:50 UTC 2026","passed","Wed Sep 30 21:10:51 UTC 2026","","blocked keys","",""
"","0","hooks muc-occupant-groupchat","mod_muc_message_moderation","Wed Sep 30 21:07:13 UTC 2026","passed","Wed Sep 30 21:07:13 UTC 2026","","registration","",""
"","191","a message to a component is delivered","mod_filter_direct_messages","Wed Sep 30 21:08:35 UTC 2026","passed","Wed Sep 30 21:08:35 UTC 2026","","","",""
"","28","non-VPaaS user with a valid token is allowed without an HTTP check","mod_muc_auth_ban","Wed Sep 30 21:09:08 UTC 2026","passed","Wed Sep 30 21:09:08 UTC 2026","","","",""
"","0","does not keep it out of history","mod_muc_message_moderation","Wed Sep 30 21:07:13 UTC 2026","passed","Wed Sep 30 21:07:13 UTC 2026","","correction by the author","",""
"","0","returns false for a regular room","util.lib","Wed Sep 30 21:07:13 UTC 2026","passed","Wed Sep 30 21:07:13 UTC 2026","","is_healthcheck_room","",""
"","0","does not rewrite a JID whose host uses a hyphen after the prefix (regression)","util.lib","Wed Sep 30 21:07:13 UTC 2026","passed","Wed Sep 30 21:07:13 UTC 2026","","room_jid_match_rewrite","",""
"","0","recognises sipjibriouta@ prefix","util.lib","Wed Sep 30 21:07:13 UTC 2026","passed","Wed Sep 30 21:07:13 UTC 2026","","get_sip_jibri_email_prefix","",""
"","33","allows any username with the correct secret","mod_auth_jitsi-shared-secret","Wed Sep 30 21:08:03 UTC 2026","passed","Wed Sep 30 21:08:03 UTC 2026","","","",""
"","0","adds the room info field to the room config form","mod_muc_message_moderation","Wed Sep 30 21:07:13 UTC 2026","passed","Wed Sep 30 21:07:13 UTC 2026","","capability advertisement","",""
"","14","sets session.jitsi_meet_context_features from token context","mod_auth_token (ASAP / RS256)","Wed Sep 30 21:08:03 UTC 2026","passed","Wed Sep 30 21:08:03 UTC 2026","","","",""
"","7","returns 404 when room does not exist","mod_muc_size","Wed Sep 30 21:10:25 UTC 2026","passed","Wed Sep 30 21:10:25 UTC 2026","","GET /room-size","",""
"","501","non-moderator participant cannot end the conference","mod_end_conference","Wed Sep 30 21:08:18 UTC 2026","passed","Wed Sep 30 21:08:19 UTC 2026","","","",""
"","0","returns true when string starts with prefix","util.lib","Wed Sep 30 21:07:13 UTC 2026","passed","Wed Sep 30 21:07:13 UTC 2026","","starts_with","",""
"","0","accumulates time up to the moment of going silent","SpeakerStats","Wed Sep 30 21:07:13 UTC 2026","passed","Wed Sep 30 21:07:13 UTC 2026","","setDominantSpeaker","",""
"","0","output begins and ends with correct PEM markers","jwk.lib","Wed Sep 30 21:07:13 UTC 2026","passed","Wed Sep 30 21:07:13 UTC 2026","","jwk_to_pem","",""
"","723","drops a receiver's subscriptions when it leaves","mod_audio_translation_component","Wed Sep 30 21:07:55 UTC 2026","passed","Wed Sep 30 21:07:56 UTC 2026","","MUC-leave pruning","",""
"","0","tampered signature fails verification","luajwtjitsi","Wed Sep 30 21:07:13 UTC 2026","passed","Wed Sep 30 21:07:13 UTC 2026","RS256","verify","",""
"","0","returns the index of a found value","util.lib","Wed Sep 30 21:07:13 UTC 2026","passed","Wed Sep 30 21:07:13 UTC 2026","table_find","table helpers","",""
"","22","connects successfully with a valid token","mod_auth_token (HS256 shared secret)","Wed Sep 30 21:08:04 UTC 2026","passed","Wed Sep 30 21:08:04 UTC 2026","","","",""
"","0","broadcasts an apply-to referencing the moderated message","mod_muc_message_moderation","Wed Sep 30 21:07:13 UTC 2026","passed","Wed Sep 30 21:07:13 UTC 2026","","moderation by a moderator","",""
"","1142","an answer for an unknown poll is ignored","mod_polls_component","Wed Sep 30 21:10:28 UTC 2026","passed","Wed Sep 30 21:10:29 UTC 2026","","poll answering","",""
"","453","only active rooms appear in census after a room is destroyed","mod_muc_census","Wed Sep 30 21:09:22 UTC 2026","passed","Wed Sep 30 21:09:23 UTC 2026","","","",""
"","130","returns 200 with occupant array for an existing room","mod_muc_size","Wed Sep 30 21:10:25 UTC 2026","passed","Wed Sep 30 21:10:25 UTC 2026","","GET /room","",""
"","4","returns 400 when body is empty","mod_system_chat_message","Wed Sep 30 21:11:19 UTC 2026","passed","Wed Sep 30 21:11:19 UTC 2026","","parameter validation","",""
"","0","is not silent","SpeakerStats","Wed Sep 30 21:07:13 UTC 2026","passed","Wed Sep 30 21:07:13 UTC 2026","","initial state","",""
"","297","transfers moderator role to flip device and tags the kicked occupant presence","mod_muc_flip","Wed Sep 30 21:09:47 UTC 2026","passed","Wed Sep 30 21:09:47 UTC 2026","","flip","",""
"","0","falls through so the room relays and archives it","mod_muc_message_moderation","Wed Sep 30 21:07:13 UTC 2026","passed","Wed Sep 30 21:07:13 UTC 2026","","correction by the author","",""
"","0","wraps DER bytes in PEM format with default PUBLIC KEY label","jwk.lib","Wed Sep 30 21:07:13 UTC 2026","passed","Wed Sep 30 21:07:13 UTC 2026","der_to_pem","ASN1","",""
"","509","muc_limit_messages must not count messages already blocked by filter_messages","mod_muc_limit_messages","Wed Sep 30 21:09:53 UTC 2026","passed","Wed Sep 30 21:09:54 UTC 2026","","","",""
"","252","live broadcast strips <nick> and <display-name> from groupchat messages","mod_muc_displayname — message display-name handling","Wed Sep 30 21:09:40 UTC 2026","passed","Wed Sep 30 21:09:40 UTC 2026","","","",""
"","539","rejects a JSON payload that is not an object","mod_audio_translation_component","Wed Sep 30 21:07:35 UTC 2026","passed","Wed Sep 30 21:07:36 UTC 2026","","routing and parsing","",""
"","444","blocks start IQ when token has no context.features (non-moderator fallback)","mod_filter_iq_jibri (feature-based authorization)","Wed Sep 30 21:08:37 UTC 2026","passed","Wed Sep 30 21:08:37 UTC 2026","","recording (recording_mode=file)","",""
"","0","returns nil and error for two-segment input","luajwtjitsi","Wed Sep 30 21:07:13 UTC 2026","passed","Wed Sep 30 21:07:13 UTC 2026","strip_signature","internals","",""
"","0","handles multiple hosts in override map independently","mod_certs_s2soutinjection","Wed Sep 30 21:07:13 UTC 2026","passed","Wed Sep 30 21:07:13 UTC 2026","","attach()","",""
"","217","strips nick when name-readonly=true and token has no name","mod_muc_displayname — name-readonly","Wed Sep 30 21:09:39 UTC 2026","passed","Wed Sep 30 21:09:39 UTC 2026","","","",""
"","0","preserves the room name text around the escaped CRLF","Rayo dial IQ header CRLF escaping [in-file reference serializer]","Wed Sep 30 21:07:13 UTC 2026","passed","Wed Sep 30 21:07:13 UTC 2026","","","",""
"","218","clears granted features when the token of the recipient has none","mod_jitsi_permissions","Wed Sep 30 21:09:03 UTC 2026","passed","Wed Sep 30 21:09:03 UTC 2026","","affiliation grant and revoke","",""
"","0","returns nil when value is not present","util.lib","Wed Sep 30 21:07:13 UTC 2026","passed","Wed Sep 30 21:07:13 UTC 2026","table_find","table helpers","",""
"","0","healthcheck room — no affiliation set","mod_token_affiliation","Wed Sep 30 21:07:13 UTC 2026","passed","Wed Sep 30 21:07:13 UTC 2026","","skip conditions in muc-occupant-pre-join","",""
"","137","blocks a non-member with 407 registration-required","mod_muc_lobby_rooms","Wed Sep 30 21:09:54 UTC 2026","passed","Wed Sep 30 21:09:54 UTC 2026","","non-member join gate","",""
"","6","rejects connection with wrong issuer","mod_auth_token (HS256 shared secret)","Wed Sep 30 21:08:05 UTC 2026","passed","Wed Sep 30 21:08:05 UTC 2026","","","",""
"","120","strips a client-supplied <identity> and replaces it with the real one","mod_presence_identity","Wed Sep 30 21:10:38 UTC 2026","passed","Wed Sep 30 21:10:38 UTC 2026","","spoofing prevention","",""
"","0","returns JID unchanged when host is not the MUC domain","util.lib","Wed Sep 30 21:07:13 UTC 2026","passed","Wed Sep 30 21:07:13 UTC 2026","","internal_room_jid_match_rewrite","",""
"","0","keeps the attribution stamped by the main prosody","mod_muc_message_moderation","Wed Sep 30 21:07:13 UTC 2026","passed","Wed Sep 30 21:07:13 UTC 2026","","visitor node history","",""
"","0","handles multi-character delimiter","util.lib","Wed Sep 30 21:07:13 UTC 2026","passed","Wed Sep 30 21:07:13 UTC 2026","","split_string","",""
"","89","leaves a conference-modify IQ with traceparent unmodified and exports nothing","mod_trace","Wed Sep 30 21:11:38 UTC 2026","passed","Wed Sep 30 21:11:38 UTC 2026","","when otlp_endpoint is unset","",""
"","0","returns no customer_id for non-vpaas subdomain","util.lib","Wed Sep 30 21:07:13 UTC 2026","passed","Wed Sep 30 21:07:13 UTC 2026","","extract_subdomain","",""
"","0","rejects a correction from a moderator who is not the author","mod_muc_message_moderation","Wed Sep 30 21:07:13 UTC 2026","passed","Wed Sep 30 21:07:13 UTC 2026","","correction author checks","",""
"","0","preserves pre-existing top-level app_data keys","mod_jibri_session","Wed Sep 30 21:07:13 UTC 2026","passed","Wed Sep 30 21:07:13 UTC 2026","","client-to-jicofo pass (no room attr on jibri element)","",""
"","0","handles multi-byte integer without high bit","jwk.lib","Wed Sep 30 21:07:13 UTC 2026","passed","Wed Sep 30 21:07:13 UTC 2026","encode_integer","ASN1","",""
"","0","nil session — no affiliation set","mod_token_affiliation","Wed Sep 30 21:07:13 UTC 2026","passed","Wed Sep 30 21:07:13 UTC 2026","","skip conditions in muc-occupant-pre-join","",""
"","0","moderator=false sets member affiliation","mod_token_affiliation","Wed Sep 30 21:07:13 UTC 2026","passed","Wed Sep 30 21:07:13 UTC 2026","","affiliation assignment","",""
"","2265","does not destroy room when a second regular user is still present","mod_muc_cleanup_backend_services","Wed Sep 30 21:09:28 UTC 2026","passed","Wed Sep 30 21:09:30 UTC 2026","","","",""
"","0","relays a retraction of a message that has aged out of history","mod_muc_message_moderation","Wed Sep 30 21:07:13 UTC 2026","passed","Wed Sep 30 21:07:13 UTC 2026","","retraction","",""
"","67","rejects connection with wrong private key","mod_auth_token (ASAP / RS256)","Wed Sep 30 21:08:03 UTC 2026","passed","Wed Sep 30 21:08:03 UTC 2026","","","",""
"","488","rejects a sender that is not an occupant of the room","mod_audio_translation_component","Wed Sep 30 21:07:36 UTC 2026","passed","Wed Sep 30 21:07:37 UTC 2026","","room and occupant resolution","",""
"","0","customer_id uses extracted subdomain customer_id when present","mod_short_lived_token","Wed Sep 30 21:07:13 UTC 2026","passed","Wed Sep 30 21:07:13 UTC 2026","","generateToken payload","",""
"","614","allows a language switch at the limit (count unchanged)","mod_audio_translation_component","Wed Sep 30 21:07:48 UTC 2026","passed","Wed Sep 30 21:07:48 UTC 2026","","per-receiver limit (3)","",""
"","58","non-admin cannot create rooms on the breakout component (restrict_room_creation)","mod_muc_breakout_rooms","Wed Sep 30 21:09:20 UTC 2026","passed","Wed Sep 30 21:09:21 UTC 2026","","access control","",""
"","0","returns truthy for transcriber@ JID","util.lib","Wed Sep 30 21:07:13 UTC 2026","passed","Wed Sep 30 21:07:13 UTC 2026","","is_transcriber","",""
"","0","returns true for empty suffix","util.lib","Wed Sep 30 21:07:13 UTC 2026","passed","Wed Sep 30 21:07:13 UTC 2026","","ends_with","",""
"","0","returns nil for unrecognised email","util.lib","Wed Sep 30 21:07:13 UTC 2026","passed","Wed Sep 30 21:07:13 UTC 2026","","get_sip_jibri_email_prefix","",""
"","0","passes non-message/iq/presence stanzas through unchanged","mod_muc_domain_mapper","Wed Sep 30 21:07:13 UTC 2026","passed","Wed Sep 30 21:07:13 UTC 2026","skipped stanzas","filter_stanza","",""
"","340","body-less groupchat (no json) counts toward the cap and is blocked","mod_muc_limit_messages","Wed Sep 30 21:09:52 UTC 2026","passed","Wed Sep 30 21:09:52 UTC 2026","","","",""
"","0","sub defaults to module.host when jitsi_web_query_prefix is empty string","mod_short_lived_token","Wed Sep 30 21:07:13 UTC 2026","passed","Wed Sep 30 21:07:13 UTC 2026","","generateToken payload","",""
"","0","never uses the sender real jid as by","mod_muc_message_moderation","Wed Sep 30 21:07:13 UTC 2026","passed","Wed Sep 30 21:07:13 UTC 2026","","moderation attribution","",""
"","0","converts a JWK with high-bit modulus (requires 0x00 padding) to PEM","jwk.lib","Wed Sep 30 21:07:13 UTC 2026","passed","Wed Sep 30 21:07:13 UTC 2026","","jwk_to_pem","",""
"","134","survives context.user keys that contain XML-special characters","mod_presence_identity","Wed Sep 30 21:10:38 UTC 2026","passed","Wed Sep 30 21:10:38 UTC 2026","","malformed JWT context.user keys","",""
"","9","rejects connection with not-yet-valid token (nbf in the future)","mod_auth_token (ASAP / RS256)","Wed Sep 30 21:08:03 UTC 2026","passed","Wed Sep 30 21:08:03 UTC 2026","","","",""
"","0","preserves the resource in the rewritten JID","util.lib","Wed Sep 30 21:07:13 UTC 2026","passed","Wed Sep 30 21:07:13 UTC 2026","","room_jid_match_rewrite","",""
"","0","encodes two-byte form for 128","jwk.lib","Wed Sep 30 21:07:13 UTC 2026","passed","Wed Sep 30 21:07:13 UTC 2026","encode_length","ASN1","",""
"","0","encode then verify returns original payload","luajwtjitsi","Wed Sep 30 21:07:13 UTC 2026","passed","Wed Sep 30 21:07:13 UTC 2026","HS256","verify","",""
"","331","rejoining client receives fresh metadata","mod_room_metadata_component","Wed Sep 30 21:10:59 UTC 2026","passed","Wed Sep 30 21:10:59 UTC 2026","","initial metadata delivery","",""
"","0","encode with private key, verify with public key","luajwtjitsi","Wed Sep 30 21:07:13 UTC 2026","passed","Wed Sep 30 21:07:13 UTC 2026","RS256","verify","",""
"","21","rejects connection with not-yet-valid token (nbf in the future)","mod_auth_token (HS256 shared secret)","Wed Sep 30 21:08:05 UTC 2026","passed","Wed Sep 30 21:08:05 UTC 2026","","","",""
"","0","announces the moderation for the visitor nodes","mod_muc_message_moderation","Wed Sep 30 21:07:13 UTC 2026","passed","Wed Sep 30 21:07:13 UTC 2026","","moderation by a moderator","",""
"","8","query contains region identity","mod_jiconop","Wed Sep 30 21:09:02 UTC 2026","passed","Wed Sep 30 21:09:02 UTC 2026","","","",""
"","0","updates isDominantSpeaker state","SpeakerStats","Wed Sep 30 21:07:13 UTC 2026","passed","Wed Sep 30 21:07:13 UTC 2026","","setDominantSpeaker","",""
"","245","broadcasts when value changes","mod_room_metadata_component","Wed Sep 30 21:10:58 UTC 2026","passed","Wed Sep 30 21:10:58 UTC 2026","","value deduplication","",""
"","0","still checks the role for a message that has aged out of history","mod_muc_message_moderation","Wed Sep 30 21:07:13 UTC 2026","passed","Wed Sep 30 21:07:13 UTC 2026","","moderation role checks","",""
"","0","returns nil when n is missing","jwk.lib","Wed Sep 30 21:07:13 UTC 2026","passed","Wed Sep 30 21:07:13 UTC 2026","","jwk_to_pem","",""
"","0","registers the checking handler","mod_muc_message_moderation","Wed Sep 30 21:07:13 UTC 2026","passed","Wed Sep 30 21:07:13 UTC 2026","","registration on the main prosody","",""
"","0","does not write a file when io.open fails","mod_debug_traceback","Wed Sep 30 21:07:13 UTC 2026","passed","Wed Sep 30 21:07:13 UTC 2026","","dump_traceback()","",""
"","0","sends no error","mod_muc_message_moderation","Wed Sep 30 21:07:13 UTC 2026","passed","Wed Sep 30 21:07:13 UTC 2026","","moderation by a moderator","",""
"","7","assigns a new username when previd does not match any session","mod_auth_jitsi-anonymous","Wed Sep 30 21:08:03 UTC 2026","passed","Wed Sep 30 21:08:03 UTC 2026","","","",""
"","0","logs error and skips hook when accepted_audiences is absent","mod_short_lived_token","Wed Sep 30 21:07:13 UTC 2026","passed","Wed Sep 30 21:07:13 UTC 2026","","config validation","",""
"","0","does not deep-copy nested tables","util.lib","Wed Sep 30 21:07:13 UTC 2026","passed","Wed Sep 30 21:07:13 UTC 2026","table_shallow_copy","table helpers","",""
"","279","restores the token features when the recipient revokes its own owner affiliation","mod_jitsi_permissions","Wed Sep 30 21:09:04 UTC 2026","passed","Wed Sep 30 21:09:05 UTC 2026","","affiliation grant and revoke","",""
"","1200","identical startmuted values do not trigger a second broadcast","mod_room_metadata_component","Wed Sep 30 21:11:00 UTC 2026","passed","Wed Sep 30 21:11:01 UTC 2026","","startMuted presence shim","",""
"","0","ignores an IQ with no jibri child","mod_jibri_session","Wed Sep 30 21:07:13 UTC 2026","passed","Wed Sep 30 21:07:13 UTC 2026","","non-matching stanzas pass through unchanged","",""
"","0","returns the target id","mod_muc_message_moderation","Wed Sep 30 21:07:13 UTC 2026","passed","Wed Sep 30 21:07:13 UTC 2026","","parse_retraction","",""
"","441","passes stop IQ when features.recording = true","mod_filter_iq_jibri (feature-based authorization)","Wed Sep 30 21:08:37 UTC 2026","passed","Wed Sep 30 21:08:38 UTC 2026","","recording (recording_mode=file)","",""
"","124","regular user can join after focus has joined","mod_muc_meeting_id","Wed Sep 30 21:09:59 UTC 2026","passed","Wed Sep 30 21:09:59 UTC 2026","","jicofo lock","",""
"","59","non-focus participant is blocked from a health check room","mod_muc_meeting_id","Wed Sep 30 21:10:03 UTC 2026","passed","Wed Sep 30 21:10:03 UTC 2026","","health check rooms","",""
"","0","returns false when no prefix in table matches","util.lib","Wed Sep 30 21:07:13 UTC 2026","passed","Wed Sep 30 21:07:13 UTC 2026","","starts_with_one_of","",""
"","1116","directs the push only to the translated sender","mod_audio_translation_component","Wed Sep 30 21:07:58 UTC 2026","passed","Wed Sep 30 21:07:59 UTC 2026","","directed listeners push (translation-listeners)","",""
"","170","a group chat message to the room is delivered","mod_filter_direct_messages","Wed Sep 30 21:08:35 UTC 2026","passed","Wed Sep 30 21:08:35 UTC 2026","","","",""
"","142","focus can still create the room after a rejected creation attempt","mod_muc_meeting_id","Wed Sep 30 21:10:00 UTC 2026","passed","Wed Sep 30 21:10:00 UTC 2026","","jicofo lock","",""
"","203","flip device bypasses lobby when first device is in main room","mod_muc_flip","Wed Sep 30 21:09:47 UTC 2026","passed","Wed Sep 30 21:09:48 UTC 2026","","lobby interactions","",""
"","0","context.group falls back to granted_jitsi_meet_context_group_id","mod_short_lived_token","Wed Sep 30 21:07:13 UTC 2026","passed","Wed Sep 30 21:07:13 UTC 2026","","generateToken payload","",""
"","445","blocks IQ when context.features present but outbound-call key absent","mod_filter_iq_rayo (feature-based authorization)","Wed Sep 30 21:08:48 UTC 2026","passed","Wed Sep 30 21:08:49 UTC 2026","","outbound-call (dial to non-transcribe address)","",""
"","705","does not resend when the listener set is unchanged","mod_audio_translation_component","Wed Sep 30 21:08:01 UTC 2026","passed","Wed Sep 30 21:08:02 UTC 2026","","directed listeners push (translation-listeners)","",""
"","0","malformed token (two segments) returns error","luajwtjitsi","Wed Sep 30 21:07:13 UTC 2026","passed","Wed Sep 30 21:07:13 UTC 2026","argument validation","verify","",""
"","0","ignores a plain body message","mod_muc_message_moderation","Wed Sep 30 21:07:13 UTC 2026","passed","Wed Sep 30 21:07:13 UTC 2026","","parse_moderation_request","",""
"","137","sets no features on session for non-moderator without token features","mod_jitsi_permissions","Wed Sep 30 21:09:07 UTC 2026","passed","Wed Sep 30 21:09:07 UTC 2026","","session features (via HTTP)","",""
"","177","strips flip_device tag from guest (no JWT context)","mod_muc_flip","Wed Sep 30 21:09:46 UTC 2026","passed","Wed Sep 30 21:09:46 UTC 2026","","flip_device tag stripping","",""
"","0","produces a single element when delimiter is absent","util.lib","Wed Sep 30 21:07:13 UTC 2026","passed","Wed Sep 30 21:07:13 UTC 2026","","split_string","",""
"","191","sanitizes the stored value to only the enabled flag","mod_audio_translation_component","Wed Sep 30 21:07:55 UTC 2026","passed","Wed Sep 30 21:07:55 UTC 2026","","enable-flag write gating (live-translation)","",""
"","0","breaks base64 into 64-character lines","jwk.lib","Wed Sep 30 21:07:13 UTC 2026","passed","Wed Sep 30 21:07:13 UTC 2026","der_to_pem","ASN1","",""
"","741","drops a second transcription dial to the same room within 10 s","mod_filter_iq_rayo (feature-based authorization)","Wed Sep 30 21:08:52 UTC 2026","passed","Wed Sep 30 21:08:53 UTC 2026","","transcription per-room throttle","",""
"","0","exp is approximately now + ttl_seconds","mod_short_lived_token","Wed Sep 30 21:07:13 UTC 2026","passed","Wed Sep 30 21:07:13 UTC 2026","","generateToken payload","",""
"","243","private message is delivered when privateChatRestricted is not set","mod_filter_messages private messages","Wed Sep 30 21:08:59 UTC 2026","passed","Wed Sep 30 21:08:59 UTC 2026","","","",""
"","5","returns 400 when body is empty","mod_muc_kick_participant","Wed Sep 30 21:09:50 UTC 2026","passed","Wed Sep 30 21:09:50 UTC 2026","","parameter validation","",""
"","140","blocks with 406 not-acceptable when display name is missing","mod_muc_lobby_rooms","Wed Sep 30 21:09:55 UTC 2026","passed","Wed Sep 30 21:09:55 UTC 2026","","non-member join gate","",""
"","157","returns 401 when token is expired","mod_muc_end_meeting","Wed Sep 30 21:09:43 UTC 2026","passed","Wed Sep 30 21:09:43 UTC 2026","","authentication","",""
"","0","rejects a request with no occupant on the event","mod_muc_message_moderation","Wed Sep 30 21:07:13 UTC 2026","passed","Wed Sep 30 21:07:13 UTC 2026","","moderation role checks","",""
"","0","is not dominant speaker","SpeakerStats","Wed Sep 30 21:07:13 UTC 2026","passed","Wed Sep 30 21:07:13 UTC 2026","","initial state","",""
"","0","returns false for nil","util.lib","Wed Sep 30 21:07:13 UTC 2026","passed","Wed Sep 30 21:07:13 UTC 2026","","is_focus_jid","",""
"","0","returns false when string does not start with prefix","util.lib","Wed Sep 30 21:07:13 UTC 2026","passed","Wed Sep 30 21:07:13 UTC 2026","","starts_with","",""
"","1083","non-occupant (connected but not joined) cannot update metadata","mod_room_metadata_component","Wed Sep 30 21:10:42 UTC 2026","passed","Wed Sep 30 21:10:43 UTC 2026","","authorization","",""
"","0","non-string token returns error","luajwtjitsi","Wed Sep 30 21:07:13 UTC 2026","passed","Wed Sep 30 21:07:13 UTC 2026","argument validation","verify","",""
"","0","affiliation='teacher' sets owner","mod_token_affiliation","Wed Sep 30 21:07:13 UTC 2026","passed","Wed Sep 30 21:07:13 UTC 2026","","affiliation assignment","",""
"","125","includes the lobby room JID in the 407 error","mod_muc_lobby_rooms","Wed Sep 30 21:09:54 UTC 2026","passed","Wed Sep 30 21:09:55 UTC 2026","","non-member join gate","",""
"","192","extra fields in recording payload are stripped when set via transcription feature","mod_room_metadata_component","Wed Sep 30 21:11:07 UTC 2026","passed","Wed Sep 30 21:11:08 UTC 2026","","allow-moderation hook (mod_filter_iq_rayo interop)","",""
"","0","create and export span","otel","Wed Sep 30 21:07:13 UTC 2026","passed","Wed Sep 30 21:07:13 UTC 2026","","span","",""
"","0","returns false when values differ","util.lib","Wed Sep 30 21:07:13 UTC 2026","passed","Wed Sep 30 21:07:13 UTC 2026","table_equals","table helpers","",""
"","8","sets session.jitsi_web_query_prefix from ?prefix query param","mod_jitsi_session","Wed Sep 30 21:09:07 UTC 2026","passed","Wed Sep 30 21:09:07 UTC 2026","","","",""
"","0","meeting_id taken from room._data.meetingId","mod_short_lived_token","Wed Sep 30 21:07:13 UTC 2026","passed","Wed Sep 30 21:07:13 UTC 2026","","generateToken payload","",""
"","0","resolves a roomless IQ stored by room_jid_match_rewrite","util.lib","Wed Sep 30 21:07:13 UTC 2026","passed","Wed Sep 30 21:07:13 UTC 2026","","internal_room_jid_match_rewrite","",""
"","0","regular nick returns false","util.lib","Wed Sep 30 21:07:13 UTC 2026","passed","Wed Sep 30 21:07:13 UTC 2026","","is_focus","",""
"","847","roomCounter increments with each created breakout room","mod_muc_breakout_rooms","Wed Sep 30 21:09:16 UTC 2026","passed","Wed Sep 30 21:09:17 UTC 2026","","create breakout room","",""
"","0","returns false for nil","util.lib","Wed Sep 30 21:07:13 UTC 2026","passed","Wed Sep 30 21:07:13 UTC 2026","","is_healthcheck_room","",""
"","505","authenticated sender lifts the cap permanently","mod_muc_limit_messages","Wed Sep 30 21:09:52 UTC 2026","passed","Wed Sep 30 21:09:53 UTC 2026","","","",""
"","86","returns 401 when a login token is used instead of a system token","mod_system_chat_message","Wed Sep 30 21:11:19 UTC 2026","passed","Wed Sep 30 21:11:19 UTC 2026","","authentication","",""
"","24","sets session.jitsi_web_query_prefix to empty string when query string present but ?prefix absent","mod_jitsi_session","Wed Sep 30 21:09:07 UTC 2026","passed","Wed Sep 30 21:09:07 UTC 2026","","","",""
"","134","rejects MUC join with a regex room claim when patterns are disabled","mod_auth_token (ASAP / RS256)","Wed Sep 30 21:08:04 UTC 2026","passed","Wed Sep 30 21:08:04 UTC 2026","","","",""
"","1133","moderator cannot set blocked key ""asyncTranscription""","mod_room_metadata_component","Wed Sep 30 21:10:44 UTC 2026","passed","Wed Sep 30 21:10:45 UTC 2026","","blocked keys","",""
"","138","guest is blocked with registration-required","mod_muc_wait_for_host","Wed Sep 30 21:10:26 UTC 2026","passed","Wed Sep 30 21:10:26 UTC 2026","","no host present","",""
"","0","recognises the bare prefix itself","util.lib","Wed Sep 30 21:07:13 UTC 2026","passed","Wed Sep 30 21:07:13 UTC 2026","","is_healthcheck_room","",""
"","0","returns true when feature value is boolean true","util.lib","Wed Sep 30 21:07:13 UTC 2026","passed","Wed Sep 30 21:07:13 UTC 2026","","is_feature_allowed","",""
"","356","allows a receiver with no token features","mod_audio_translation_component","Wed Sep 30 21:07:39 UTC 2026","passed","Wed Sep 30 21:07:40 UTC 2026","","subscribe authorization (live-translation-subscribe)","",""
"","0","reports added keys","util.lib","Wed Sep 30 21:07:13 UTC 2026","passed","Wed Sep 30 21:07:13 UTC 2026","table_compare","table helpers","",""
"","0","rejects a retraction with no occupant on the event","mod_muc_message_moderation","Wed Sep 30 21:07:13 UTC 2026","passed","Wed Sep 30 21:07:13 UTC 2026","","retraction","",""
"","353","tells a sender which receiver is translating it","mod_audio_translation_component","Wed Sep 30 21:07:58 UTC 2026","passed","Wed Sep 30 21:07:58 UTC 2026","","directed listeners push (translation-listeners)","",""
"","0","unsupported algorithm returns error","luajwtjitsi","Wed Sep 30 21:07:13 UTC 2026","passed","Wed Sep 30 21:07:13 UTC 2026","argument validation","verify","",""
"","267","a revoke item after a benign first item is also rejected","mod_muc_allowners","Wed Sep 30 21:09:07 UTC 2026","passed","Wed Sep 30 21:09:07 UTC 2026","","non-moderated room","",""
"","0","finds an entry by message id","mod_muc_message_moderation","Wed Sep 30 21:07:13 UTC 2026","passed","Wed Sep 30 21:07:13 UTC 2026","","find_history_entry","",""
"","2200","destroys room when last regular user leaves and only transcriber remains","mod_muc_cleanup_backend_services","Wed Sep 30 21:09:25 UTC 2026","passed","Wed Sep 30 21:09:28 UTC 2026","","","",""
"","69","returns 401 when Authorization header is absent","mod_muc_jigasi_invite","Wed Sep 30 21:09:49 UTC 2026","passed","Wed Sep 30 21:09:49 UTC 2026","","authentication","",""
"","0","returns true for empty prefix","util.lib","Wed Sep 30 21:07:13 UTC 2026","passed","Wed Sep 30 21:07:13 UTC 2026","","starts_with","",""
"","0","sends not-allowed when session is not an occupant","mod_short_lived_token","Wed Sep 30 21:07:13 UTC 2026","passed","Wed Sep 30 21:07:13 UTC 2026","","external_service/credentials handler","",""
"","0","sub is jitsi_web_query_prefix when non-empty","mod_short_lived_token","Wed Sep 30 21:07:13 UTC 2026","passed","Wed Sep 30 21:07:13 UTC 2026","","generateToken payload","",""
"","1","returns 404 when room does not exist","mod_muc_size","Wed Sep 30 21:10:25 UTC 2026","passed","Wed Sep 30 21:10:25 UTC 2026","","GET /room","",""
"","181","two clients in the same subdomain room receive each other's presence","mod_muc_domain_mapper","Wed Sep 30 21:09:41 UTC 2026","passed","Wed Sep 30 21:09:41 UTC 2026","","occupant presence exchange","",""
"","0","returns false for nil","util.lib","Wed Sep 30 21:07:13 UTC 2026","passed","Wed Sep 30 21:07:13 UTC 2026","","is_transcriber","",""
"","425","blocks IQ when token has no context.features (non-owner fallback)","mod_filter_iq_rayo (feature-based authorization)","Wed Sep 30 21:08:51 UTC 2026","passed","Wed Sep 30 21:08:51 UTC 2026","","transcription (dial to jitsi_meet_transcribe)","",""
"","122","allows anonymous join when allow_empty_token = true","mod_token_verification","Wed Sep 30 21:11:36 UTC 2026","passed","Wed Sep 30 21:11:37 UTC 2026","","join access control","",""
"","7","message is addressed to the client full JID","mod_jiconop","Wed Sep 30 21:09:02 UTC 2026","passed","Wed Sep 30 21:09:02 UTC 2026","","","",""
"","0","backend_region taken from region_name config","mod_short_lived_token","Wed Sep 30 21:07:13 UTC 2026","passed","Wed Sep 30 21:07:13 UTC 2026","","generateToken payload","",""
"","0","stamps the retraction in the tombstone","mod_muc_message_moderation","Wed Sep 30 21:07:13 UTC 2026","passed","Wed Sep 30 21:07:13 UTC 2026","","moderation by a moderator","",""
"","827","session survives a transcription-result with a missing participant field","mod_muc_meeting_id","Wed Sep 30 21:10:02 UTC 2026","passed","Wed Sep 30 21:10:03 UTC 2026","","transcription filter robustness","",""
"","0","routes the moderation to the occupants of this node","mod_muc_message_moderation","Wed Sep 30 21:07:13 UTC 2026","passed","Wed Sep 30 21:07:13 UTC 2026","","visitor node history","",""
"","25","assigns a different JID to each client","mod_auth_jitsi-anonymous","Wed Sep 30 21:08:03 UTC 2026","passed","Wed Sep 30 21:08:03 UTC 2026","","","",""
"","139","allows join with token whose room claim matches the room","mod_token_verification","Wed Sep 30 21:11:37 UTC 2026","passed","Wed Sep 30 21:11:37 UTC 2026","","join access control","",""
"","0","increments count between calls producing distinct filenames","mod_debug_traceback","Wed Sep 30 21:07:13 UTC 2026","passed","Wed Sep 30 21:07:13 UTC 2026","","dump_traceback()","",""
"","0","accumulates time when dominant speaker stops","SpeakerStats","Wed Sep 30 21:07:13 UTC 2026","passed","Wed Sep 30 21:07:13 UTC 2026","","setDominantSpeaker","",""
"","0","does not count time when starting dominant+silent","SpeakerStats","Wed Sep 30 21:07:13 UTC 2026","passed","Wed Sep 30 21:07:13 UTC 2026","","setDominantSpeaker","",""
"","477","blocks a client from setting audioTranslationRequests via metadata","mod_audio_translation_component","Wed Sep 30 21:07:54 UTC 2026","passed","Wed Sep 30 21:07:54 UTC 2026","","aggregation across receivers","",""
"","9","allows connection without token when allow_empty_token is true","mod_auth_token (ASAP / RS256)","Wed Sep 30 21:08:03 UTC 2026","passed","Wed Sep 30 21:08:03 UTC 2026","","","",""
"","694","keeps a language referenced by another receiver after a switch","mod_audio_translation_component","Wed Sep 30 21:07:51 UTC 2026","passed","Wed Sep 30 21:07:52 UTC 2026","","aggregation across receivers","",""
"","0","accepted audience passes","luajwtjitsi","Wed Sep 30 21:07:13 UTC 2026","passed","Wed Sep 30 21:07:13 UTC 2026","audience","verify","",""
"","0","returns false for a nick that contains focus but is not exactly focus","util.lib","Wed Sep 30 21:07:13 UTC 2026","passed","Wed Sep 30 21:07:13 UTC 2026","","is_focus_nick","",""
"","563","removes an entry with an empty-string language","mod_audio_translation_component","Wed Sep 30 21:07:44 UTC 2026","passed","Wed Sep 30 21:07:44 UTC 2026","","delta semantics","",""
"","0","does not modify app_data when room is not found","mod_jibri_session","Wed Sep 30 21:07:13 UTC 2026","passed","Wed Sep 30 21:07:13 UTC 2026","","jicofo-to-jibri pass (room attr present on jibri element)","",""
"","1191","new-poll with a non-string answer name is ignored","mod_polls_component","Wed Sep 30 21:10:29 UTC 2026","passed","Wed Sep 30 21:10:30 UTC 2026","","validation","",""
"","0","returns a distinct table (not the same reference)","util.lib","Wed Sep 30 21:07:13 UTC 2026","passed","Wed Sep 30 21:07:13 UTC 2026","table_shallow_copy","table helpers","",""
"","382","room broadcast is sent when cap is first hit","mod_muc_limit_messages","Wed Sep 30 21:09:51 UTC 2026","passed","Wed Sep 30 21:09:51 UTC 2026","","","",""
"","136","rejects resource not matching UUID prefix","mod_muc_resource_validate","Wed Sep 30 21:10:24 UTC 2026","passed","Wed Sep 30 21:10:24 UTC 2026","","","",""
"","0","rewrites 'to' and 'from'","mod_muc_domain_mapper","Wed Sep 30 21:07:13 UTC 2026","passed","Wed Sep 30 21:07:13 UTC 2026","presence stanzas","filter_stanza","",""
"","139","rejects MUC join with invalid Lua regex room claim","mod_auth_token (ASAP / RS256)","Wed Sep 30 21:08:03 UTC 2026","passed","Wed Sep 30 21:08:03 UTC 2026","","","",""
"","0","prepends 0x00 when high bit is set to indicate positive number","jwk.lib","Wed Sep 30 21:07:13 UTC 2026","passed","Wed Sep 30 21:07:13 UTC 2026","encode_integer","ASN1","",""
"","2257","cancels the destroy timer when a regular user joins after timer starts","mod_muc_cleanup_backend_services","Wed Sep 30 21:09:30 UTC 2026","passed","Wed Sep 30 21:09:32 UTC 2026","","","",""
"","3","returns 400 when both participantId and number are provided","mod_muc_kick_participant","Wed Sep 30 21:09:50 UTC 2026","passed","Wed Sep 30 21:09:50 UTC 2026","","parameter validation","",""
"","253","blocks join when room is at the limit","mod_muc_max_occupants","Wed Sep 30 21:09:58 UTC 2026","passed","Wed Sep 30 21:09:58 UTC 2026","","","",""
"","441","plain message without <end_conference/> element is ignored","mod_end_conference","Wed Sep 30 21:08:19 UTC 2026","passed","Wed Sep 30 21:08:20 UTC 2026","","","",""
"","292","broadcasts an answer to all occupants","mod_polls_component","Wed Sep 30 21:10:27 UTC 2026","passed","Wed Sep 30 21:10:28 UTC 2026","","poll answering","",""
"","139","sets default permissions on session for moderator without token features","mod_jitsi_permissions","Wed Sep 30 21:09:06 UTC 2026","passed","Wed Sep 30 21:09:07 UTC 2026","","session features (via HTTP)","",""
"","122","does not inject permissions when token already contains features","mod_jitsi_permissions","Wed Sep 30 21:09:02 UTC 2026","passed","Wed Sep 30 21:09:03 UTC 2026","","moderator token with features","",""
"","0","encodes single-byte length for 0","jwk.lib","Wed Sep 30 21:07:13 UTC 2026","passed","Wed Sep 30 21:07:13 UTC 2026","encode_length","ASN1","",""
"","0","logs error and skips hook when key_id is absent","mod_short_lived_token","Wed Sep 30 21:07:13 UTC 2026","passed","Wed Sep 30 21:07:13 UTC 2026","","config validation","",""
"","142","does not block authenticated user from sending owner config IQ","mod_token_verification","Wed Sep 30 21:11:37 UTC 2026","passed","Wed Sep 30 21:11:38 UTC 2026","","token_verification_require_token_for_moderation","",""
"","0","hooks muc-config-form","mod_muc_message_moderation","Wed Sep 30 21:07:13 UTC 2026","passed","Wed Sep 30 21:07:13 UTC 2026","","registration","",""
"","0","leaves t1 unchanged when t2 is empty","util.lib","Wed Sep 30 21:07:13 UTC 2026","passed","Wed Sep 30 21:07:13 UTC 2026","table_add","table helpers","",""
"","0","converts a minimal RSA JWK (no 0x00 padding) to PEM","jwk.lib","Wed Sep 30 21:07:13 UTC 2026","passed","Wed Sep 30 21:07:13 UTC 2026","","jwk_to_pem","",""
"","136","occupant disco#info succeeds","mod_muc_hide_all","Wed Sep 30 21:09:49 UTC 2026","passed","Wed Sep 30 21:09:49 UTC 2026","","when module is enabled","",""
"","260","whitelisted user can join a room that is at the limit","mod_muc_max_occupants","Wed Sep 30 21:09:58 UTC 2026","passed","Wed Sep 30 21:09:58 UTC 2026","","whitelist","",""
"","0","ignores moderated without a retract child","mod_muc_message_moderation","Wed Sep 30 21:07:13 UTC 2026","passed","Wed Sep 30 21:07:13 UTC 2026","","parse_moderation_request","",""
"","23","sets session.previd from ?previd query param","mod_jitsi_session","Wed Sep 30 21:09:07 UTC 2026","passed","Wed Sep 30 21:09:07 UTC 2026","","","",""
"","65","PUT returns 403 when Authorization header is absent","mod_muc_password_check","Wed Sep 30 21:10:03 UTC 2026","passed","Wed Sep 30 21:10:03 UTC 2026","","authentication","",""
"","75","returns item-not-found error reply for Jibri IQ targeting a non-existent room","mod_filter_iq_jibri (feature-based authorization)","Wed Sep 30 21:08:44 UTC 2026","passed","Wed Sep 30 21:08:44 UTC 2026","","robustness","",""
"","0","passes the room JID through room_jid_match_rewrite before lookup","mod_jibri_session","Wed Sep 30 21:07:13 UTC 2026","passed","Wed Sep 30 21:07:13 UTC 2026","","jicofo-to-jibri pass (room attr present on jibri element)","",""
"","25","GET returns 404 when room does not exist","mod_muc_password_check","Wed Sep 30 21:10:03 UTC 2026","passed","Wed Sep 30 21:10:03 UTC 2026","","room lookup","",""
"","150","sends a Rayo dial IQ to the Jigasi and returns 200","mod_muc_jigasi_invite","Wed Sep 30 21:09:49 UTC 2026","passed","Wed Sep 30 21:09:50 UTC 2026","","jigasi invite","",""
"","0","rewrites 'to' via room_jid_match_rewrite","mod_muc_domain_mapper","Wed Sep 30 21:07:13 UTC 2026","passed","Wed Sep 30 21:07:13 UTC 2026","message stanzas","filter_stanza","",""
"","1013","blocks a non-whitelisted client even when it creates the room","mod_muc_filter_access","Wed Sep 30 21:09:45 UTC 2026","passed","Wed Sep 30 21:09:46 UTC 2026","","","",""
"","0","splits a simple comma-delimited string","util.lib","Wed Sep 30 21:07:13 UTC 2026","passed","Wed Sep 30 21:07:13 UTC 2026","","split_string","",""
"","241","overwrites author fields to prevent spoofing","mod_filesharing_component","Wed Sep 30 21:08:23 UTC 2026","passed","Wed Sep 30 21:08:23 UTC 2026","","add file","",""
"","1153","non-moderator with transcription feature cannot set unrelated metadata keys","mod_room_metadata_component","Wed Sep 30 21:11:06 UTC 2026","passed","Wed Sep 30 21:11:07 UTC 2026","","allow-moderation hook (mod_filter_iq_rayo interop)","",""
"","746","rejects the whole stanza when one of several entries is invalid","mod_audio_translation_component","Wed Sep 30 21:07:43 UTC 2026","passed","Wed Sep 30 21:07:43 UTC 2026","","validation (whole-stanza atomicity)","",""
"","58","a message to a MUC on another server is not rejected by this module","mod_filter_direct_messages","Wed Sep 30 21:08:35 UTC 2026","passed","Wed Sep 30 21:08:35 UTC 2026","","","",""
"","880","does not apply the throttle across different rooms","mod_filter_iq_rayo (feature-based authorization)","Wed Sep 30 21:08:54 UTC 2026","passed","Wed Sep 30 21:08:55 UTC 2026","","transcription per-room throttle","",""
"","0","extracts subdomain and room name from [sub]room format","util.lib","Wed Sep 30 21:07:13 UTC 2026","passed","Wed Sep 30 21:07:13 UTC 2026","","extract_subdomain","",""
"","136","accepts MUC join when the regex room claim is at the quantifier limit","mod_auth_token (ASAP / RS256)","Wed Sep 30 21:08:04 UTC 2026","passed","Wed Sep 30 21:08:04 UTC 2026","","","",""
"","0","rewrites both 'to' and 'from' when both are set","mod_muc_domain_mapper","Wed Sep 30 21:07:13 UTC 2026","passed","Wed Sep 30 21:07:13 UTC 2026","message stanzas","filter_stanza","",""
"","5","returns 400 when room is missing","mod_system_chat_message","Wed Sep 30 21:11:20 UTC 2026","passed","Wed Sep 30 21:11:20 UTC 2026","","parameter validation","",""
"","226","restores the token features when owner changes to outcast","mod_jitsi_permissions","Wed Sep 30 21:09:05 UTC 2026","passed","Wed Sep 30 21:09:05 UTC 2026","","affiliation grant and revoke","",""
"","0","ignores a jibri IQ with no action attribute","mod_jibri_session","Wed Sep 30 21:07:13 UTC 2026","passed","Wed Sep 30 21:07:13 UTC 2026","","non-matching stanzas pass through unchanged","",""
"","236","never delivers a groupchat json-message under a forged room from","mod_time_restricted","Wed Sep 30 21:11:34 UTC 2026","passed","Wed Sep 30 21:11:35 UTC 2026","","spoofing by an occupant","",""
"","441","blocks start IQ when context.features present but livestreaming key absent","mod_filter_iq_jibri (feature-based authorization)","Wed Sep 30 21:08:40 UTC 2026","passed","Wed Sep 30 21:08:41 UTC 2026","","livestreaming (recording_mode=stream)","",""
"","0","loads cleanly with all required options present","mod_short_lived_token","Wed Sep 30 21:07:13 UTC 2026","passed","Wed Sep 30 21:07:13 UTC 2026","","config validation","",""
"","1129","moderator cannot set blocked key ""transcriberType""","mod_room_metadata_component","Wed Sep 30 21:10:53 UTC 2026","passed","Wed Sep 30 21:10:54 UTC 2026","","blocked keys","",""
"","0","recognises a jicofo health-check room","util.lib","Wed Sep 30 21:07:13 UTC 2026","passed","Wed Sep 30 21:07:13 UTC 2026","","is_healthcheck_room","",""
"","0","sub defaults to module.host when jitsi_web_query_prefix is nil","mod_short_lived_token","Wed Sep 30 21:07:13 UTC 2026","passed","Wed Sep 30 21:07:13 UTC 2026","","generateToken payload","",""
"","0","transport is https","mod_short_lived_token","Wed Sep 30 21:07:13 UTC 2026","passed","Wed Sep 30 21:07:13 UTC 2026","valid request service entry","external_service/credentials handler","",""
"","0","returns false for occupant object with non-recorder JID","util.lib","Wed Sep 30 21:07:13 UTC 2026","passed","Wed Sep 30 21:07:13 UTC 2026","","is_jibri","",""
"","439","blocks STOP (recording_mode=file) when features.recording = false","mod_filter_iq_jibri (feature-based authorization)","Wed Sep 30 21:08:45 UTC 2026","passed","Wed Sep 30 21:08:45 UTC 2026","","attribute case normalisation","",""
"","339","unauthenticated sender is still capped when check_token is enabled","mod_muc_limit_messages","Wed Sep 30 21:09:53 UTC 2026","passed","Wed Sep 30 21:09:53 UTC 2026","","","",""
"","588","does not remove focus before authorizing the affiliation change","mod_muc_lobby_rooms","Wed Sep 30 21:09:57 UTC 2026","passed","Wed Sep 30 21:09:57 UTC 2026","","admin-set nick reservation","",""
"","434","passes start IQ when features.recording = true","mod_filter_iq_jibri (feature-based authorization)","Wed Sep 30 21:08:35 UTC 2026","passed","Wed Sep 30 21:08:36 UTC 2026","","recording (recording_mode=file)","",""
"","0","returns is_moderator when features table is absent","util.lib","Wed Sep 30 21:07:13 UTC 2026","passed","Wed Sep 30 21:07:13 UTC 2026","","is_feature_allowed","",""
"","0","returns false when only one argument is nil","util.lib","Wed Sep 30 21:07:13 UTC 2026","passed","Wed Sep 30 21:07:13 UTC 2026","table_equals","table helpers","",""
"","1195","a message to the full JID of another client is rejected","mod_filter_direct_messages","Wed Sep 30 21:08:32 UTC 2026","passed","Wed Sep 30 21:08:34 UTC 2026","","","",""
"","0","returns cached is_vpaas value when present","util.lib","Wed Sep 30 21:07:13 UTC 2026","passed","Wed Sep 30 21:07:13 UTC 2026","","is_vpaas","",""
"","139","rejects MUC join when the regex room claim has too many quantifiers","mod_auth_token (ASAP / RS256)","Wed Sep 30 21:08:04 UTC 2026","passed","Wed Sep 30 21:08:04 UTC 2026","","","",""
"","0","uses the configured muc_domain_prefix (conference)","util.lib","Wed Sep 30 21:07:13 UTC 2026","passed","Wed Sep 30 21:07:13 UTC 2026","","build_room_address","",""
"","1196","does not broadcast when value is unchanged","mod_room_metadata_component","Wed Sep 30 21:10:57 UTC 2026","passed","Wed Sep 30 21:10:58 UTC 2026","","value deduplication","",""
"","121","does not inject permissions for anonymous participant","mod_jitsi_permissions","Wed Sep 30 21:09:03 UTC 2026","passed","Wed Sep 30 21:09:03 UTC 2026","","anonymous user (no token)","",""
"","0","empty string returns false","util.lib","Wed Sep 30 21:07:13 UTC 2026","passed","Wed Sep 30 21:07:13 UTC 2026","","is_focus","",""
"","0","accepted issuer passes","luajwtjitsi","Wed Sep 30 21:07:13 UTC 2026","passed","Wed Sep 30 21:07:13 UTC 2026","issuer","verify","",""
"","0","removes the signature from a JWT","util.lib","Wed Sep 30 21:07:13 UTC 2026","passed","Wed Sep 30 21:07:13 UTC 2026","","strip_jwt_signature","",""
"","0","does not double-count when stopped twice in a row","SpeakerStats","Wed Sep 30 21:07:13 UTC 2026","passed","Wed Sep 30 21:07:13 UTC 2026","","setDominantSpeaker","",""
"","192","moderator can update metadata","mod_room_metadata_component","Wed Sep 30 21:10:40 UTC 2026","passed","Wed Sep 30 21:10:41 UTC 2026","","authorization","",""
"","314","sender with send-private-message=true is allowed when privateChatRestricted is true","mod_filter_messages private messages","Wed Sep 30 21:09:01 UTC 2026","passed","Wed Sep 30 21:09:01 UTC 2026","","","",""
"","0","keeps only the first two parts of a JWE","util.lib","Wed Sep 30 21:07:13 UTC 2026","passed","Wed Sep 30 21:07:13 UTC 2026","","strip_jwt_signature","",""
"","138","sets token features on session for non-moderator with features","mod_jitsi_permissions","Wed Sep 30 21:09:06 UTC 2026","passed","Wed Sep 30 21:09:06 UTC 2026","","session features (via HTTP)","",""
"","594","rejects a non-alphabetical language","mod_audio_translation_component","Wed Sep 30 21:07:41 UTC 2026","passed","Wed Sep 30 21:07:41 UTC 2026","","validation (whole-stanza atomicity)","",""
"","0","ignores a retract with no id","mod_muc_message_moderation","Wed Sep 30 21:07:13 UTC 2026","passed","Wed Sep 30 21:07:13 UTC 2026","","parse_retraction","",""
"","0","appends all values from t2 onto t1","util.lib","Wed Sep 30 21:07:13 UTC 2026","passed","Wed Sep 30 21:07:13 UTC 2026","table_add","table helpers","",""
"","3181","tells a late joiner how far into the meeting it already is","mod_time_restricted","Wed Sep 30 21:11:20 UTC 2026","passed","Wed Sep 30 21:11:24 UTC 2026","","","",""
"","934","rejects a new subscription that would exceed the limit","mod_audio_translation_component","Wed Sep 30 21:07:47 UTC 2026","passed","Wed Sep 30 21:07:48 UTC 2026","","per-receiver limit (3)","",""
"","60","anonymous guest creates the room and is admitted despite no host present","mod_muc_wait_for_host","Wed Sep 30 21:10:26 UTC 2026","passed","Wed Sep 30 21:10:26 UTC 2026","","room does not exist yet","",""
"","0","returns truthy for transcriberb@ JID","util.lib","Wed Sep 30 21:07:13 UTC 2026","passed","Wed Sep 30 21:07:13 UTC 2026","","is_transcriber","",""
"","135","rejects a resource starting with an underscore","mod_muc_resource_validate","Wed Sep 30 21:10:23 UTC 2026","passed","Wed Sep 30 21:10:24 UTC 2026","","","",""
"","0","returns true when string equals suffix exactly","util.lib","Wed Sep 30 21:07:13 UTC 2026","passed","Wed Sep 30 21:07:13 UTC 2026","","ends_with","",""
"","202","passes nick unchanged when name-readonly is not set","mod_muc_displayname — name-readonly","Wed Sep 30 21:09:39 UTC 2026","passed","Wed Sep 30 21:09:39 UTC 2026","","","",""
"","0","moderator='true' sets owner affiliation","mod_token_affiliation","Wed Sep 30 21:07:13 UTC 2026","passed","Wed Sep 30 21:07:13 UTC 2026","","affiliation assignment","",""
"","3","rejects connection when ?token is present but invalid","mod_jitsi_session","Wed Sep 30 21:09:07 UTC 2026","passed","Wed Sep 30 21:09:07 UTC 2026","","","",""
"","0","redacts a value that is not a JWT","util.lib","Wed Sep 30 21:07:13 UTC 2026","passed","Wed Sep 30 21:07:13 UTC 2026","","strip_jwt_signature","",""
"","2195","does not start timer when focus (admin) leaves","mod_muc_cleanup_backend_services","Wed Sep 30 21:09:34 UTC 2026","passed","Wed Sep 30 21:09:36 UTC 2026","","","",""
"","4062","queued joins arrive in order (each after the previous)","mod_muc_rate_limit","Wed Sep 30 21:10:08 UTC 2026","passed","Wed Sep 30 21:10:12 UTC 2026","","join rate limiting","",""
"","0","encodes three-byte form for 256","jwk.lib","Wed Sep 30 21:07:13 UTC 2026","passed","Wed Sep 30 21:07:13 UTC 2026","encode_length","ASN1","",""
"","0","sets initiator.group from jitsi_meet_context_group","mod_jibri_session","Wed Sep 30 21:07:13 UTC 2026","passed","Wed Sep 30 21:07:13 UTC 2026","","client-to-jicofo pass (no room attr on jibri element)","",""
"","0","multiple audiences produce one service entry each","mod_short_lived_token","Wed Sep 30 21:07:13 UTC 2026","passed","Wed Sep 30 21:07:13 UTC 2026","","external_service/credentials handler","",""
"","7","sends an unsolicited message with a disco#info query on connect","mod_jiconop","Wed Sep 30 21:09:02 UTC 2026","passed","Wed Sep 30 21:09:02 UTC 2026","","","",""
"","1196","add without fileId in JSON body is dropped silently","mod_filesharing_component","Wed Sep 30 21:08:29 UTC 2026","passed","Wed Sep 30 21:08:30 UTC 2026","","invalid payloads","",""
"","0","returns true when string equals prefix exactly","util.lib","Wed Sep 30 21:07:13 UTC 2026","passed","Wed Sep 30 21:07:13 UTC 2026","","starts_with","",""
"","2543","refreshes the claims unverified when no module answers the verification event","mod_auth_token (claims on XEP-0198 resumption)","Wed Sep 30 21:08:14 UTC 2026","passed","Wed Sep 30 21:08:16 UTC 2026","","","",""
"","541","rejects invalid JSON","mod_audio_translation_component","Wed Sep 30 21:07:35 UTC 2026","passed","Wed Sep 30 21:07:35 UTC 2026","","routing and parsing","",""
"","338","first message over cap is rejected with <not-allowed/>","mod_muc_limit_messages","Wed Sep 30 21:09:50 UTC 2026","passed","Wed Sep 30 21:09:51 UTC 2026","","","",""
"","0","port is 443","mod_short_lived_token","Wed Sep 30 21:07:13 UTC 2026","passed","Wed Sep 30 21:07:13 UTC 2026","valid request service entry","external_service/credentials handler","",""
"","0","relays a retraction when the room has no history at all","mod_muc_message_moderation","Wed Sep 30 21:07:13 UTC 2026","passed","Wed Sep 30 21:07:13 UTC 2026","","retraction","",""
"","439","passes start IQ when features.livestreaming = true","mod_filter_iq_jibri (feature-based authorization)","Wed Sep 30 21:08:39 UTC 2026","passed","Wed Sep 30 21:08:40 UTC 2026","","livestreaming (recording_mode=stream)","",""
"","443","messages after cap remain blocked","mod_muc_limit_messages","Wed Sep 30 21:09:51 UTC 2026","passed","Wed Sep 30 21:09:52 UTC 2026","","","",""
"","0","nick ending in /focus returns true","util.lib","Wed Sep 30 21:07:13 UTC 2026","passed","Wed Sep 30 21:07:13 UTC 2026","","is_focus","",""
"","153","new room is set to hidden","mod_muc_hide_all","Wed Sep 30 21:09:48 UTC 2026","passed","Wed Sep 30 21:09:48 UTC 2026","","when module is enabled","",""
"","1136","message without jitsi_web_query_room is silently ignored","mod_filesharing_component","Wed Sep 30 21:08:27 UTC 2026","passed","Wed Sep 30 21:08:28 UTC 2026","","authorization","",""
"","0","relays a correction when the room has no history at all","mod_muc_message_moderation","Wed Sep 30 21:07:13 UTC 2026","passed","Wed Sep 30 21:07:13 UTC 2026","","correction author checks","",""
"","135","does not inject <identity> when token has no context.user","mod_presence_identity","Wed Sep 30 21:10:37 UTC 2026","passed","Wed Sep 30 21:10:38 UTC 2026","","identity injection","",""
"","0","returns nil when the room has no history","mod_muc_message_moderation","Wed Sep 30 21:07:13 UTC 2026","passed","Wed Sep 30 21:07:13 UTC 2026","","find_history_entry","",""
"","132","does not inject permissions for member with features","mod_jitsi_permissions","Wed Sep 30 21:09:03 UTC 2026","passed","Wed Sep 30 21:09:03 UTC 2026","","non-moderator token","",""
"","443","sanitises bare LF in JWT user-id","mod_filter_iq_rayo — CRLF escaping in re-serialized headers","Wed Sep 30 21:10:39 UTC 2026","passed","Wed Sep 30 21:10:39 UTC 2026","","","",""
"","281","moderator recipient receives full presence with identity intact","mod_muc_displayname — hideDisplayNameForGuests","Wed Sep 30 21:09:40 UTC 2026","passed","Wed Sep 30 21:09:40 UTC 2026","","","",""
"","200","enforces token name: observer sees token name even when sender sent a different nick","mod_muc_displayname — name-readonly","Wed Sep 30 21:09:39 UTC 2026","passed","Wed Sep 30 21:09:39 UTC 2026","","","",""
"","1074","blocks a client from a non-whitelisted domain","mod_muc_filter_access","Wed Sep 30 21:09:44 UTC 2026","passed","Wed Sep 30 21:09:45 UTC 2026","","","",""
"","373","leaves a conference-modify IQ without traceparent unmodified and exports nothing","mod_trace","Wed Sep 30 21:11:38 UTC 2026","passed","Wed Sep 30 21:11:38 UTC 2026","","when otlp_endpoint is set","",""
"","0","password is non-empty string","mod_short_lived_token","Wed Sep 30 21:07:13 UTC 2026","passed","Wed Sep 30 21:07:13 UTC 2026","valid request service entry","external_service/credentials handler","",""
"","0","rejects a correction from someone who is not the author","mod_muc_message_moderation","Wed Sep 30 21:07:13 UTC 2026","passed","Wed Sep 30 21:07:13 UTC 2026","","correction author checks","",""
"","0","has zero total speaking time","SpeakerStats","Wed Sep 30 21:07:13 UTC 2026","passed","Wed Sep 30 21:07:13 UTC 2026","","initial state","",""
"","204","non-moderator receives full presence when hideDisplayNameForGuests is false","mod_muc_displayname — hideDisplayNameForGuests","Wed Sep 30 21:09:40 UTC 2026","passed","Wed Sep 30 21:09:40 UTC 2026","","","",""
"","0","password is empty string when jwt.encode fails","mod_short_lived_token","Wed Sep 30 21:07:13 UTC 2026","passed","Wed Sep 30 21:07:13 UTC 2026","","generateToken payload","",""
"","2367","adopts the claims of a rotated token issued for the same room","mod_auth_token (claims on XEP-0198 resumption)","Wed Sep 30 21:08:08 UTC 2026","passed","Wed Sep 30 21:08:10 UTC 2026","","","",""
"","364","per-room limit higher than global allows more occupants","mod_muc_max_occupants","Wed Sep 30 21:09:59 UTC 2026","passed","Wed Sep 30 21:09:59 UTC 2026","","per-room limit","",""
"","171","rejects a nick change to a different resource","mod_muc_resource_validate","Wed Sep 30 21:10:24 UTC 2026","passed","Wed Sep 30 21:10:24 UTC 2026","","","",""
"","435","sanitises CRLF in JWT user-id when building the initiator header","mod_filter_iq_rayo — CRLF escaping in re-serialized headers","Wed Sep 30 21:10:38 UTC 2026","passed","Wed Sep 30 21:10:39 UTC 2026","","","",""
"","197","allows join when room has one occupant (under limit)","mod_muc_max_occupants","Wed Sep 30 21:09:57 UTC 2026","passed","Wed Sep 30 21:09:58 UTC 2026","","","",""
"","66","GET returns 403 when Authorization header is absent","mod_muc_password_check","Wed Sep 30 21:10:03 UTC 2026","passed","Wed Sep 30 21:10:03 UTC 2026","","authentication","",""
"","1358","removed file is not delivered to subsequent joiners","mod_filesharing_component","Wed Sep 30 21:08:23 UTC 2026","passed","Wed Sep 30 21:08:24 UTC 2026","","remove file","",""
"","143","returns 401 when Authorization header is absent","mod_muc_end_meeting","Wed Sep 30 21:09:43 UTC 2026","passed","Wed Sep 30 21:09:43 UTC 2026","","authentication","",""
"","0","username is token","mod_short_lived_token","Wed Sep 30 21:07:13 UTC 2026","passed","Wed Sep 30 21:07:13 UTC 2026","valid request service entry","external_service/credentials handler","",""
"","7","query contains release identity","mod_jiconop","Wed Sep 30 21:09:02 UTC 2026","passed","Wed Sep 30 21:09:02 UTC 2026","","","",""
"","85","lobby room JID is advertised in room disco info after enable","mod_muc_lobby_rooms","Wed Sep 30 21:09:55 UTC 2026","passed","Wed Sep 30 21:09:55 UTC 2026","","lifecycle","",""
"","1179","invalid JSON is ignored cleanly","mod_polls_component","Wed Sep 30 21:10:34 UTC 2026","passed","Wed Sep 30 21:10:35 UTC 2026","","validation","",""
"","0","prepends [subdomain] when subdomain is given","util.lib","Wed Sep 30 21:07:13 UTC 2026","passed","Wed Sep 30 21:07:13 UTC 2026","","build_room_address","",""
"","0","returns false for empty string","util.lib","Wed Sep 30 21:07:13 UTC 2026","passed","Wed Sep 30 21:07:13 UTC 2026","","is_focus_nick","",""
"","0","preserves resource in the rewritten JID","util.lib","Wed Sep 30 21:07:13 UTC 2026","passed","Wed Sep 30 21:07:13 UTC 2026","","internal_room_jid_match_rewrite","",""
"","304","anonymous sender is blocked when groupChatRestricted is true","mod_filter_messages","Wed Sep 30 21:08:57 UTC 2026","passed","Wed Sep 30 21:08:57 UTC 2026","","","",""
"","428","blocks IQ when JvbRoomName header does not match room JID","mod_filter_iq_rayo (feature-based authorization)","Wed Sep 30 21:08:51 UTC 2026","passed","Wed Sep 30 21:08:52 UTC 2026","","JvbRoomName header validation","",""
"","1136","does not send broadcast to admin (focus)","mod_filesharing_component","Wed Sep 30 21:08:21 UTC 2026","passed","Wed Sep 30 21:08:23 UTC 2026","","add file","",""
"","312","moderator with empty features in token is blocked when groupChatRestricted is true","mod_filter_messages","Wed Sep 30 21:08:58 UTC 2026","passed","Wed Sep 30 21:08:58 UTC 2026","","","",""
"","0","returns the target id and the new body","mod_muc_message_moderation","Wed Sep 30 21:07:13 UTC 2026","passed","Wed Sep 30 21:07:13 UTC 2026","","parse_correction","",""
"","69","muc-room-pre-create event is fired when room is created","mod_muc_hide_all","Wed Sep 30 21:09:48 UTC 2026","passed","Wed Sep 30 21:09:48 UTC 2026","","when module is enabled","",""
"","0","logs error and skips hook when ttl_seconds is absent","mod_short_lived_token","Wed Sep 30 21:07:13 UTC 2026","passed","Wed Sep 30 21:07:13 UTC 2026","","config validation","",""
"","134","injects <identity><user> from JWT context.user into MUC presence","mod_presence_identity","Wed Sep 30 21:10:37 UTC 2026","passed","Wed Sep 30 21:10:37 UTC 2026","","identity injection","",""
"","6","GET returns 400 when room query param is missing","mod_muc_password_check","Wed Sep 30 21:10:03 UTC 2026","passed","Wed Sep 30 21:10:03 UTC 2026","","parameter validation","",""
"","4","returns 400 when conference param is missing","mod_muc_end_meeting","Wed Sep 30 21:09:43 UTC 2026","passed","Wed Sep 30 21:09:43 UTC 2026","","parameter validation","",""
"","449","blocks START (recording_mode=FILE) when features.recording = false","mod_filter_iq_jibri (feature-based authorization)","Wed Sep 30 21:08:46 UTC 2026","passed","Wed Sep 30 21:08:47 UTC 2026","","attribute case normalisation","",""
"","0","fires event before attempting file write (even on io failure)","mod_debug_traceback","Wed Sep 30 21:07:13 UTC 2026","passed","Wed Sep 30 21:07:13 UTC 2026","","dump_traceback()","",""
"","0","returns false for a room without a tenant bracket prefix","util.lib","Wed Sep 30 21:07:13 UTC 2026","passed","Wed Sep 30 21:07:13 UTC 2026","","is_vpaas","",""
"","0","ignores a plain body message","mod_muc_message_moderation","Wed Sep 30 21:07:13 UTC 2026","passed","Wed Sep 30 21:07:13 UTC 2026","","parse_retraction","",""
"","0","default filename contains pid and starts with data path","mod_debug_traceback","Wed Sep 30 21:07:13 UTC 2026","passed","Wed Sep 30 21:07:13 UTC 2026","","dump_traceback()","",""
"","412","treats removal of an absent entry as a benign no-op","mod_audio_translation_component","Wed Sep 30 21:07:44 UTC 2026","passed","Wed Sep 30 21:07:45 UTC 2026","","delta semantics","",""
"","196","per-room limit lower than global restricts the room further","mod_muc_max_occupants","Wed Sep 30 21:09:59 UTC 2026","passed","Wed Sep 30 21:09:59 UTC 2026","","per-room limit","",""
"","0","returns true when string ends with suffix","util.lib","Wed Sep 30 21:07:13 UTC 2026","passed","Wed Sep 30 21:07:13 UTC 2026","","ends_with","",""
"","209","moderator token user admitted from lobby joins directly without password prompt","mod_muc_lobby_rooms","Wed Sep 30 21:09:56 UTC 2026","passed","Wed Sep 30 21:09:56 UTC 2026","","token_affiliation interaction","",""
"","434","allows the first transcription dial in a room","mod_filter_iq_rayo (feature-based authorization)","Wed Sep 30 21:08:52 UTC 2026","passed","Wed Sep 30 21:08:52 UTC 2026","","transcription per-room throttle","",""
"","3","PUT returns 400 when body is empty","mod_muc_password_check","Wed Sep 30 21:10:03 UTC 2026","passed","Wed Sep 30 21:10:03 UTC 2026","","parameter validation","",""
"","521","prunes a departed sender from every receiver","mod_audio_translation_component","Wed Sep 30 21:07:56 UTC 2026","passed","Wed Sep 30 21:07:57 UTC 2026","","MUC-leave pruning","",""
"","134","affiliation='owner'","mod_token_affiliation","Wed Sep 30 21:11:36 UTC 2026","passed","Wed Sep 30 21:11:36 UTC 2026","","moderator claim variants that grant owner/moderator","",""
"","0","recognises sipjibriina@ prefix","util.lib","Wed Sep 30 21:07:13 UTC 2026","passed","Wed Sep 30 21:07:13 UTC 2026","","get_sip_jibri_email_prefix","",""
"","240","broadcast preserves previously set keys","mod_room_metadata_component","Wed Sep 30 21:10:59 UTC 2026","passed","Wed Sep 30 21:10:59 UTC 2026","","broadcast delivery","",""
"","440","blocks Stop (recording_mode=file) when features.recording = false","mod_filter_iq_jibri (feature-based authorization)","Wed Sep 30 21:08:46 UTC 2026","passed","Wed Sep 30 21:08:46 UTC 2026","","attribute case normalisation","",""
"","1178","an oversized payload is rejected","mod_polls_component","Wed Sep 30 21:10:35 UTC 2026","passed","Wed Sep 30 21:10:36 UTC 2026","","validation","",""
"","448","sanitises bare CR in JWT user-id","mod_filter_iq_rayo — CRLF escaping in re-serialized headers","Wed Sep 30 21:10:39 UTC 2026","passed","Wed Sep 30 21:10:40 UTC 2026","","","",""
"","1144","moderator cannot set blocked key ""visitorsEnabled""","mod_room_metadata_component","Wed Sep 30 21:10:56 UTC 2026","passed","Wed Sep 30 21:10:57 UTC 2026","","blocked keys","",""
"","62","focus can join a room","mod_muc_meeting_id","Wed Sep 30 21:09:59 UTC 2026","passed","Wed Sep 30 21:09:59 UTC 2026","","jicofo lock","",""
"","0","admin occupant — no affiliation set","mod_token_affiliation","Wed Sep 30 21:07:13 UTC 2026","passed","Wed Sep 30 21:07:13 UTC 2026","","skip conditions in muc-occupant-pre-join","",""
"","149","non-member can join freely after lobby is disabled","mod_muc_lobby_rooms","Wed Sep 30 21:09:55 UTC 2026","passed","Wed Sep 30 21:09:55 UTC 2026","","lifecycle","",""
"","6","returns 404 when room does not exist","mod_muc_kick_participant","Wed Sep 30 21:09:50 UTC 2026","passed","Wed Sep 30 21:09:50 UTC 2026","","kick behaviour","",""
"","0","returns nil subdomain and the node itself when no brackets","util.lib","Wed Sep 30 21:07:13 UTC 2026","passed","Wed Sep 30 21:07:13 UTC 2026","","extract_subdomain","",""
"","0","non-table data returns error","luajwtjitsi","Wed Sep 30 21:07:13 UTC 2026","passed","Wed Sep 30 21:07:13 UTC 2026","argument validation","encode","",""
"","138","affiliation='moderator'","mod_token_affiliation","Wed Sep 30 21:11:36 UTC 2026","passed","Wed Sep 30 21:11:36 UTC 2026","","moderator claim variants that grant owner/moderator","",""
"","280","non-moderator recipient receives identity-stripped presence","mod_muc_displayname — hideDisplayNameForGuests","Wed Sep 30 21:09:39 UTC 2026","passed","Wed Sep 30 21:09:40 UTC 2026","","","",""
"","0","ignores non-groupchat stanzas","mod_muc_message_moderation","Wed Sep 30 21:07:13 UTC 2026","passed","Wed Sep 30 21:07:13 UTC 2026","","moderation role checks","",""
"","0","returns false for a regular user JID","util.lib","Wed Sep 30 21:07:13 UTC 2026","passed","Wed Sep 30 21:07:13 UTC 2026","","is_focus_jid","",""
"","0","ignores a jibri IQ with action 'stop'","mod_jibri_session","Wed Sep 30 21:07:13 UTC 2026","passed","Wed Sep 30 21:07:13 UTC 2026","","non-matching stanzas pass through unchanged","",""
"","0","relays a correction of a message that has aged out of history","mod_muc_message_moderation","Wed Sep 30 21:07:13 UTC 2026","passed","Wed Sep 30 21:07:13 UTC 2026","","correction author checks","",""
"","1151","message with missing ""data"" field is ignored","mod_room_metadata_component","Wed Sep 30 21:11:17 UTC 2026","passed","Wed Sep 30 21:11:18 UTC 2026","","invalid payloads","",""
"","0","returns the target id and reason","mod_muc_message_moderation","Wed Sep 30 21:07:13 UTC 2026","passed","Wed Sep 30 21:07:13 UTC 2026","","parse_moderation_request","",""
"","0","does not rewrite a JID whose host uses an arbitrary non-dot separator after the prefix","util.lib","Wed Sep 30 21:07:13 UTC 2026","passed","Wed Sep 30 21:07:13 UTC 2026","","room_jid_match_rewrite","",""
"","0","recognises sipjibrioutb@ prefix","util.lib","Wed Sep 30 21:07:13 UTC 2026","passed","Wed Sep 30 21:07:13 UTC 2026","","get_sip_jibri_email_prefix","",""
"","1147","moderator with transcription=false is denied despite moderator role","mod_room_metadata_component","Wed Sep 30 21:11:05 UTC 2026","passed","Wed Sep 30 21:11:06 UTC 2026","","allow-moderation hook (mod_filter_iq_rayo interop)","",""
"","0","returns false when no prefix in Set matches","util.lib","Wed Sep 30 21:07:13 UTC 2026","passed","Wed Sep 30 21:07:13 UTC 2026","","starts_with_one_of","",""
"","73","GET returns 403 when token is invalid","mod_muc_password_check","Wed Sep 30 21:10:03 UTC 2026","passed","Wed Sep 30 21:10:03 UTC 2026","","authentication","",""
"","0","sets initiator.id from jitsi_meet_context_user.id","mod_jibri_session","Wed Sep 30 21:07:13 UTC 2026","passed","Wed Sep 30 21:07:13 UTC 2026","","client-to-jicofo pass (no room attr on jibri element)","",""
"","135","does not inject permissions for member participant","mod_jitsi_permissions","Wed Sep 30 21:09:03 UTC 2026","passed","Wed Sep 30 21:09:03 UTC 2026","","non-moderator token","",""
"","1407","allows a valid alphanumeric resource","mod_muc_resource_validate","Wed Sep 30 21:10:21 UTC 2026","passed","Wed Sep 30 21:10:22 UTC 2026","","","",""
"","0","returns nil subdomain for a hyphenated-prefix host (regression: unescaped dot)","util.lib","Wed Sep 30 21:07:13 UTC 2026","passed","Wed Sep 30 21:07:13 UTC 2026","","room_jid_split_subdomain","",""
"","0","empty list returns false","luajwtjitsi","Wed Sep 30 21:07:13 UTC 2026","passed","Wed Sep 30 21:07:13 UTC 2026","verify_claim","internals","",""
"","0","returns truthy for jibria@ prefixed JID string","util.lib","Wed Sep 30 21:07:13 UTC 2026","passed","Wed Sep 30 21:07:13 UTC 2026","","is_jibri","",""
"","0","strips the body from the history entry","mod_muc_message_moderation","Wed Sep 30 21:07:13 UTC 2026","passed","Wed Sep 30 21:07:13 UTC 2026","","moderation by a moderator","",""
"","201","correctly assigns different roles to moderator and non-moderator in same room","mod_token_affiliation","Wed Sep 30 21:11:35 UTC 2026","passed","Wed Sep 30 21:11:36 UTC 2026","","","",""
"","0","granted_from set from session.granted_jitsi_meet_context_user_id","mod_short_lived_token","Wed Sep 30 21:07:13 UTC 2026","passed","Wed Sep 30 21:07:13 UTC 2026","","generateToken payload","",""
"","89","returns lobbyEnabled: true when lobby is enabled","mod_muc_password_check","Wed Sep 30 21:10:03 UTC 2026","passed","Wed Sep 30 21:10:03 UTC 2026","","GET room info","",""
"","646","a ban by jid is rejected even when a mismatched nick is also present","mod_muc_meeting_id","Wed Sep 30 21:10:00 UTC 2026","passed","Wed Sep 30 21:10:01 UTC 2026","","set admin filtering","",""
"","145","affiliation='teacher'","mod_token_affiliation","Wed Sep 30 21:11:36 UTC 2026","passed","Wed Sep 30 21:11:36 UTC 2026","","moderator claim variants that grant owner/moderator","",""
"","1150","moderator cannot set blocked key ""conferencePresetsServiceEnabled""","mod_room_metadata_component","Wed Sep 30 21:10:45 UTC 2026","passed","Wed Sep 30 21:10:46 UTC 2026","","blocked keys","",""
"","0","rejects a retraction from someone who is not the author","mod_muc_message_moderation","Wed Sep 30 21:07:13 UTC 2026","passed","Wed Sep 30 21:07:13 UTC 2026","","retraction","",""
"","1724","ignores create requests from non-moderator participants","mod_muc_breakout_rooms","Wed Sep 30 21:09:21 UTC 2026","passed","Wed Sep 30 21:09:22 UTC 2026","","access control","",""
"","0","removes the entry for a retraction forwarded from main","mod_muc_message_moderation","Wed Sep 30 21:07:13 UTC 2026","passed","Wed Sep 30 21:07:13 UTC 2026","","visitor node history","",""
"","1153","message with missing ""key"" field is ignored","mod_room_metadata_component","Wed Sep 30 21:11:16 UTC 2026","passed","Wed Sep 30 21:11:17 UTC 2026","","invalid payloads","",""
"","135","a ban (affiliation=outcast by jid) targeting certain participant is rejected","mod_muc_meeting_id","Wed Sep 30 21:10:00 UTC 2026","passed","Wed Sep 30 21:10:00 UTC 2026","","set admin filtering","",""
"","0","extracts node, host, resource and subdomain from a multidomain JID","util.lib","Wed Sep 30 21:07:13 UTC 2026","passed","Wed Sep 30 21:07:13 UTC 2026","","room_jid_split_subdomain","",""
"","7","allows connection with correct shared secret","mod_auth_jitsi-shared-secret","Wed Sep 30 21:08:03 UTC 2026","passed","Wed Sep 30 21:08:03 UTC 2026","","","",""
"","1130","message with invalid JSON is ignored","mod_room_metadata_component","Wed Sep 30 21:11:14 UTC 2026","passed","Wed Sep 30 21:11:16 UTC 2026","","invalid payloads","",""
"","134","regular user receives available self-presence with subdomain from-JID","mod_muc_domain_mapper","Wed Sep 30 21:09:41 UTC 2026","passed","Wed Sep 30 21:09:41 UTC 2026","","subdomain room join","",""
"","294","broadcasts remove event to other occupants","mod_filesharing_component","Wed Sep 30 21:08:23 UTC 2026","passed","Wed Sep 30 21:08:23 UTC 2026","","remove file","",""
"","2207","does not start timer when jibri leaves and a regular user is still present","mod_muc_cleanup_backend_services","Wed Sep 30 21:09:32 UTC 2026","passed","Wed Sep 30 21:09:34 UTC 2026","","","",""
"","0","missing iss claim when acceptedIssuers provided is rejected","luajwtjitsi","Wed Sep 30 21:07:13 UTC 2026","passed","Wed Sep 30 21:07:13 UTC 2026","issuer","verify","",""
"","67","returns 400 when connectionJIDs is missing","mod_system_chat_message","Wed Sep 30 21:11:20 UTC 2026","passed","Wed Sep 30 21:11:20 UTC 2026","","parameter validation","",""
"","311","sender with send-groupchat=false is blocked when groupChatRestricted is true","mod_filter_messages","Wed Sep 30 21:08:57 UTC 2026","passed","Wed Sep 30 21:08:57 UTC 2026","","","",""
"","0","leaks no raw CR or LF bytes in the serialized stanza","Rayo dial IQ header CRLF escaping [in-file reference serializer]","Wed Sep 30 21:07:13 UTC 2026","passed","Wed Sep 30 21:07:13 UTC 2026","","","",""
"","0","tampered payload fails verification","luajwtjitsi","Wed Sep 30 21:07:13 UTC 2026","passed","Wed Sep 30 21:07:13 UTC 2026","HS256","verify","",""
"","0","stores an ordinary message","mod_muc_message_moderation","Wed Sep 30 21:07:13 UTC 2026","passed","Wed Sep 30 21:07:13 UTC 2026","","skip_history","",""
"","408","lists every receiver translating a sender, sorted","mod_audio_translation_component","Wed Sep 30 21:07:59 UTC 2026","passed","Wed Sep 30 21:08:00 UTC 2026","","directed listeners push (translation-listeners)","",""
"","0","logs error and does not register hook when main_muc is absent","mod_short_lived_token","Wed Sep 30 21:07:13 UTC 2026","passed","Wed Sep 30 21:07:13 UTC 2026","","config validation","",""
"","0","returns nil for an unknown id","mod_muc_message_moderation","Wed Sep 30 21:07:13 UTC 2026","passed","Wed Sep 30 21:07:13 UTC 2026","","find_history_entry","",""
"","0","returns nil for nil table","util.lib","Wed Sep 30 21:07:13 UTC 2026","passed","Wed Sep 30 21:07:13 UTC 2026","table_find","table helpers","",""
"","182","relayed answers contain only names — extra fields are stripped","mod_polls_component","Wed Sep 30 21:10:27 UTC 2026","passed","Wed Sep 30 21:10:27 UTC 2026","","poll creation","",""
"","27","sets session.jitsi_meet_context_user from token context","mod_auth_token (ASAP / RS256)","Wed Sep 30 21:08:03 UTC 2026","passed","Wed Sep 30 21:08:03 UTC 2026","","","",""
"","361","allows a receiver whose token sets the feature to true","mod_audio_translation_component","Wed Sep 30 21:07:40 UTC 2026","passed","Wed Sep 30 21:07:40 UTC 2026","","subscribe authorization (live-translation-subscribe)","",""
"","451","blocks start IQ when features.livestreaming = false","mod_filter_iq_jibri (feature-based authorization)","Wed Sep 30 21:08:40 UTC 2026","passed","Wed Sep 30 21:08:40 UTC 2026","","livestreaming (recording_mode=stream)","",""
"","0","builds room JID with no subdomain","util.lib","Wed Sep 30 21:07:13 UTC 2026","passed","Wed Sep 30 21:07:13 UTC 2026","","build_room_address","",""
"","0","passes stanza through unchanged when skipMapping is true","mod_muc_domain_mapper","Wed Sep 30 21:07:13 UTC 2026","passed","Wed Sep 30 21:07:13 UTC 2026","skipped stanzas","filter_stanza","",""
"","206","JWT host is promoted and may revoke affiliations","mod_muc_allowners","Wed Sep 30 21:09:08 UTC 2026","passed","Wed Sep 30 21:09:08 UTC 2026","","moderated room","",""
"","0","returns false for a regular user JID","util.lib","Wed Sep 30 21:07:13 UTC 2026","passed","Wed Sep 30 21:07:13 UTC 2026","","is_transcriber","",""
"","1194","joiner receives nothing when no files have been shared","mod_filesharing_component","Wed Sep 30 21:08:25 UTC 2026","passed","Wed Sep 30 21:08:26 UTC 2026","","new joiner receives file list","",""
"","0","exact match returns true","luajwtjitsi","Wed Sep 30 21:07:13 UTC 2026","passed","Wed Sep 30 21:07:13 UTC 2026","verify_claim","internals","",""
"","0","handles JID with no node (bare host)","util.lib","Wed Sep 30 21:07:13 UTC 2026","passed","Wed Sep 30 21:07:13 UTC 2026","","room_jid_split_subdomain","",""
"","0","encodes three-byte form for 65535","jwk.lib","Wed Sep 30 21:07:13 UTC 2026","passed","Wed Sep 30 21:07:13 UTC 2026","encode_length","ASN1","",""
"","0","writes traceback content to file","mod_debug_traceback","Wed Sep 30 21:07:13 UTC 2026","passed","Wed Sep 30 21:07:13 UTC 2026","","dump_traceback()","",""
"","0","passes stanza through unchanged for s2sout sessions","mod_muc_domain_mapper","Wed Sep 30 21:07:13 UTC 2026","passed","Wed Sep 30 21:07:13 UTC 2026","skipped stanzas","filter_stanza","",""
"","2634","non-JSON 200 does not produce a Lua error in the HTTP callback","mod_muc_auth_ban","Wed Sep 30 21:09:12 UTC 2026","passed","Wed Sep 30 21:09:15 UTC 2026","","","",""
"","0","parses a valid HS256 token into header, body, and signature","luajwtjitsi","Wed Sep 30 21:07:13 UTC 2026","passed","Wed Sep 30 21:07:13 UTC 2026","parse_token","internals","",""
"","0","falls back to s2sout_override when s2s_connect_overrides is absent","mod_certs_s2soutinjection","Wed Sep 30 21:07:13 UTC 2026","passed","Wed Sep 30 21:07:13 UTC 2026","","attach()","",""
"","129","leaves affiliation unchanged for anonymous user (no token)","mod_token_affiliation","Wed Sep 30 21:11:35 UTC 2026","passed","Wed Sep 30 21:11:35 UTC 2026","","","",""
"","11","sets session.jitsi_meet_context_features from token context","mod_auth_token (HS256 shared secret)","Wed Sep 30 21:08:05 UTC 2026","passed","Wed Sep 30 21:08:05 UTC 2026","","","",""
"","691","does not broadcast when the resulting aggregate is unchanged","mod_audio_translation_component","Wed Sep 30 21:07:45 UTC 2026","passed","Wed Sep 30 21:07:46 UTC 2026","","delta semantics","",""
"","0","returns nil for a nil message id","mod_muc_message_moderation","Wed Sep 30 21:07:13 UTC 2026","passed","Wed Sep 30 21:07:13 UTC 2026","","find_history_entry","",""
"","0","marks the broadcast no-store so it never enters history","mod_muc_message_moderation","Wed Sep 30 21:07:13 UTC 2026","passed","Wed Sep 30 21:07:13 UTC 2026","","moderation by a moderator","",""
"","68","conference field equals the full room JID","mod_muc_password_check","Wed Sep 30 21:10:03 UTC 2026","passed","Wed Sep 30 21:10:03 UTC 2026","","GET room info","",""
"","0","encodes two-byte form for 255","jwk.lib","Wed Sep 30 21:07:13 UTC 2026","passed","Wed Sep 30 21:07:13 UTC 2026","encode_length","ASN1","",""
"","222","a duplicate pollId is rejected with an error","mod_polls_component","Wed Sep 30 21:10:27 UTC 2026","passed","Wed Sep 30 21:10:27 UTC 2026","","poll creation","",""
"","1186","new-poll with an empty answers array is ignored","mod_polls_component","Wed Sep 30 21:10:30 UTC 2026","passed","Wed Sep 30 21:10:31 UTC 2026","","validation","",""
"","0","uses custom signal name in info log message","mod_debug_traceback","Wed Sep 30 21:07:13 UTC 2026","passed","Wed Sep 30 21:07:13 UTC 2026","","dump_traceback()","",""
"","252","JWT host arriving after lobby is triggered opens the room for new guests","mod_muc_wait_for_host","Wed Sep 30 21:10:26 UTC 2026","passed","Wed Sep 30 21:10:26 UTC 2026","","","",""
"","1012","keeps a language when one of two referencers removes it","mod_audio_translation_component","Wed Sep 30 21:07:52 UTC 2026","passed","Wed Sep 30 21:07:53 UTC 2026","","aggregation across receivers","",""
"","75","returns 404 when the Jigasi brewery room does not exist","mod_muc_jigasi_invite","Wed Sep 30 21:09:49 UTC 2026","passed","Wed Sep 30 21:09:49 UTC 2026","","brewery room","",""
"","1129","moderator cannot set blocked key ""transcription""","mod_room_metadata_component","Wed Sep 30 21:10:54 UTC 2026","passed","Wed Sep 30 21:10:56 UTC 2026","","blocked keys","",""
"","0","encode then verify returns original payload","luajwtjitsi","Wed Sep 30 21:07:13 UTC 2026","passed","Wed Sep 30 21:07:13 UTC 2026","HS512","verify","",""
"","0","returns the matched prefix value (table)","util.lib","Wed Sep 30 21:07:13 UTC 2026","passed","Wed Sep 30 21:07:13 UTC 2026","","starts_with_one_of","",""
"","0","announces the same stanza that was broadcast","mod_muc_message_moderation","Wed Sep 30 21:07:13 UTC 2026","passed","Wed Sep 30 21:07:13 UTC 2026","","moderation by a moderator","",""
"","1086","a message to the bare JID of another client is rejected","mod_filter_direct_messages","Wed Sep 30 21:08:34 UTC 2026","passed","Wed Sep 30 21:08:35 UTC 2026","","","",""
"","0","ignores a replace element with no id","mod_muc_message_moderation","Wed Sep 30 21:07:13 UTC 2026","passed","Wed Sep 30 21:07:13 UTC 2026","","parse_correction","",""
"","0","logs a not-allowed presence error once per session","mod_muc_domain_mapper","Wed Sep 30 21:07:13 UTC 2026","passed","Wed Sep 30 21:07:13 UTC 2026","log_not_allowed_errors","filter_stanza","",""
"","0","does not log for non-error presence","mod_muc_domain_mapper","Wed Sep 30 21:07:13 UTC 2026","passed","Wed Sep 30 21:07:13 UTC 2026","log_not_allowed_errors","filter_stanza","",""
"","124","moderator=true (boolean)","mod_token_affiliation","Wed Sep 30 21:11:36 UTC 2026","passed","Wed Sep 30 21:11:36 UTC 2026","","moderator claim variants that grant owner/moderator","",""
"","74","lobby room JID is absent from disco info after disable","mod_muc_lobby_rooms","Wed Sep 30 21:09:55 UTC 2026","passed","Wed Sep 30 21:09:55 UTC 2026","","lifecycle","",""
"","1129","error-type message is ignored without triggering a reply","mod_filesharing_component","Wed Sep 30 21:08:31 UTC 2026","passed","Wed Sep 30 21:08:32 UTC 2026","","invalid payloads","",""
"","317","sender with no send-groupchat key in features is blocked when groupChatRestricted is true","mod_filter_messages","Wed Sep 30 21:08:57 UTC 2026","passed","Wed Sep 30 21:08:58 UTC 2026","","","",""
"","482","replaces the language when switching the same sender","mod_audio_translation_component","Wed Sep 30 21:07:45 UTC 2026","passed","Wed Sep 30 21:07:45 UTC 2026","","delta semantics","",""
"","0","non-matching value returns false","luajwtjitsi","Wed Sep 30 21:07:13 UTC 2026","passed","Wed Sep 30 21:07:13 UTC 2026","verify_claim","internals","",""
"","8","sets session.jitsi_web_query_room from ?room query param","mod_jitsi_session","Wed Sep 30 21:09:07 UTC 2026","passed","Wed Sep 30 21:09:07 UTC 2026","","","",""
"","240","broadcasts add event to other occupants","mod_filesharing_component","Wed Sep 30 21:08:20 UTC 2026","passed","Wed Sep 30 21:08:20 UTC 2026","","add file","",""
"","1145","moderator cannot set blocked key ""services""","mod_room_metadata_component","Wed Sep 30 21:10:52 UTC 2026","passed","Wed Sep 30 21:10:53 UTC 2026","","blocked keys","",""
"","0","returns false for an unmoderated room with a subdomain","util.lib","Wed Sep 30 21:07:13 UTC 2026","passed","Wed Sep 30 21:07:13 UTC 2026","","is_moderated","",""
"","0","rejects a request from a participant without the moderator role","mod_muc_message_moderation","Wed Sep 30 21:07:13 UTC 2026","passed","Wed Sep 30 21:07:13 UTC 2026","","moderation role checks","",""
"","283","adds flip_device tag to the kicked occupant unavailable presence","mod_muc_flip","Wed Sep 30 21:09:47 UTC 2026","passed","Wed Sep 30 21:09:47 UTC 2026","","flip","",""
"","5","returns 400 when Content-Type is not application/json","mod_muc_kick_participant","Wed Sep 30 21:09:50 UTC 2026","passed","Wed Sep 30 21:09:50 UTC 2026","","parameter validation","",""
"","202","returns 200 with participant count for an existing room","mod_muc_size","Wed Sep 30 21:10:25 UTC 2026","passed","Wed Sep 30 21:10:25 UTC 2026","","GET /room-size","",""
"","344","processes requests when audioTranslation is absent (enabled by default)","mod_audio_translation_component","Wed Sep 30 21:07:38 UTC 2026","passed","Wed Sep 30 21:07:38 UTC 2026","","enabled flag","",""
"","0","honours a second correction the same way","mod_muc_message_moderation","Wed Sep 30 21:07:13 UTC 2026","passed","Wed Sep 30 21:07:13 UTC 2026","","correction by the author","",""
"","123","allows join when room is empty","mod_muc_max_occupants","Wed Sep 30 21:09:57 UTC 2026","passed","Wed Sep 30 21:09:57 UTC 2026","","","",""
"","403","tracks room occupancy and updates when clients leave","mod_muc_census","Wed Sep 30 21:09:23 UTC 2026","passed","Wed Sep 30 21:09:23 UTC 2026","","","",""
"","0","rejects a retraction from a moderator who is not the author","mod_muc_message_moderation","Wed Sep 30 21:07:13 UTC 2026","passed","Wed Sep 30 21:07:13 UTC 2026","","retraction","",""
"","602","rejects a language longer than 20 characters","mod_audio_translation_component","Wed Sep 30 21:07:41 UTC 2026","passed","Wed Sep 30 21:07:42 UTC 2026","","validation (whole-stanza atomicity)","",""
"","355","exposes the request map to jicofo but not to regular clients","mod_audio_translation_component","Wed Sep 30 21:07:53 UTC 2026","passed","Wed Sep 30 21:07:54 UTC 2026","","aggregation across receivers","",""
"","1199","remove without fileId attribute is dropped silently","mod_filesharing_component","Wed Sep 30 21:08:30 UTC 2026","passed","Wed Sep 30 21:08:31 UTC 2026","","invalid payloads","",""
"","0","prefers s2s_connect_overrides — s2sout_override hosts are ignored","mod_certs_s2soutinjection","Wed Sep 30 21:07:13 UTC 2026","passed","Wed Sep 30 21:07:13 UTC 2026","","attach()","",""
"","2148","message with empty <room_metadata> body is ignored","mod_room_metadata_component","Wed Sep 30 21:11:12 UTC 2026","passed","Wed Sep 30 21:11:14 UTC 2026","","invalid payloads","",""
"","1295","keeps the claims it verified when the session resumes on an anonymous host","mod_auth_token (claims on XEP-0198 resumption)","Wed Sep 30 21:08:16 UTC 2026","passed","Wed Sep 30 21:08:18 UTC 2026","","","",""
"","89","returns 200 when connectionJIDs contains a JID not in the room (no occupancy validation)","mod_system_chat_message","Wed Sep 30 21:11:20 UTC 2026","passed","Wed Sep 30 21:11:20 UTC 2026","","message delivery","",""
"","526","rejects a senderId that is not 8 hex digits","mod_audio_translation_component","Wed Sep 30 21:07:40 UTC 2026","passed","Wed Sep 30 21:07:41 UTC 2026","","validation (whole-stanza atomicity)","",""
"","0","returns true for the bare string 'focus'","util.lib","Wed Sep 30 21:07:13 UTC 2026","passed","Wed Sep 30 21:07:13 UTC 2026","","is_focus_nick","",""
"","174","moderator without features can set recording.isTranscribingEnabled","mod_room_metadata_component","Wed Sep 30 21:11:03 UTC 2026","passed","Wed Sep 30 21:11:03 UTC 2026","","allow-moderation hook (mod_filter_iq_rayo interop)","",""
"","438","blocks stop IQ when token has no context.features (non-moderator fallback)","mod_filter_iq_jibri (feature-based authorization)","Wed Sep 30 21:08:42 UTC 2026","passed","Wed Sep 30 21:08:43 UTC 2026","","livestreaming (recording_mode=stream)","",""
"","438","blocks IQ when JvbRoomName header is missing","mod_filter_iq_rayo (feature-based authorization)","Wed Sep 30 21:08:51 UTC 2026","passed","Wed Sep 30 21:08:51 UTC 2026","","JvbRoomName header validation","",""
"","913","silently ignores requests when audioTranslation.enabled is false","mod_audio_translation_component","Wed Sep 30 21:07:37 UTC 2026","passed","Wed Sep 30 21:07:38 UTC 2026","","enabled flag","",""
"","0","bare word focus without slash returns false","util.lib","Wed Sep 30 21:07:13 UTC 2026","passed","Wed Sep 30 21:07:13 UTC 2026","","is_focus","",""
"","0","returns nil subdomain for empty brackets (pattern requires >=1 char)","util.lib","Wed Sep 30 21:07:13 UTC 2026","passed","Wed Sep 30 21:07:13 UTC 2026","","extract_subdomain","",""
"","0","adds the room info field to a disco#info form","mod_muc_message_moderation","Wed Sep 30 21:07:13 UTC 2026","passed","Wed Sep 30 21:07:13 UTC 2026","","capability advertisement","",""
"","0","recognises outbound-sip-jibri@ prefix","util.lib","Wed Sep 30 21:07:13 UTC 2026","passed","Wed Sep 30 21:07:13 UTC 2026","","get_sip_jibri_email_prefix","",""
"","0","returns false when keys differ","util.lib","Wed Sep 30 21:07:13 UTC 2026","passed","Wed Sep 30 21:07:13 UTC 2026","table_equals","table helpers","",""
"","0","takes by from the occupant, not from the payload","mod_muc_message_moderation","Wed Sep 30 21:07:13 UTC 2026","passed","Wed Sep 30 21:07:13 UTC 2026","","moderation attribution","",""
"","254","a client joining after a poll was created receives it via old-polls","mod_polls_component","Wed Sep 30 21:10:29 UTC 2026","passed","Wed Sep 30 21:10:29 UTC 2026","","history delivery","",""
"","516","VPaaS user is allowed when access manager returns access=true","mod_muc_auth_ban","Wed Sep 30 21:09:08 UTC 2026","passed","Wed Sep 30 21:09:09 UTC 2026","","","",""
"","0","returns truthy for transcribera@ JID","util.lib","Wed Sep 30 21:07:13 UTC 2026","passed","Wed Sep 30 21:07:13 UTC 2026","","is_transcriber","",""
"","573","unions different languages requested for the same sender","mod_audio_translation_component","Wed Sep 30 21:07:50 UTC 2026","passed","Wed Sep 30 21:07:50 UTC 2026","","aggregation across receivers","",""
"","196","kicks the old device when the same user joins from a new device","mod_muc_flip","Wed Sep 30 21:09:47 UTC 2026","passed","Wed Sep 30 21:09:47 UTC 2026","","flip","",""
"","0","affiliation='owner' sets owner","mod_token_affiliation","Wed Sep 30 21:07:13 UTC 2026","passed","Wed Sep 30 21:07:13 UTC 2026","","affiliation assignment","",""
"","438","ignores a message from a session without a room context","mod_audio_translation_component","Wed Sep 30 21:07:36 UTC 2026","passed","Wed Sep 30 21:07:36 UTC 2026","","routing and parsing","",""
"","0","wrapped handler delegates to attach and returns its result","mod_certs_s2soutinjection","Wed Sep 30 21:07:13 UTC 2026","passed","Wed Sep 30 21:07:13 UTC 2026","","event wrapping","",""
"","0","encodes single-byte length for 127","jwk.lib","Wed Sep 30 21:07:13 UTC 2026","passed","Wed Sep 30 21:07:13 UTC 2026","encode_length","ASN1","",""
"","0","returns truthy for jibrib@ prefixed JID string","util.lib","Wed Sep 30 21:07:13 UTC 2026","passed","Wed Sep 30 21:07:13 UTC 2026","","is_jibri","",""
"","0","returns true when both arguments are nil","util.lib","Wed Sep 30 21:07:13 UTC 2026","passed","Wed Sep 30 21:07:13 UTC 2026","table_equals","table helpers","",""
"","0","does not route to occupants belonging to another node","mod_muc_message_moderation","Wed Sep 30 21:07:13 UTC 2026","passed","Wed Sep 30 21:07:13 UTC 2026","","visitor node history","",""
"","90","returns 401 when a login token is used instead of a system token","mod_muc_jigasi_invite","Wed Sep 30 21:09:49 UTC 2026","passed","Wed Sep 30 21:09:49 UTC 2026","","authentication","",""
"","86","returns passcodeProtected: true when room has a password set","mod_muc_password_check","Wed Sep 30 21:10:03 UTC 2026","passed","Wed Sep 30 21:10:03 UTC 2026","","GET room info","",""
"","4051","all 5 simultaneous joins complete despite rate=1/s","mod_muc_rate_limit","Wed Sep 30 21:10:04 UTC 2026","passed","Wed Sep 30 21:10:08 UTC 2026","","join rate limiting","",""
"","441","blocks stop IQ when features.recording = false","mod_filter_iq_jibri (feature-based authorization)","Wed Sep 30 21:08:38 UTC 2026","passed","Wed Sep 30 21:08:38 UTC 2026","","recording (recording_mode=file)","",""
"","314","sender with send-private-message=false is blocked when privateChatRestricted is true","mod_filter_messages private messages","Wed Sep 30 21:09:01 UTC 2026","passed","Wed Sep 30 21:09:01 UTC 2026","","","",""
"","0","sends not-allowed when room is not found","mod_short_lived_token","Wed Sep 30 21:07:13 UTC 2026","passed","Wed Sep 30 21:07:13 UTC 2026","","external_service/credentials handler","",""
"","0","accumulates across multiple dominant speaker episodes","SpeakerStats","Wed Sep 30 21:07:13 UTC 2026","passed","Wed Sep 30 21:07:13 UTC 2026","","setDominantSpeaker","",""
"","0","hooks muc-disco#info","mod_muc_message_moderation","Wed Sep 30 21:07:13 UTC 2026","passed","Wed Sep 30 21:07:13 UTC 2026","","registration","",""
"","178","anonymous participants are promoted to owner on join","mod_muc_allowners","Wed Sep 30 21:09:07 UTC 2026","passed","Wed Sep 30 21:09:07 UTC 2026","","non-moderated room","",""
"","0","returns false for nil string","util.lib","Wed Sep 30 21:07:13 UTC 2026","passed","Wed Sep 30 21:07:13 UTC 2026","","starts_with","",""
"","308","joiner receives list of existing files","mod_filesharing_component","Wed Sep 30 21:08:24 UTC 2026","passed","Wed Sep 30 21:08:25 UTC 2026","","new joiner receives file list","",""
"","0","ignores a stanza from a local occupant","mod_muc_message_moderation","Wed Sep 30 21:07:13 UTC 2026","passed","Wed Sep 30 21:07:13 UTC 2026","","visitor node history","",""
"","1067","cached banned token is rejected even when access manager is reset to allow","mod_muc_auth_ban","Wed Sep 30 21:09:10 UTC 2026","passed","Wed Sep 30 21:09:11 UTC 2026","","","",""
"","0","returns false for a non-recorder JID string","util.lib","Wed Sep 30 21:07:13 UTC 2026","passed","Wed Sep 30 21:07:13 UTC 2026","","is_jibri","",""
"","152","returns 401 when a login token is used instead of a system token","mod_muc_end_meeting","Wed Sep 30 21:09:43 UTC 2026","passed","Wed Sep 30 21:09:43 UTC 2026","","authentication","",""
"","0","uses custom filename template from config","mod_debug_traceback","Wed Sep 30 21:07:13 UTC 2026","passed","Wed Sep 30 21:07:13 UTC 2026","","dump_traceback()","",""
"","444","blocks stop IQ when context.features present but recording key absent","mod_filter_iq_jibri (feature-based authorization)","Wed Sep 30 21:08:38 UTC 2026","passed","Wed Sep 30 21:08:38 UTC 2026","","recording (recording_mode=file)","",""
"","149","moderator token user who bypasses lobby with room password gets moderator role","mod_muc_lobby_rooms","Wed Sep 30 21:09:56 UTC 2026","passed","Wed Sep 30 21:09:56 UTC 2026","","token_affiliation interaction","",""
"","443","blocks start IQ when features.recording = false","mod_filter_iq_jibri (feature-based authorization)","Wed Sep 30 21:08:36 UTC 2026","passed","Wed Sep 30 21:08:36 UTC 2026","","recording (recording_mode=file)","",""
"","215","restores the token features when owner is revoked twice in a row","mod_jitsi_permissions","Wed Sep 30 21:09:04 UTC 2026","passed","Wed Sep 30 21:09:04 UTC 2026","","affiliation grant and revoke","",""
"","128","whitelisted domain joins password-protected room without providing password","mod_muc_password_whitelist","Wed Sep 30 21:10:04 UTC 2026","passed","Wed Sep 30 21:10:04 UTC 2026","","","",""
"","657","clears the map (stops translation) when disabled, and restores it when re-enabled","mod_audio_translation_component","Wed Sep 30 21:07:38 UTC 2026","passed","Wed Sep 30 21:07:39 UTC 2026","","enabled flag","",""
"","0","nbf is approximately now","mod_short_lived_token","Wed Sep 30 21:07:13 UTC 2026","passed","Wed Sep 30 21:07:13 UTC 2026","","generateToken payload","",""
"","205","delivers to multiple recipients","mod_system_chat_message","Wed Sep 30 21:11:20 UTC 2026","passed","Wed Sep 30 21:11:20 UTC 2026","","message delivery","",""
"","1150","moderator cannot set blocked key ""dialinEnabled""","mod_room_metadata_component","Wed Sep 30 21:10:46 UTC 2026","passed","Wed Sep 30 21:10:47 UTC 2026","","blocked keys","",""
"","0","prepends 0x00 when first byte is 0xFF","jwk.lib","Wed Sep 30 21:07:13 UTC 2026","passed","Wed Sep 30 21:07:13 UTC 2026","encode_integer","ASN1","",""
"","0","still moderates a message that has aged out of history","mod_muc_message_moderation","Wed Sep 30 21:07:13 UTC 2026","passed","Wed Sep 30 21:07:13 UTC 2026","","moderation role checks","",""
"","817","ignores a message with no <audio-translation> child","mod_audio_translation_component","Wed Sep 30 21:07:33 UTC 2026","passed","Wed Sep 30 21:07:34 UTC 2026","","routing and parsing","",""
"","11","serves entries from external_services config (port 3479)","mod_turncredentials_http","Wed Sep 30 21:11:38 UTC 2026","passed","Wed Sep 30 21:11:38 UTC 2026","","extdisco IQ (via external_services)","",""
"","59","a regular user cannot create a room by joining first","mod_muc_meeting_id","Wed Sep 30 21:09:59 UTC 2026","passed","Wed Sep 30 21:09:59 UTC 2026","","jicofo lock","",""
"","0","does not start timer when becoming dominant while silent","SpeakerStats","Wed Sep 30 21:07:13 UTC 2026","passed","Wed Sep 30 21:07:13 UTC 2026","","setDominantSpeaker","",""
"","0","removes the history entry for the author","mod_muc_message_moderation","Wed Sep 30 21:07:13 UTC 2026","passed","Wed Sep 30 21:07:13 UTC 2026","","retraction","",""
"","0","does not match the nested retract of a moderation request","mod_muc_message_moderation","Wed Sep 30 21:07:13 UTC 2026","passed","Wed Sep 30 21:07:13 UTC 2026","","parse_retraction","",""
"","0","ignores a stanza that did not come from the main domain","mod_muc_message_moderation","Wed Sep 30 21:07:13 UTC 2026","passed","Wed Sep 30 21:07:13 UTC 2026","","visitor node history","",""
"","1132","non-moderator startmuted presence is ignored","mod_room_metadata_component","Wed Sep 30 21:11:01 UTC 2026","passed","Wed Sep 30 21:11:02 UTC 2026","","startMuted presence shim","",""
"","0","type is short-lived-token","mod_short_lived_token","Wed Sep 30 21:07:13 UTC 2026","passed","Wed Sep 30 21:07:13 UTC 2026","valid request service entry","external_service/credentials handler","",""
"","2198","does not start timer when breakout rooms are active","mod_muc_cleanup_backend_services","Wed Sep 30 21:09:36 UTC 2026","passed","Wed Sep 30 21:09:39 UTC 2026","","","",""
"","134","accepts the same regex room claim on a host where patterns are enabled","mod_auth_token (ASAP / RS256)","Wed Sep 30 21:08:04 UTC 2026","passed","Wed Sep 30 21:08:04 UTC 2026","","","",""
"","241","never delivers a private json-message under a forged room from","mod_time_restricted","Wed Sep 30 21:11:35 UTC 2026","passed","Wed Sep 30 21:11:35 UTC 2026","","spoofing by an occupant","",""
"","0","returns nil subdomain when only the suffix differs by a non-dot character","util.lib","Wed Sep 30 21:07:13 UTC 2026","passed","Wed Sep 30 21:07:13 UTC 2026","","room_jid_split_subdomain","",""
"","0","accepts an occupant object and inspects its .jid field","util.lib","Wed Sep 30 21:07:13 UTC 2026","passed","Wed Sep 30 21:07:13 UTC 2026","","is_jibri","",""
"","436","blocks START (recording_mode=FILE) when only features.livestreaming = true (cross-feature)","mod_filter_iq_jibri (feature-based authorization)","Wed Sep 30 21:08:47 UTC 2026","passed","Wed Sep 30 21:08:47 UTC 2026","","attribute case normalisation","",""
"","0","moderator=true sets owner affiliation and moderator role","mod_token_affiliation","Wed Sep 30 21:07:13 UTC 2026","passed","Wed Sep 30 21:07:13 UTC 2026","","affiliation assignment","",""
"","121","non-subdomain room still works after mapper is loaded","mod_muc_domain_mapper","Wed Sep 30 21:09:41 UTC 2026","passed","Wed Sep 30 21:09:41 UTC 2026","","subdomain room join","",""
"","139","sends a time_restricted json-message to an occupant as soon as they join","mod_time_restricted","Wed Sep 30 21:11:20 UTC 2026","passed","Wed Sep 30 21:11:20 UTC 2026","","","",""
"","0","returns nil subdomain for a non-multidomain MUC JID","util.lib","Wed Sep 30 21:07:13 UTC 2026","passed","Wed Sep 30 21:07:13 UTC 2026","","room_jid_split_subdomain","",""
"","0","skips a moderation broadcast","mod_muc_message_moderation","Wed Sep 30 21:07:13 UTC 2026","passed","Wed Sep 30 21:07:13 UTC 2026","","skip_history","",""
"","0","reports removed keys","util.lib","Wed Sep 30 21:07:13 UTC 2026","passed","Wed Sep 30 21:07:13 UTC 2026","table_compare","table helpers","",""
"","0","wrong audience is rejected","luajwtjitsi","Wed Sep 30 21:07:13 UTC 2026","passed","Wed Sep 30 21:07:13 UTC 2026","audience","verify","",""
"","0","rewrites <conference room> attribute when child is present","mod_muc_domain_mapper","Wed Sep 30 21:07:13 UTC 2026","passed","Wed Sep 30 21:07:13 UTC 2026","iq stanzas","filter_stanza","",""
"","252","broadcasts a new poll to all occupants","mod_polls_component","Wed Sep 30 21:10:27 UTC 2026","passed","Wed Sep 30 21:10:27 UTC 2026","","poll creation","",""
"","1129","moderator cannot set blocked key ""allownersEnabled""","mod_room_metadata_component","Wed Sep 30 21:10:43 UTC 2026","passed","Wed Sep 30 21:10:44 UTC 2026","","blocked keys","",""
"","129","admin operations targeting a non-focus occupant are not blocked by this hook","mod_muc_meeting_id","Wed Sep 30 21:10:01 UTC 2026","passed","Wed Sep 30 21:10:01 UTC 2026","","set admin filtering","",""
"","0","broadcasts the moderation from the room jid","mod_muc_message_moderation","Wed Sep 30 21:07:13 UTC 2026","passed","Wed Sep 30 21:07:13 UTC 2026","","moderation by a moderator","",""
"","377","whitelisted occupants do not count against the limit for non-whitelisted users","mod_muc_max_occupants","Wed Sep 30 21:09:58 UTC 2026","passed","Wed Sep 30 21:09:59 UTC 2026","","whitelist","",""
"","0","context.user built from presence when jitsi_meet_context_user absent","mod_short_lived_token","Wed Sep 30 21:07:13 UTC 2026","passed","Wed Sep 30 21:07:13 UTC 2026","","generateToken payload","",""
"","169","returns 404 when brewery occupant has no stats element","mod_muc_jigasi_invite","Wed Sep 30 21:09:49 UTC 2026","passed","Wed Sep 30 21:09:49 UTC 2026","","jigasi invite","",""
"","0","returns true when feature value is the string 'true'","util.lib","Wed Sep 30 21:07:13 UTC 2026","passed","Wed Sep 30 21:07:13 UTC 2026","","is_feature_allowed","",""
"","0","returns false for nil prefixes","util.lib","Wed Sep 30 21:07:13 UTC 2026","passed","Wed Sep 30 21:07:13 UTC 2026","","starts_with_one_of","",""
"","194","non-moderator with transcription feature can set recording.isTranscribingEnabled","mod_room_metadata_component","Wed Sep 30 21:11:02 UTC 2026","passed","Wed Sep 30 21:11:02 UTC 2026","","allow-moderation hook (mod_filter_iq_rayo interop)","",""
"","94","returns 403 when token is expired","mod_muc_kick_participant","Wed Sep 30 21:09:50 UTC 2026","passed","Wed Sep 30 21:09:50 UTC 2026","","authentication","",""
"","0","marks the history entry as moderated by the sending occupant","mod_muc_message_moderation","Wed Sep 30 21:07:13 UTC 2026","passed","Wed Sep 30 21:07:13 UTC 2026","","moderation by a moderator","",""
"","132","sets token features on session for moderator with features","mod_jitsi_permissions","Wed Sep 30 21:09:06 UTC 2026","passed","Wed Sep 30 21:09:06 UTC 2026","","session features (via HTTP)","",""
"","148","moderator token holder is blocked by lobby, not bypassed by affiliation grant","mod_muc_lobby_rooms","Wed Sep 30 21:09:55 UTC 2026","passed","Wed Sep 30 21:09:56 UTC 2026","","token_affiliation interaction","",""
"","8","returns 400 when Content-Type is not application/json","mod_muc_jigasi_invite","Wed Sep 30 21:09:49 UTC 2026","passed","Wed Sep 30 21:09:49 UTC 2026","","parameter validation","",""
"","743","does not throttle outbound-call dials","mod_filter_iq_rayo (feature-based authorization)","Wed Sep 30 21:08:55 UTC 2026","passed","Wed Sep 30 21:08:55 UTC 2026","","transcription per-room throttle","",""
"","0","returns one element when there are no dots","luajwtjitsi","Wed Sep 30 21:07:13 UTC 2026","passed","Wed Sep 30 21:07:13 UTC 2026","split_token","internals","",""
"","65","focus can join a subdomain room","mod_muc_domain_mapper","Wed Sep 30 21:09:41 UTC 2026","passed","Wed Sep 30 21:09:41 UTC 2026","","subdomain room join","",""
"","5","rejects connection with wrong secret","mod_auth_jitsi-shared-secret","Wed Sep 30 21:08:03 UTC 2026","passed","Wed Sep 30 21:08:03 UTC 2026","","","",""
"","86","returns 400 when message is missing","mod_system_chat_message","Wed Sep 30 21:11:19 UTC 2026","passed","Wed Sep 30 21:11:20 UTC 2026","","parameter validation","",""
"","0","copies all key-value pairs","util.lib","Wed Sep 30 21:07:13 UTC 2026","passed","Wed Sep 30 21:07:13 UTC 2026","table_shallow_copy","table helpers","",""
"","1188","answer-poll with non-boolean answers is ignored","mod_polls_component","Wed Sep 30 21:10:33 UTC 2026","passed","Wed Sep 30 21:10:34 UTC 2026","","validation","",""
"","140","guest is admitted when a JWT host has already joined","mod_muc_wait_for_host","Wed Sep 30 21:10:26 UTC 2026","passed","Wed Sep 30 21:10:26 UTC 2026","","host present","",""
"","0","advertises the room info field either way","mod_muc_message_moderation","Wed Sep 30 21:07:13 UTC 2026","passed","Wed Sep 30 21:07:13 UTC 2026","","registration on the main prosody","",""
"","0","falls back to granted_jitsi_meet_context_group_id when context_group is nil","mod_jibri_session","Wed Sep 30 21:07:13 UTC 2026","passed","Wed Sep 30 21:07:13 UTC 2026","","client-to-jicofo pass (no room attr on jibri element)","",""
"","1189","new-poll with a missing question is ignored","mod_polls_component","Wed Sep 30 21:10:31 UTC 2026","passed","Wed Sep 30 21:10:33 UTC 2026","","validation","",""
"","0","preserves pre-existing file_recording_metadata fields","mod_jibri_session","Wed Sep 30 21:07:13 UTC 2026","passed","Wed Sep 30 21:07:13 UTC 2026","","client-to-jicofo pass (no room attr on jibri element)","",""
"","0","default filename embeds count (starting at 0)","mod_debug_traceback","Wed Sep 30 21:07:13 UTC 2026","passed","Wed Sep 30 21:07:13 UTC 2026","","dump_traceback()","",""
"","0","aud is set to requested audience","mod_short_lived_token","Wed Sep 30 21:07:13 UTC 2026","passed","Wed Sep 30 21:07:13 UTC 2026","","generateToken payload","",""
"","137","blocks join when token room claim does not match the room","mod_token_verification","Wed Sep 30 21:11:37 UTC 2026","passed","Wed Sep 30 21:11:37 UTC 2026","","join access control","",""
"","1149","moderator cannot set blocked key ""participants""","mod_room_metadata_component","Wed Sep 30 21:10:49 UTC 2026","passed","Wed Sep 30 21:10:50 UTC 2026","","blocked keys","",""
"","0","logs error and skips hook when issuer is absent","mod_short_lived_token","Wed Sep 30 21:07:13 UTC 2026","passed","Wed Sep 30 21:07:13 UTC 2026","","config validation","",""
"","0","combines subdomain with multi-part base domain","util.lib","Wed Sep 30 21:07:13 UTC 2026","passed","Wed Sep 30 21:07:13 UTC 2026","","build_room_address","",""
"","0","key passed to jwt.encode is the key read from key_path","mod_short_lived_token","Wed Sep 30 21:07:13 UTC 2026","passed","Wed Sep 30 21:07:13 UTC 2026","","generateToken payload","",""
"","428","blocks IQ when context.features present but transcription key absent","mod_filter_iq_rayo (feature-based authorization)","Wed Sep 30 21:08:50 UTC 2026","passed","Wed Sep 30 21:08:50 UTC 2026","","transcription (dial to jitsi_meet_transcribe)","",""
"","0","handles empty content","jwk.lib","Wed Sep 30 21:07:13 UTC 2026","passed","Wed Sep 30 21:07:13 UTC 2026","encode_sequence","ASN1","",""
"","441","blocks start IQ when context.features present but recording key absent","mod_filter_iq_jibri (feature-based authorization)","Wed Sep 30 21:08:36 UTC 2026","passed","Wed Sep 30 21:08:37 UTC 2026","","recording (recording_mode=file)","",""
"","441","strips arbitrary client-supplied headers","mod_filter_iq_rayo (feature-based authorization)","Wed Sep 30 21:08:55 UTC 2026","passed","Wed Sep 30 21:08:56 UTC 2026","","header stripping","",""
"","569","merges added entries and leaves earlier ones untouched","mod_audio_translation_component","Wed Sep 30 21:07:43 UTC 2026","passed","Wed Sep 30 21:07:44 UTC 2026","","delta semantics","",""
"","86","returns { valid: false } when submitted passcode does not match","mod_muc_password_check","Wed Sep 30 21:10:04 UTC 2026","passed","Wed Sep 30 21:10:04 UTC 2026","","PUT passcode validation","",""
"","0","non-string key returns error","luajwtjitsi","Wed Sep 30 21:07:13 UTC 2026","passed","Wed Sep 30 21:07:13 UTC 2026","argument validation","encode","",""
"","820","coalesces a burst of deltas into a single broadcast","mod_audio_translation_component","Wed Sep 30 21:07:57 UTC 2026","passed","Wed Sep 30 21:07:58 UTC 2026","","debounce","",""
"","442","blocks Start (recording_mode=file) when features.recording = false","mod_filter_iq_jibri (feature-based authorization)","Wed Sep 30 21:08:45 UTC 2026","passed","Wed Sep 30 21:08:46 UTC 2026","","attribute case normalisation","",""
"","6","returns 400 when phoneNo is missing","mod_muc_jigasi_invite","Wed Sep 30 21:09:49 UTC 2026","passed","Wed Sep 30 21:09:49 UTC 2026","","parameter validation","",""
"","0","fires debug_traceback/triggered event with a traceback string","mod_debug_traceback","Wed Sep 30 21:07:13 UTC 2026","passed","Wed Sep 30 21:07:13 UTC 2026","","dump_traceback()","",""
"","0","returns truthy for recorder@ prefixed JID string","util.lib","Wed Sep 30 21:07:13 UTC 2026","passed","Wed Sep 30 21:07:13 UTC 2026","","is_jibri","",""
"","0","leaves a correction to be replayed rather than rewriting history","mod_muc_message_moderation","Wed Sep 30 21:07:13 UTC 2026","passed","Wed Sep 30 21:07:13 UTC 2026","","visitor node history","",""
"","139","a kick (role=none by nick) targeting certain participant is rejected","mod_muc_meeting_id","Wed Sep 30 21:10:00 UTC 2026","passed","Wed Sep 30 21:10:00 UTC 2026","","set admin filtering","",""
"","26","query contains shard identity","mod_jiconop","Wed Sep 30 21:09:02 UTC 2026","passed","Wed Sep 30 21:09:02 UTC 2026","","","",""
"","0","announces it even when the message is not in the local history","mod_muc_message_moderation","Wed Sep 30 21:07:13 UTC 2026","passed","Wed Sep 30 21:07:13 UTC 2026","","visitor node history","",""
"","183","strips flip_device tag when the user is not already in the room","mod_muc_flip","Wed Sep 30 21:09:46 UTC 2026","passed","Wed Sep 30 21:09:47 UTC 2026","","flip_device tag stripping","",""
"","432","blocks IQ when token has no context.features (non-owner fallback)","mod_filter_iq_rayo (feature-based authorization)","Wed Sep 30 21:08:49 UTC 2026","passed","Wed Sep 30 21:08:49 UTC 2026","","outbound-call (dial to non-transcribe address)","",""
"","0","matches against a plain table of prefixes","util.lib","Wed Sep 30 21:07:13 UTC 2026","passed","Wed Sep 30 21:07:13 UTC 2026","","starts_with_one_of","",""
"","0","wildcard '*' matches any value","luajwtjitsi","Wed Sep 30 21:07:13 UTC 2026","passed","Wed Sep 30 21:07:13 UTC 2026","verify_claim","internals","",""
"","0","returns the JID unchanged when there is no subdomain","util.lib","Wed Sep 30 21:07:13 UTC 2026","passed","Wed Sep 30 21:07:13 UTC 2026","","room_jid_match_rewrite","",""
"","0","returns error for token with only two segments","luajwtjitsi","Wed Sep 30 21:07:13 UTC 2026","passed","Wed Sep 30 21:07:13 UTC 2026","parse_token","internals","",""
"","0","expired token is rejected","luajwtjitsi","Wed Sep 30 21:07:13 UTC 2026","passed","Wed Sep 30 21:07:13 UTC 2026","claims","verify","",""
"","0","returns false for an unmoderated room without a subdomain","util.lib","Wed Sep 30 21:07:13 UTC 2026","passed","Wed Sep 30 21:07:13 UTC 2026","","is_moderated","",""
"","1148","moderator cannot set blocked key ""recordingParams""","mod_room_metadata_component","Wed Sep 30 21:10:51 UTC 2026","passed","Wed Sep 30 21:10:52 UTC 2026","","blocked keys","",""
"","9","user without a token is allowed (ban check is a no-op)","mod_muc_auth_ban","Wed Sep 30 21:09:08 UTC 2026","passed","Wed Sep 30 21:09:08 UTC 2026","","","",""
"","0","rewrites an internal [sub]room JID back to pretty conference.sub.base/room form","util.lib","Wed Sep 30 21:07:13 UTC 2026","passed","Wed Sep 30 21:07:13 UTC 2026","","internal_room_jid_match_rewrite","",""
"","150","returns 200 and destroys the room","mod_muc_end_meeting","Wed Sep 30 21:09:43 UTC 2026","passed","Wed Sep 30 21:09:44 UTC 2026","","room termination","",""
"","433","blocks stop IQ when context.features present but livestreaming key absent","mod_filter_iq_jibri (feature-based authorization)","Wed Sep 30 21:08:42 UTC 2026","passed","Wed Sep 30 21:08:42 UTC 2026","","livestreaming (recording_mode=stream)","",""
"","212","clears granted features for a participant without a token","mod_jitsi_permissions","Wed Sep 30 21:09:03 UTC 2026","passed","Wed Sep 30 21:09:04 UTC 2026","","affiliation grant and revoke","",""
"","125","created_timestamp is set once a second occupant joins","mod_conference_duration","Wed Sep 30 21:08:18 UTC 2026","passed","Wed Sep 30 21:08:18 UTC 2026","","","",""
"","1695","ignores a token for another room while the session sits in a breakout room","mod_auth_token (claims on XEP-0198 resumption)","Wed Sep 30 21:08:10 UTC 2026","passed","Wed Sep 30 21:08:12 UTC 2026","","","",""
"","0","rejects a correction with no occupant on the event","mod_muc_message_moderation","Wed Sep 30 21:07:13 UTC 2026","passed","Wed Sep 30 21:07:13 UTC 2026","","correction author checks","",""
"","0","resumes accumulating after returning from silence","SpeakerStats","Wed Sep 30 21:07:13 UTC 2026","passed","Wed Sep 30 21:07:13 UTC 2026","","setDominantSpeaker","",""
"","0","encode then verify returns original payload","luajwtjitsi","Wed Sep 30 21:07:13 UTC 2026","passed","Wed Sep 30 21:07:13 UTC 2026","HS384","verify","",""
"","293","body-less private message is delivered even when privateChatRestricted is true","mod_filter_messages private messages","Wed Sep 30 21:09:02 UTC 2026","passed","Wed Sep 30 21:09:02 UTC 2026","","","",""
"","266","all occupants receive the broadcast","mod_room_metadata_component","Wed Sep 30 21:10:58 UTC 2026","passed","Wed Sep 30 21:10:59 UTC 2026","","broadcast delivery","",""
"","0","does not modify app_data when origin (session) is nil","mod_jibri_session","Wed Sep 30 21:07:13 UTC 2026","passed","Wed Sep 30 21:07:13 UTC 2026","","client-to-jicofo pass (no room attr on jibri element)","",""
"","0","returns false when feature is absent from table","util.lib","Wed Sep 30 21:07:13 UTC 2026","passed","Wed Sep 30 21:07:13 UTC 2026","","is_feature_allowed","",""
"","187","message is delivered when groupChatRestricted is not set","mod_filter_messages","Wed Sep 30 21:08:57 UTC 2026","passed","Wed Sep 30 21:08:57 UTC 2026","","","",""
"","144","disco#info to a subdomain room JID returns a result","mod_muc_domain_mapper","Wed Sep 30 21:09:43 UTC 2026","passed","Wed Sep 30 21:09:43 UTC 2026","","IQ routing","",""
"","0","removes the local entry for a retraction from main","mod_muc_message_moderation","Wed Sep 30 21:07:13 UTC 2026","passed","Wed Sep 30 21:07:13 UTC 2026","","visitor node history","",""
"","1131","non-moderator cannot update metadata","mod_room_metadata_component","Wed Sep 30 21:10:41 UTC 2026","passed","Wed Sep 30 21:10:42 UTC 2026","","authorization","",""
"","0","context.user taken from session when jitsi_meet_context_user present","mod_short_lived_token","Wed Sep 30 21:07:13 UTC 2026","passed","Wed Sep 30 21:07:13 UTC 2026","","generateToken payload","",""
"","0","no token — no affiliation set","mod_token_affiliation","Wed Sep 30 21:07:13 UTC 2026","passed","Wed Sep 30 21:07:13 UTC 2026","","skip conditions in muc-occupant-pre-join","",""
"","194","moderator can end the conference — room is destroyed","mod_end_conference","Wed Sep 30 21:08:18 UTC 2026","passed","Wed Sep 30 21:08:18 UTC 2026","","","",""
"","192","non-moderator with transcription feature can set recording.isRecordingRequested","mod_room_metadata_component","Wed Sep 30 21:11:02 UTC 2026","passed","Wed Sep 30 21:11:02 UTC 2026","","allow-moderation hook (mod_filter_iq_rayo interop)","",""
"","440","passes stop IQ when features.livestreaming = true","mod_filter_iq_jibri (feature-based authorization)","Wed Sep 30 21:08:41 UTC 2026","passed","Wed Sep 30 21:08:42 UTC 2026","","livestreaming (recording_mode=stream)","",""
"","0","sets conference_details.session_id from room meetingId","mod_jibri_session","Wed Sep 30 21:07:13 UTC 2026","passed","Wed Sep 30 21:07:13 UTC 2026","","jicofo-to-jibri pass (room attr present on jibri element)","",""
"","0","relays the correction untouched","mod_muc_message_moderation","Wed Sep 30 21:07:13 UTC 2026","passed","Wed Sep 30 21:07:13 UTC 2026","","correction by the author","",""
"","65","JWT authenticated user receives owner affiliation on join","mod_muc_wait_for_host","Wed Sep 30 21:10:26 UTC 2026","passed","Wed Sep 30 21:10:26 UTC 2026","","","",""
"","68","returns 403 when Authorization header is absent","mod_muc_kick_participant","Wed Sep 30 21:09:50 UTC 2026","passed","Wed Sep 30 21:09:50 UTC 2026","","authentication","",""
"","327","advertises an audio-translation component identity on the main host","mod_audio_translation_component","Wed Sep 30 21:07:33 UTC 2026","passed","Wed Sep 30 21:07:33 UTC 2026","","disco identity","",""
"","485","drops a language when its sole referencer switches away","mod_audio_translation_component","Wed Sep 30 21:07:52 UTC 2026","passed","Wed Sep 30 21:07:52 UTC 2026","","aggregation across receivers","",""
"","137","non-focus is blocked even when focus is already in the room","mod_muc_meeting_id","Wed Sep 30 21:10:03 UTC 2026","passed","Wed Sep 30 21:10:03 UTC 2026","","health check rooms","",""
"","0","registers only the visitor node hook, above mod_fmuc","mod_muc_message_moderation","Wed Sep 30 21:07:13 UTC 2026","passed","Wed Sep 30 21:07:13 UTC 2026","","registration","",""
"","437","blocks IQ when features.transcription = false","mod_filter_iq_rayo (feature-based authorization)","Wed Sep 30 21:08:50 UTC 2026","passed","Wed Sep 30 21:08:50 UTC 2026","","transcription (dial to jitsi_meet_transcribe)","",""
"","0","does not touch stanzas with no <conference> child","mod_muc_domain_mapper","Wed Sep 30 21:07:13 UTC 2026","passed","Wed Sep 30 21:07:13 UTC 2026","iq stanzas","filter_stanza","",""
"","0","never broadcasts, which would reach the remote occupants","mod_muc_message_moderation","Wed Sep 30 21:07:13 UTC 2026","passed","Wed Sep 30 21:07:13 UTC 2026","","visitor node history","",""
"","65","created_timestamp is absent before a second occupant joins","mod_conference_duration","Wed Sep 30 21:08:18 UTC 2026","passed","Wed Sep 30 21:08:18 UTC 2026","","","",""
"","1600","participant can join breakout room after smacks session resume","mod_muc_breakout_rooms","Wed Sep 30 21:09:19 UTC 2026","passed","Wed Sep 30 21:09:20 UTC 2026","","smacks session resume","",""
"","0","returns the target id with no reason","mod_muc_message_moderation","Wed Sep 30 21:07:13 UTC 2026","passed","Wed Sep 30 21:07:13 UTC 2026","","parse_moderation_request","",""
"","440","passes START (recording_mode=file) when features.recording = true","mod_filter_iq_jibri (feature-based authorization)","Wed Sep 30 21:08:46 UTC 2026","passed","Wed Sep 30 21:08:46 UTC 2026","","attribute case normalisation","",""
"","206","created_timestamp does not change when further occupants join","mod_conference_duration","Wed Sep 30 21:08:18 UTC 2026","passed","Wed Sep 30 21:08:18 UTC 2026","","","",""
"","68","returns 401 when Authorization header is absent","mod_system_chat_message","Wed Sep 30 21:11:19 UTC 2026","passed","Wed Sep 30 21:11:19 UTC 2026","","authentication","",""
"","1147","message with null ""data"" is ignored","mod_room_metadata_component","Wed Sep 30 21:11:18 UTC 2026","passed","Wed Sep 30 21:11:19 UTC 2026","","invalid payloads","",""
"","0","replaces the store hint so the retraction is not archived","mod_muc_message_moderation","Wed Sep 30 21:07:13 UTC 2026","passed","Wed Sep 30 21:07:13 UTC 2026","","retraction","",""
"","186","injects <identity> in presence updates (not only on join)","mod_presence_identity","Wed Sep 30 21:10:38 UTC 2026","passed","Wed Sep 30 21:10:38 UTC 2026","","identity injection","",""
"","194","moderator can set a non-blocked key","mod_room_metadata_component","Wed Sep 30 21:10:57 UTC 2026","passed","Wed Sep 30 21:10:57 UTC 2026","","blocked keys","",""
"","0","expires = now + ttl","mod_short_lived_token","Wed Sep 30 21:07:13 UTC 2026","passed","Wed Sep 30 21:07:13 UTC 2026","valid request service entry","external_service/credentials handler","",""
"","0","skips a retraction","mod_muc_message_moderation","Wed Sep 30 21:07:13 UTC 2026","passed","Wed Sep 30 21:07:13 UTC 2026","","skip_history","",""
"","63","health check room bypasses the occupant limit","mod_muc_max_occupants","Wed Sep 30 21:09:58 UTC 2026","passed","Wed Sep 30 21:09:58 UTC 2026","","","",""
"","144","includes displayName in the payload when provided","mod_system_chat_message","Wed Sep 30 21:11:20 UTC 2026","passed","Wed Sep 30 21:11:20 UTC 2026","","message delivery","",""
"","8","returns a parseable integer","mod_muc_size","Wed Sep 30 21:10:25 UTC 2026","passed","Wed Sep 30 21:10:25 UTC 2026","","GET /sessions","",""
"","0","reports modified values","util.lib","Wed Sep 30 21:07:13 UTC 2026","passed","Wed Sep 30 21:07:13 UTC 2026","table_compare","table helpers","",""
"","0","caches the result in room.is_vpaas","util.lib","Wed Sep 30 21:07:13 UTC 2026","passed","Wed Sep 30 21:07:13 UTC 2026","","is_vpaas","",""
"","0","ignores an ordinary message from main","mod_muc_message_moderation","Wed Sep 30 21:07:13 UTC 2026","passed","Wed Sep 30 21:07:13 UTC 2026","","visitor node history","",""
"","0","hooks muc-add-history","mod_muc_message_moderation","Wed Sep 30 21:07:13 UTC 2026","passed","Wed Sep 30 21:07:13 UTC 2026","","registration","",""
"","0","returns false for nil string","util.lib","Wed Sep 30 21:07:13 UTC 2026","passed","Wed Sep 30 21:07:13 UTC 2026","","ends_with","",""
"","182","granting owner is allowed","mod_muc_allowners","Wed Sep 30 21:09:08 UTC 2026","passed","Wed Sep 30 21:09:08 UTC 2026","","non-moderated room","",""
"","135","blocks join for moderator token scoped to a different room","mod_token_verification","Wed Sep 30 21:11:37 UTC 2026","passed","Wed Sep 30 21:11:37 UTC 2026","","join access control","",""
"","0","returns false for nil room","util.lib","Wed Sep 30 21:07:13 UTC 2026","passed","Wed Sep 30 21:07:13 UTC 2026","","is_vpaas","",""
"","0","plain /focus string returns true","util.lib","Wed Sep 30 21:07:13 UTC 2026","passed","Wed Sep 30 21:07:13 UTC 2026","","is_focus","",""
"","458","accepts subscriptions up to the limit","mod_audio_translation_component","Wed Sep 30 21:07:46 UTC 2026","passed","Wed Sep 30 21:07:47 UTC 2026","","per-receiver limit (3)","",""
"","242","history message contains <display-name> from nick for anonymous sender","mod_muc_displayname — message display-name handling","Wed Sep 30 21:09:41 UTC 2026","passed","Wed Sep 30 21:09:41 UTC 2026","","","",""
"","0","leaves the history entry for the original alone","mod_muc_message_moderation","Wed Sep 30 21:07:13 UTC 2026","passed","Wed Sep 30 21:07:13 UTC 2026","","correction by the author","",""
"","0","wildcard matches any value","luajwtjitsi","Wed Sep 30 21:07:13 UTC 2026","passed","Wed Sep 30 21:07:13 UTC 2026","issuer","verify","",""
"","0","returns true and room name for a moderated room (no subdomain)","util.lib","Wed Sep 30 21:07:13 UTC 2026","passed","Wed Sep 30 21:07:13 UTC 2026","","is_moderated","",""
"","491","moderator receives an update broadcast after creating a breakout room","mod_muc_breakout_rooms","Wed Sep 30 21:09:15 UTC 2026","passed","Wed Sep 30 21:09:15 UTC 2026","","create breakout room","",""
"","0","returns true and room/subdomain for a moderated subdomain","util.lib","Wed Sep 30 21:07:13 UTC 2026","passed","Wed Sep 30 21:07:13 UTC 2026","","is_moderated","",""
"","22","sets session.jitsi_meet_room from room claim","mod_auth_token (ASAP / RS256)","Wed Sep 30 21:08:03 UTC 2026","passed","Wed Sep 30 21:08:03 UTC 2026","","","",""
"","1139","non-moderator without features cannot set recording.isTranscribingEnabled","mod_room_metadata_component","Wed Sep 30 21:11:03 UTC 2026","passed","Wed Sep 30 21:11:04 UTC 2026","","allow-moderation hook (mod_filter_iq_rayo interop)","",""
"","5","returns 400 when Content-Type is not application/json","mod_system_chat_message","Wed Sep 30 21:11:19 UTC 2026","passed","Wed Sep 30 21:11:19 UTC 2026","","parameter validation","",""
"","0","preserves pre-existing top-level app_data keys","mod_jibri_session","Wed Sep 30 21:07:13 UTC 2026","passed","Wed Sep 30 21:07:13 UTC 2026","","jicofo-to-jibri pass (room attr present on jibri element)","",""
"","137","returns 200 and delivers the message to the recipient","mod_system_chat_message","Wed Sep 30 21:11:20 UTC 2026","passed","Wed Sep 30 21:11:20 UTC 2026","","message delivery","",""
"","137","a role demotion (role=participant) targeting certain participant is rejected","mod_muc_meeting_id","Wed Sep 30 21:10:01 UTC 2026","passed","Wed Sep 30 21:10:01 UTC 2026","","set admin filtering","",""
"","1196","message with no <room_metadata> child is ignored cleanly","mod_room_metadata_component","Wed Sep 30 21:11:09 UTC 2026","passed","Wed Sep 30 21:11:10 UTC 2026","","invalid payloads","",""
"","0","returns nil for nil email","util.lib","Wed Sep 30 21:07:13 UTC 2026","passed","Wed Sep 30 21:07:13 UTC 2026","","get_sip_jibri_email_prefix","",""
"","129","grants member affiliation and participant role for authenticated non-moderator","mod_token_affiliation","Wed Sep 30 21:11:35 UTC 2026","passed","Wed Sep 30 21:11:35 UTC 2026","","","",""
"","0","updates isSilent state","SpeakerStats","Wed Sep 30 21:07:13 UTC 2026","passed","Wed Sep 30 21:07:13 UTC 2026","","setDominantSpeaker","",""
"","301","moderator with no features in token is allowed when groupChatRestricted is true","mod_filter_messages","Wed Sep 30 21:08:58 UTC 2026","passed","Wed Sep 30 21:08:58 UTC 2026","","","",""
"","19","rejects connection with wrong issuer","mod_auth_token (ASAP / RS256)","Wed Sep 30 21:08:03 UTC 2026","passed","Wed Sep 30 21:08:03 UTC 2026","","","",""
"","0","context.group uses jitsi_meet_context_group when present","mod_short_lived_token","Wed Sep 30 21:07:13 UTC 2026","passed","Wed Sep 30 21:07:13 UTC 2026","","generateToken payload","",""
"","484","sends an empty JSON array when the last listener unsubscribes","mod_audio_translation_component","Wed Sep 30 21:08:00 UTC 2026","passed","Wed Sep 30 21:08:00 UTC 2026","","directed listeners push (translation-listeners)","",""
"","7","rejects connection with wrong secret","mod_auth_token (HS256 shared secret)","Wed Sep 30 21:08:04 UTC 2026","passed","Wed Sep 30 21:08:05 UTC 2026","","","",""
"","0","returns false for a regular nick","util.lib","Wed Sep 30 21:07:13 UTC 2026","passed","Wed Sep 30 21:07:13 UTC 2026","","is_focus_nick","",""
"","0","returns error or throws for token with invalid base64 header","luajwtjitsi","Wed Sep 30 21:07:13 UTC 2026","passed","Wed Sep 30 21:07:13 UTC 2026","parse_token","internals","",""
"","439","blocks stop IQ when features.livestreaming = false","mod_filter_iq_jibri (feature-based authorization)","Wed Sep 30 21:08:42 UTC 2026","passed","Wed Sep 30 21:08:42 UTC 2026","","livestreaming (recording_mode=stream)","",""
"","0","host is audience value","mod_short_lived_token","Wed Sep 30 21:07:13 UTC 2026","passed","Wed Sep 30 21:07:13 UTC 2026","valid request service entry","external_service/credentials handler","",""
"","9","rejects connection when token has no room claim","mod_token_verification","Wed Sep 30 21:11:37 UTC 2026","passed","Wed Sep 30 21:11:37 UTC 2026","","join access control","",""
"","149","returns 404 when no SIP-capable Jigasi is in the brewery","mod_muc_jigasi_invite","Wed Sep 30 21:09:49 UTC 2026","passed","Wed Sep 30 21:09:49 UTC 2026","","jigasi invite","",""
"","2","returns 400 when query string is missing","mod_muc_size","Wed Sep 30 21:10:25 UTC 2026","passed","Wed Sep 30 21:10:25 UTC 2026","","GET /room","",""
"","446","clears a sender when its listener leaves the room","mod_audio_translation_component","Wed Sep 30 21:08:00 UTC 2026","passed","Wed Sep 30 21:08:01 UTC 2026","","directed listeners push (translation-listeners)","",""
"","187","lets a moderator enable the feature","mod_audio_translation_component","Wed Sep 30 21:07:54 UTC 2026","passed","Wed Sep 30 21:07:54 UTC 2026","","enable-flag write gating (live-translation)","",""
"","441","omits JvbRoomPassword in forwarded IQ when not provided by client","mod_filter_iq_rayo (feature-based authorization)","Wed Sep 30 21:08:56 UTC 2026","passed","Wed Sep 30 21:08:57 UTC 2026","","JvbRoomPassword header","",""
"","84","returns { valid: true } when submitted passcode matches","mod_muc_password_check","Wed Sep 30 21:10:03 UTC 2026","passed","Wed Sep 30 21:10:04 UTC 2026","","PUT passcode validation","",""
"","674","tracks the limit independently per receiver","mod_audio_translation_component","Wed Sep 30 21:07:49 UTC 2026","passed","Wed Sep 30 21:07:50 UTC 2026","","per-receiver limit (3)","",""
"","0","extracts subdomain from vpaas magic cookie node","util.lib","Wed Sep 30 21:07:13 UTC 2026","passed","Wed Sep 30 21:07:13 UTC 2026","","extract_subdomain","",""
"","195","room.has_host is cached: guest is admitted after the host leaves","mod_muc_wait_for_host","Wed Sep 30 21:10:26 UTC 2026","passed","Wed Sep 30 21:10:27 UTC 2026","","host present","",""
"","119","strips a client-supplied <identity> when session has no context.user","mod_presence_identity","Wed Sep 30 21:10:38 UTC 2026","passed","Wed Sep 30 21:10:38 UTC 2026","","spoofing prevention","",""
"","0","tombstones the local entry for a moderation from main","mod_muc_message_moderation","Wed Sep 30 21:07:13 UTC 2026","passed","Wed Sep 30 21:07:13 UTC 2026","","visitor node history","",""
"","452","passes through a clean user-id unchanged (control)","mod_filter_iq_rayo — CRLF escaping in re-serialized headers","Wed Sep 30 21:10:40 UTC 2026","passed","Wed Sep 30 21:10:40 UTC 2026","","","",""
"","0","registers handler on s2s-check-certificate event","mod_certs_s2soutinjection","Wed Sep 30 21:07:13 UTC 2026","passed","Wed Sep 30 21:07:13 UTC 2026","","event wrapping","",""
"","0","returns false when string does not end with suffix","util.lib","Wed Sep 30 21:07:13 UTC 2026","passed","Wed Sep 30 21:07:13 UTC 2026","","ends_with","",""
"","120","blocks unauthenticated user from sending owner config IQ","mod_token_verification","Wed Sep 30 21:11:37 UTC 2026","passed","Wed Sep 30 21:11:37 UTC 2026","","token_verification_require_token_for_moderation","",""
"","0","does not log when error type is not 'cancel'","mod_muc_domain_mapper","Wed Sep 30 21:07:13 UTC 2026","passed","Wed Sep 30 21:07:13 UTC 2026","log_not_allowed_errors","filter_stanza","",""
"","730","restores the token features of a recipient that is in a breakout room","mod_jitsi_permissions","Wed Sep 30 21:09:05 UTC 2026","passed","Wed Sep 30 21:09:06 UTC 2026","","affiliation grant and revoke","",""
"","0","returns false when prefix is longer than string","util.lib","Wed Sep 30 21:07:13 UTC 2026","passed","Wed Sep 30 21:07:13 UTC 2026","","starts_with","",""
"","524","rejects a request whose target sender is not a current occupant","mod_audio_translation_component","Wed Sep 30 21:07:42 UTC 2026","passed","Wed Sep 30 21:07:43 UTC 2026","","validation (whole-stanza atomicity)","",""
"","447","XML attribute CRLF is normalised to spaces by expat before reaching Lua","mod_filter_iq_rayo — CRLF escaping in re-serialized headers","Wed Sep 30 21:10:40 UTC 2026","passed","Wed Sep 30 21:10:40 UTC 2026","","","",""
"","124","allows join with wildcard (*) room claim","mod_token_verification","Wed Sep 30 21:11:37 UTC 2026","passed","Wed Sep 30 21:11:37 UTC 2026","","join access control","",""
"","0","wildcard in mixed list still matches","luajwtjitsi","Wed Sep 30 21:07:13 UTC 2026","passed","Wed Sep 30 21:07:13 UTC 2026","verify_claim","internals","",""
"","4","returns 404 when room does not exist","mod_system_chat_message","Wed Sep 30 21:11:20 UTC 2026","passed","Wed Sep 30 21:11:20 UTC 2026","","room lookup","",""
"","0","falls back to granted_jitsi_meet_context_user_id when context_user is nil","mod_jibri_session","Wed Sep 30 21:07:13 UTC 2026","passed","Wed Sep 30 21:07:13 UTC 2026","","client-to-jicofo pass (no room attr on jibri element)","",""
"","7","assigns a UUID-based JID on anonymous connect","mod_auth_jitsi-anonymous","Wed Sep 30 21:08:03 UTC 2026","passed","Wed Sep 30 21:08:03 UTC 2026","","","",""
"","653","does not remove an occupant before authorizing the affiliation change","mod_muc_lobby_rooms","Wed Sep 30 21:09:56 UTC 2026","passed","Wed Sep 30 21:09:57 UTC 2026","","admin-set nick reservation","",""
"","69","allows a client from a whitelisted domain to join","mod_muc_filter_access","Wed Sep 30 21:09:44 UTC 2026","passed","Wed Sep 30 21:09:44 UTC 2026","","","",""
"","0","wraps bytes with OID tag 0x06","jwk.lib","Wed Sep 30 21:07:13 UTC 2026","passed","Wed Sep 30 21:07:13 UTC 2026","encode_oid","ASN1","",""
"","192","moderator startmuted presence updates metadata and broadcasts","mod_room_metadata_component","Wed Sep 30 21:10:59 UTC 2026","passed","Wed Sep 30 21:11:00 UTC 2026","","startMuted presence shim","",""
"","267","joining client receives current metadata","mod_room_metadata_component","Wed Sep 30 21:10:59 UTC 2026","passed","Wed Sep 30 21:10:59 UTC 2026","","initial metadata delivery","",""
"","0","marks cert valid when host is in s2s_connect_overrides","mod_certs_s2soutinjection","Wed Sep 30 21:07:13 UTC 2026","passed","Wed Sep 30 21:07:13 UTC 2026","","attach()","",""
"","3163","room destroyed while joins are queued does not crash the module","mod_muc_rate_limit","Wed Sep 30 21:10:17 UTC 2026","passed","Wed Sep 30 21:10:21 UTC 2026","","room destruction","",""
"","0","returns nil when searching for nil","util.lib","Wed Sep 30 21:07:13 UTC 2026","passed","Wed Sep 30 21:07:13 UTC 2026","table_find","table helpers","",""
"","0","authenticated non-moderator sets member affiliation, role unchanged","mod_token_affiliation","Wed Sep 30 21:07:13 UTC 2026","passed","Wed Sep 30 21:07:13 UTC 2026","","affiliation assignment","",""
"","0","alg mismatch between header and expectedAlgo is rejected","luajwtjitsi","Wed Sep 30 21:07:13 UTC 2026","passed","Wed Sep 30 21:07:13 UTC 2026","claims","verify","",""
"","654","clears listeners when disabled and restores them when re-enabled","mod_audio_translation_component","Wed Sep 30 21:08:02 UTC 2026","passed","Wed Sep 30 21:08:03 UTC 2026","","directed listeners push (translation-listeners)","",""
"","0","returns true for a room whose tenant starts with vpaas-magic-cookie-","util.lib","Wed Sep 30 21:07:13 UTC 2026","passed","Wed Sep 30 21:07:13 UTC 2026","","is_vpaas","",""
"","0","missing aud claim when acceptedAudiences provided is rejected","luajwtjitsi","Wed Sep 30 21:07:13 UTC 2026","passed","Wed Sep 30 21:07:13 UTC 2026","audience","verify","",""
"","133","rejects MUC join when the room does not match the regex room claim","mod_auth_token (ASAP / RS256)","Wed Sep 30 21:08:04 UTC 2026","passed","Wed Sep 30 21:08:04 UTC 2026","","","",""
"","170","allows a presence update that keeps the same resource","mod_muc_resource_validate","Wed Sep 30 21:10:24 UTC 2026","passed","Wed Sep 30 21:10:24 UTC 2026","","","",""
"","3","returns 200 with a room_census array","mod_muc_census","Wed Sep 30 21:09:22 UTC 2026","passed","Wed Sep 30 21:09:22 UTC 2026","","","",""
"","245","client with file-upload feature can add file","mod_filesharing_component","Wed Sep 30 21:08:28 UTC 2026","passed","Wed Sep 30 21:08:29 UTC 2026","","authorization","",""
"","0","returns nil when e is missing","jwk.lib","Wed Sep 30 21:07:13 UTC 2026","passed","Wed Sep 30 21:07:13 UTC 2026","","jwk_to_pem","",""
"","74","returns 401 when token is expired","mod_system_chat_message","Wed Sep 30 21:11:19 UTC 2026","passed","Wed Sep 30 21:11:19 UTC 2026","","authentication","",""
"","141","grants member affiliation when moderator=false","mod_token_affiliation","Wed Sep 30 21:11:35 UTC 2026","passed","Wed Sep 30 21:11:35 UTC 2026","","","",""
"","22","does not crash on connect with invalid Lua regex room claim","mod_auth_token (ASAP / RS256)","Wed Sep 30 21:08:03 UTC 2026","passed","Wed Sep 30 21:08:03 UTC 2026","","","",""
"","1376","allows a resource with underscore after the first character","mod_muc_resource_validate","Wed Sep 30 21:10:22 UTC 2026","passed","Wed Sep 30 21:10:23 UTC 2026","","","",""
"","0","does not nest a second marker when moderated twice","mod_muc_message_moderation","Wed Sep 30 21:07:13 UTC 2026","passed","Wed Sep 30 21:07:13 UTC 2026","","moderation attribution","",""
